level,slice,method,selection_scope,start_timestamp,end_timestamp,n,n_positive,prevalence,support_status,auc_pr,auc_roc,f1,brier,ece,adaptive_ece,nll
split,train,prevalence,not applicable,1497961441,1708407959,17021,6783,0.39850772575054344,PREVALENCE_ONLY,,,,,,,
split,validation,prevalence,not applicable,1708408439,1709182819,3647,308,0.08445297504798464,PREVALENCE_ONLY,,,,,,,
split,test,prevalence,not applicable,1709182969,1709251199,3648,107,0.029331140350877194,PREVALENCE_ONLY,,,,,,,
test_sequential_bin,test_bin_1,Best deterministic proposed (seed 37),maximum preserved validation AUC-PR,1709182969,1709211787,608,19,0.03125,COMPLETE,0.4413950584872009,0.9261906889464748,0.5853658536585366,0.05485115279940379,0.18282009068651311,0.1779343881536184,0.2472247875694586
test_sequential_bin,test_bin_1,"Best temporal baseline (tgat, seed 7)",maximum validation AUC-PR across TGN/TGAT runs,1709182969,1709211787,608,19,0.03125,COMPLETE,0.2883170771650578,0.8773121258153873,0.36363636363636365,0.04185414723918788,0.1121036625646459,0.11057423600562427,0.1862441220731065
test_sequential_bin,test_bin_1,Temperature-scaled proposed (seed 37),temperature fit on validation for selected proposed seed,1709182969,1709211787,608,19,0.03125,COMPLETE,0.4413950584872009,0.9261906889464748,0.5853658536585366,0.025629966076857705,0.05358610194821908,0.04588918593054002,0.11686528579853935
test_sequential_bin,test_bin_1,Deep Ensemble,five frozen proposed checkpoints,1709182969,1709211787,608,19,0.03125,COMPLETE,0.4125541100173968,0.9499597891162541,0.4444444444444444,0.052501734299679845,0.1784774760579013,0.17015824774211186,0.24063147370683535
test_sequential_bin,test_bin_1,MC Dropout Ensemble T=10,"five frozen proposed checkpoints, T=10 each",1709182969,1709211787,608,19,0.03125,COMPLETE,0.3862442087448844,0.9527298722187472,0.36363636363636365,0.04086338116911379,0.13850341491276322,0.13080215493249997,0.1976438649657755
test_sequential_bin,test_bin_2,Best deterministic proposed (seed 37),maximum preserved validation AUC-PR,1709211971,1709229155,608,39,0.06414473684210527,COMPLETE,0.5948213404335356,0.865666261096841,0.5294117647058824,0.06290444734961131,0.16130913387499998,0.14884017098026317,0.2644755843497145
test_sequential_bin,test_bin_2,"Best temporal baseline (tgat, seed 7)",maximum validation AUC-PR across TGN/TGAT runs,1709211971,1709229155,608,39,0.06414473684210527,COMPLETE,0.2945754512140531,0.866071830922446,0.18867924528301888,0.05871629916293303,0.08159645378978701,0.08203922757973865,0.2236474162169415
test_sequential_bin,test_bin_2,Temperature-scaled proposed (seed 37),temperature fit on validation for selected proposed seed,1709211971,1709229155,608,39,0.06414473684210527,COMPLETE,0.5948213404335356,0.865666261096841,0.5294117647058824,0.038923170377213545,0.03865088704043031,0.0399886872815037,0.1535687991982769
test_sequential_bin,test_bin_2,Deep Ensemble,five frozen proposed checkpoints,1709211971,1709229155,608,39,0.06414473684210527,COMPLETE,0.5718751533041424,0.8712991753413547,0.4838709677419355,0.06300455713353348,0.15400724799082244,0.14291109549740133,0.26531142834050836
test_sequential_bin,test_bin_2,MC Dropout Ensemble T=10,"five frozen proposed checkpoints, T=10 each",1709211971,1709229155,608,39,0.06414473684210527,COMPLETE,0.5403683279515519,0.8716146185390474,0.34615384615384615,0.05420459558973273,0.11799012176177631,0.10926224122888158,0.23115213813836258
test_sequential_bin,test_bin_3,Best deterministic proposed (seed 37),maximum preserved validation AUC-PR,1709229155,1709239895,608,17,0.027960526315789474,COMPLETE,0.48485477558636236,0.9223648850403104,0.5882352941176471,0.049124356954446,0.17153807635526316,0.16979211155263157,0.23222714893851912
test_sequential_bin,test_bin_3,"Best temporal baseline (tgat, seed 7)",maximum validation AUC-PR across TGN/TGAT runs,1709229155,1709239895,608,17,0.027960526315789474,COMPLETE,0.4099527530310956,0.9479446600975416,0.2608695652173913,0.03284446959855225,0.10485417175023985,0.09705718376100868,0.15888746018988142
test_sequential_bin,test_bin_3,Temperature-scaled proposed (seed 37),temperature fit on validation for selected proposed seed,1709229155,1709239895,608,17,0.027960526315789474,COMPLETE,0.48485477558636236,0.9223648850403104,0.5882352941176471,0.020803484601589574,0.04060190033013739,0.037681598879438005,0.09709279133208239
test_sequential_bin,test_bin_3,Deep Ensemble,five frozen proposed checkpoints,1709229155,1709239895,608,17,0.027960526315789474,COMPLETE,0.3960109937695017,0.9246541256096347,0.4375,0.04882520754560643,0.1710312714537829,0.16631284473667765,0.23149059822471207
test_sequential_bin,test_bin_3,MC Dropout Ensemble T=10,"five frozen proposed checkpoints, T=10 each",1709229155,1709239895,608,17,0.027960526315789474,COMPLETE,0.37139672308086585,0.91917985468299,0.2857142857142857,0.03735785222788525,0.13819850860526317,0.12722769919078947,0.18920739504346443
test_sequential_bin,test_bin_4,Best deterministic proposed (seed 37),maximum preserved validation AUC-PR,1709239919,1709246321,608,9,0.014802631578947368,COMPLETE,0.3924918729743291,0.9884993507698014,0.5,0.04800652759913564,0.18561126898717104,0.1839349854016447,0.23106719096213144
test_sequential_bin,test_bin_4,"Best temporal baseline (tgat, seed 7)",maximum validation AUC-PR across TGN/TGAT runs,1709239919,1709246321,608,9,0.014802631578947368,COMPLETE,0.16503626204713162,0.9508439992580227,0.0,0.02754025769017232,0.09930709556915404,0.099307095569154,0.1397246097731101
test_sequential_bin,test_bin_4,Temperature-scaled proposed (seed 37),temperature fit on validation for selected proposed seed,1709239919,1709246321,608,9,0.014802631578947368,COMPLETE,0.3924918729743291,0.9884993507698014,0.5,0.016232265322016617,0.050056983779669856,0.04715414476295322,0.08856203844342744
test_sequential_bin,test_bin_4,Deep Ensemble,five frozen proposed checkpoints,1709239919,1709246321,608,9,0.014802631578947368,COMPLETE,0.3701722741196425,0.9864589130031534,0.5,0.04313500655623342,0.17327757590662501,0.17116582147899342,0.21591185133981372
test_sequential_bin,test_bin_4,MC Dropout Ensemble T=10,"five frozen proposed checkpoints, T=10 each",1709239919,1709246321,608,9,0.014802631578947368,COMPLETE,0.33617970436454236,0.9838619922092376,0.35294117647058826,0.03133152930624314,0.13596306839718358,0.13179699525902566,0.1708125356940782
test_sequential_bin,test_bin_5,Best deterministic proposed (seed 37),maximum preserved validation AUC-PR,1709246323,1709249535,608,7,0.011513157894736841,COMPLETE,0.4449759461448355,0.724269075350606,0.5454545454545454,0.045327667950420474,0.18609804768092106,0.18418101661842104,0.22775688148373377
test_sequential_bin,test_bin_5,"Best temporal baseline (tgat, seed 7)",maximum validation AUC-PR across TGN/TGAT runs,1709246323,1709249535,608,7,0.011513157894736841,COMPLETE,0.2737109644344086,0.7718088899453291,0.36363636363636365,0.024751372214710198,0.0976565355759751,0.09562002230545893,0.13308132138575757
test_sequential_bin,test_bin_5,Temperature-scaled proposed (seed 37),temperature fit on validation for selected proposed seed,1709246323,1709249535,608,7,0.011513157894736841,COMPLETE,0.4449759461448355,0.724269075350606,0.5454545454545454,0.01118799328336372,0.03791376862600087,0.04103676165239052,0.07445104702033356
test_sequential_bin,test_bin_5,Deep Ensemble,five frozen proposed checkpoints,1709246323,1709249535,608,7,0.011513157894736841,COMPLETE,0.427260077874193,0.7432850011884953,0.4,0.0407852792222489,0.1765049008632829,0.17364458650842762,0.21491589217568835
test_sequential_bin,test_bin_5,MC Dropout Ensemble T=10,"five frozen proposed checkpoints, T=10 each",1709246323,1709249535,608,7,0.011513157894736841,COMPLETE,0.4054056439579386,0.7173758022343714,0.4444444444444444,0.02836142996038977,0.1344531773507237,0.13437790851519738,0.1685977742322981
test_sequential_bin,test_bin_6,Best deterministic proposed (seed 37),maximum preserved validation AUC-PR,1709249543,1709251199,608,16,0.02631578947368421,COMPLETE,0.739542001463391,0.9683277027027026,0.6060606060606061,0.04778448154076384,0.18255765310690789,0.18142981547532894,0.22933073303268894
test_sequential_bin,test_bin_6,"Best temporal baseline (tgat, seed 7)",maximum validation AUC-PR across TGN/TGAT runs,1709249543,1709251199,608,16,0.02631578947368421,COMPLETE,0.5598658575898783,0.9380278716216217,0.5925925925925926,0.02697562211786585,0.09197036238765573,0.08642258909860268,0.1378946366206771
test_sequential_bin,test_bin_6,Temperature-scaled proposed (seed 37),temperature fit on validation for selected proposed seed,1709249543,1709251199,608,16,0.02631578947368421,COMPLETE,0.739542001463391,0.9683277027027026,0.6060606060606061,0.017806395580562337,0.047109101883852755,0.042404613313946724,0.08557418740849017
test_sequential_bin,test_bin_6,Deep Ensemble,five frozen proposed checkpoints,1709249543,1709251199,608,16,0.02631578947368421,COMPLETE,0.7065343425564918,0.979518581081081,0.5806451612903226,0.045107859237835356,0.174431932255625,0.17424560329509867,0.22156305189840284
test_sequential_bin,test_bin_6,MC Dropout Ensemble T=10,"five frozen proposed checkpoints, T=10 each",1709249543,1709251199,608,16,0.02631578947368421,COMPLETE,0.7136459740440068,0.9812077702702703,0.6,0.03291220713446401,0.13846281267756577,0.13690708363151316,0.1778241792665684
