dataset,model,budget,metric,mean,sd,seeds
Ethereum,DOMINANT,0.01,precision,0.4896551724137931,0.0798333579502774,42;43;44;45;46
Ethereum,DOMINANT,0.01,recall,0.012053781053781064,0.0021824293569308274,42;43;44;45;46
Ethereum,DOMINANT,0.05,precision,0.5144827586206897,0.0594225082166566,42;43;44;45;46
Ethereum,DOMINANT,0.05,recall,0.06314582706330589,0.007911038477448633,42;43;44;45;46
Ethereum,AnomalyDAE,0.01,precision,0.26206896551724135,0.1245204833466744,42;43;44;45;46
Ethereum,AnomalyDAE,0.01,recall,0.006392281963926856,0.0030279536249473295,42;43;44;45;46
Ethereum,AnomalyDAE,0.05,precision,0.3117241379310345,0.1405543636177324,42;43;44;45;46
Ethereum,AnomalyDAE,0.05,recall,0.03813716673844694,0.017050695641968438,42;43;44;45;46
Ethereum,CoLA,0.01,precision,0.30344827586206896,0.045746548832488264,42;43;44;45;46
Ethereum,CoLA,0.01,recall,0.007416870373033004,0.000924458703439568,42;43;44;45;46
Ethereum,CoLA,0.05,precision,0.3779310344827586,0.034177963292038246,42;43;44;45;46
Ethereum,CoLA,0.05,recall,0.04631126067528006,0.003839994714547377,42;43;44;45;46
Ethereum,GADNR,0.01,precision,0.46206896551724136,0.060122744048836885,42;43;44;45;46
Ethereum,GADNR,0.01,recall,0.011349014968992764,0.0015935147644848076,42;43;44;45;46
Ethereum,GADNR,0.05,precision,0.4110344827586207,0.028800845541822204,42;43;44;45;46
Ethereum,GADNR,0.05,recall,0.050344490231595554,0.0024854852311714487,42;43;44;45;46
Ethereum,OCGNN,0.01,precision,0.3931034482758621,0.2098637800648681,42;43;44;45;46
Ethereum,OCGNN,0.01,recall,0.009766489716995844,0.005315796432350726,42;43;44;45;46
Ethereum,OCGNN,0.05,precision,0.5089655172413793,0.24066495278829972,42;43;44;45;46
Ethereum,OCGNN,0.05,recall,0.0632354759476089,0.03043737379282915,42;43;44;45;46
Ethereum,DLG-Base,0.01,precision,0.46896551724137925,0.09898413858211949,42;43;44;45;46
Ethereum,DLG-Base,0.01,recall,0.011532689100316655,0.002556943401511698,42;43;44;45;46
Ethereum,DLG-Base,0.05,precision,0.48,0.09155545807048879,42;43;44;45;46
Ethereum,DLG-Base,0.05,recall,0.05907095412678618,0.012357213271562953,42;43;44;45;46
Ethereum,DLG-Aug,0.01,precision,0.46206896551724136,0.10594683790163598,42;43;44;45;46
Ethereum,DLG-Aug,0.01,recall,0.011390622180973607,0.0028813989983952565,42;43;44;45;46
Ethereum,DLG-Aug,0.05,precision,0.5006896551724138,0.1827052622171976,42;43;44;45;46
Ethereum,DLG-Aug,0.05,recall,0.06197347464093881,0.024109738328958134,42;43;44;45;46
BSC,DOMINANT,0.01,precision,0.18666666666666668,0.04988876515698589,42;43;44;45;46
BSC,DOMINANT,0.01,recall,0.01259613548707374,0.0029374036296923706,42;43;44;45;46
BSC,DOMINANT,0.05,precision,0.2826666666666667,0.03200000000000001,42;43;44;45;46
BSC,DOMINANT,0.05,recall,0.09590560201626762,0.009150764174043764,42;43;44;45;46
BSC,AnomalyDAE,0.01,precision,0.38666666666666666,0.07774602526460402,42;43;44;45;46
BSC,AnomalyDAE,0.01,recall,0.02609625004773361,0.004185538306398703,42;43;44;45;46
BSC,AnomalyDAE,0.05,precision,0.45066666666666666,0.08105964881904353,42;43;44;45;46
BSC,AnomalyDAE,0.05,recall,0.15271203268797495,0.02480425278308385,42;43;44;45;46
BSC,CoLA,0.01,precision,0.05333333333333333,0.049888765156985884,42;43;44;45;46
BSC,CoLA,0.01,recall,0.003582120899683049,0.0031995734955291475,42;43;44;45;46
BSC,CoLA,0.05,precision,0.072,0.029933259094191526,42;43;44;45;46
BSC,CoLA,0.05,recall,0.024178313667086723,0.009162628002102912,42;43;44;45;46
BSC,GADNR,0.01,precision,0.17333333333333334,0.09043106644167023,42;43;44;45;46
BSC,GADNR,0.01,recall,0.011582178180012984,0.005495618961703038,42;43;44;45;46
BSC,GADNR,0.05,precision,0.16533333333333336,0.03537733109712427,42;43;44;45;46
BSC,GADNR,0.05,recall,0.055596479169053345,0.008610988668966908,42;43;44;45;46
BSC,OCGNN,0.01,precision,0.21333333333333332,0.10666666666666666,42;43;44;45;46
BSC,OCGNN,0.01,recall,0.014496028563791194,0.007038432595491403,42;43;44;45;46
BSC,OCGNN,0.05,precision,0.16,0.03864367132317184,42;43;44;45;46
BSC,OCGNN,0.05,recall,0.0545168404170008,0.013650128041189277,42;43;44;45;46
BSC,DLG-Base,0.01,precision,0.27999999999999997,0.13597385369580758,42;43;44;45;46
BSC,DLG-Base,0.01,recall,0.018706992018940695,0.008100818700378584,42;43;44;45;46
BSC,DLG-Base,0.05,precision,0.4133333333333333,0.057193628238739226,42;43;44;45;46
BSC,DLG-Base,0.05,recall,0.13967350211937224,0.01166101381388342,42;43;44;45;46
BSC,DLG-Aug,0.01,precision,0.30666666666666664,0.13727506854649335,42;43;44;45;46
BSC,DLG-Aug,0.01,recall,0.020732519952648264,0.00898386987837694,42;43;44;45;46
BSC,DLG-Aug,0.05,precision,0.4133333333333334,0.06746192341692543,42;43;44;45;46
BSC,DLG-Aug,0.05,recall,0.140212891892924,0.02113186814200496,42;43;44;45;46
Polygon,DOMINANT,0.01,precision,0.24,0.14966629547095767,42;43;44;45;46
Polygon,DOMINANT,0.01,recall,0.11143578643578644,0.09645606578273576,42;43;44;45;46
Polygon,DOMINANT,0.05,precision,0.10833333333333332,0.049999999999999996,42;43;44;45;46
Polygon,DOMINANT,0.05,recall,0.21017316017316015,0.06009178492399456,42;43;44;45;46
Polygon,AnomalyDAE,0.01,precision,0.36,0.08,42;43;44;45;46
Polygon,AnomalyDAE,0.01,recall,0.1566017316017316,0.04049419183883049,42;43;44;45;46
Polygon,AnomalyDAE,0.05,precision,0.15,0.05000000000000001,42;43;44;45;46
Polygon,AnomalyDAE,0.05,recall,0.2964105339105339,0.02299847918064769,42;43;44;45;46
Polygon,CoLA,0.01,precision,0.0,0.0,42;43;44;45;46
Polygon,CoLA,0.01,recall,0.0,0.0,42;43;44;45;46
Polygon,CoLA,0.05,precision,0.0,0.0,42;43;44;45;46
Polygon,CoLA,0.05,recall,0.0,0.0,42;43;44;45;46
Polygon,GADNR,0.01,precision,0.0,0.0,42;43;44;45;46
Polygon,GADNR,0.01,recall,0.0,0.0,42;43;44;45;46
Polygon,GADNR,0.05,precision,0.0,0.0,42;43;44;45;46
Polygon,GADNR,0.05,recall,0.0,0.0,42;43;44;45;46
Polygon,OCGNN,0.01,precision,0.04,0.08,42;43;44;45;46
Polygon,OCGNN,0.01,recall,0.02857142857142857,0.05714285714285714,42;43;44;45;46
Polygon,OCGNN,0.05,precision,0.058333333333333334,0.02041241452319315,42;43;44;45;46
Polygon,OCGNN,0.05,recall,0.1322691197691198,0.07876436208507558,42;43;44;45;46
Polygon,DLG-Base,0.01,precision,0.04,0.08,42;43;44;45;46
Polygon,DLG-Base,0.01,recall,0.01111111111111111,0.02222222222222222,42;43;44;45;46
Polygon,DLG-Base,0.05,precision,0.1,0.03333333333333333,42;43;44;45;46
Polygon,DLG-Base,0.05,recall,0.19839466089466087,0.04539353483522817,42;43;44;45;46
Polygon,DLG-Aug,0.01,precision,0.08,0.09797958971132713,42;43;44;45;46
Polygon,DLG-Aug,0.01,recall,0.02361111111111111,0.029000851413640415,42;43;44;45;46
Polygon,DLG-Aug,0.05,precision,0.08333333333333334,0.037267799624996496,42;43;44;45;46
Polygon,DLG-Aug,0.05,recall,0.16506132756132758,0.06067903640914926,42;43;44;45;46
