phase,sequence_id,event_id_hash,recovery_cursor,score_abs_diff,score_bit_identical,label_disagreement,accepted,state_version_equal
before,20,704b640801bc513d79f9e81dafdd26d755c39eb04ab40fb4fd7bc8a1e6b1e3c8,19,0.0,True,False,True,True
before,21,3067a3cdb75e5540bd43d897fe749a0d868a724239263ed8f7166666b5e64124,19,0.0,True,False,True,True
before,22,8a57c75bea807164a14eed966b135f285fc88f2e89b6caa0c0de970328eb3333,19,0.0,True,False,True,True
before,23,5ce0b2cbf2818175497591acd8337c0e17415f50a0049eedafe8fe791f5497f3,19,0.0,True,False,True,True
before,24,02bdb6cf8d91dc5b90bca1ee9d0d04c58c8f9824b8472e42a6e9884495e1422e,19,0.0,True,False,True,True
before,25,6aaaa1509442030bc8602908cd967049dd00eab733012e8941107ef0d00237e2,19,0.0,True,False,True,True
before,26,826dcb14ea264cbdd7ce4f2a3bd27fad70b308ccf847f81959bb1fb89acba883,19,0.0,True,False,True,True
before,27,6321f5dc68e8a60c906b9e6c675b3193ddb1c6d579cc817f93f85ea541b1331f,19,0.0,True,False,True,True
before,28,2b83352bcfe3efbf36ab68004fc8afb6a2123d3f9fb7583b40b367badd31378e,19,0.0,True,False,True,True
before,29,c5a3fea914bd85fe47c25fa42dc14eae3fe7c6b8c09a08077bbbce42312b2bc8,19,0.0,True,False,True,True
before,30,ef8f82789d901d6eafd116efd532ce64ccf8230c5ee233cef5c3a653f1ea6ebc,19,0.0,True,False,True,True
before,31,1c8b6ae88ac01e79606d6a1637e57c9899eefaaafc48a7fa41431485129e91b3,19,1.9471327480924394e-08,False,False,True,True
before,32,f4ea63957b31752b488b1b65ae7770e1f01934256d86a40d7bed177e571292c8,19,0.0,True,False,True,True
before,33,0c00243dc0b851ade3efe1a7aa0ec0f4bcff8eabf00c0f1feeda993d7749649b,19,0.0,True,False,True,True
before,34,71ab1e99033da5c1c160074e68fc43a43aad7f97aeec81bded04437555a04b06,19,0.0,True,False,True,True
before,35,b14aab8cf736387c95739b3d1c50f3c02f7df047d2f958ad8827ab5519e58394,19,9.757282384836863e-09,False,False,True,True
before,36,69f213c241d5319ef34c7a9967864afb47fd3fb98a4e26697f66ecb3d995d4cb,19,1.04488990099183e-08,False,False,True,True
before,37,cb2ea32c775696dd4c9cf5f4038cffcb9ddaa183a9f14609daffde1c4b3dd370,19,0.0,True,False,True,True
before,38,8567d40058d28d87ab2b00b3ba5624f9d178d1258071ad594cbcd57123bab7e1,19,0.0,True,False,True,True
before,39,0b7f5d5d277c641f12bfdb010173cb467235e62653e013089808dc36d1ebe3db,19,1.0463989494335912e-08,False,False,True,True
before,40,c804c3ae5be5d684ded7efcb6d1f063f119d4fe906a9d5656b2bbd8c6ed12792,19,1.072241218036396e-08,False,False,True,True
before,41,b5e66f8cde9fc6e90f7656da5582fdf2c5ee74f22179bb6e93542f648ad37722,19,0.0,True,False,True,True
before,42,2097b9af0b91cd6638dd0a4656a9517c135fa6b838bdf8ec22673db803010750,19,0.0,True,False,True,True
before,43,bd493a129e8e17b5d6fada2bff95d78ad1f56ebc1aa52f21be3dd41208dc9c81,19,0.0,True,False,True,True
before,44,aa0f7e02797df709f37caf66db8ccaaeab8912f5b4cf5b796dd2074e7b633191,19,0.0,True,False,True,True
before,45,d9c5a48563ab0a665b6951903d75f74a8c94e7d4494c4efae1822d51fed13b2f,19,0.0,True,False,True,True
before,46,39a90621ad0dd0571d8e4b63e5f601e2095bbf0e8bc3e4d360380df4ed29230c,19,0.0,True,False,True,True
before,47,b331e07b6cc810e20a1c336215e684708ac320b482f880570820a5dc228e4a01,19,0.0,True,False,True,True
before,48,01673927e2c195213f3e41e5bd82fc6f8d8e8e8b8e3bd191aa394fd89d719da9,19,0.0,True,False,True,True
before,49,913885ad3d5dc118f73a4621b197f1d5e8ca78aa6d839bb1d017913c38836012,19,0.0,True,False,True,True
before,50,218e0853c3147e17faf2b56b7a59441e22561381e9337864045f6aaf8b8edf9b,19,0.0,True,False,True,True
before,51,09c18ee476d2203e33e5ffea42694c5deb57f13dea5934f3e74f9c155b4c7a10,19,0.0,True,False,True,True
before,52,2a29b576f21c3d9cbf7786be88e65c15c8212b2d57e8921e6dedbf5e8d22de61,19,0.0,True,False,True,True
before,53,92aa3cc4a095dc3e8066bff4adfa61d62286a15d47b5b9b29d72b3f54cdb3bcc,19,0.0,True,False,True,True
before,54,5f034fbffb11e21ff2d04364fca655ac2ec4d7c954c9928045e7872de1ecd3a3,19,0.0,True,False,True,True
before,55,d8f8a79d4164e686cfe28db11d2bc1c046ace52cda5a11b43fd5bcad17a883b4,19,0.0,True,False,True,True
before,56,837fb477bcc4fe7e7ca06ccd4f45317b2618dbc8f8f194213ec897eaa2cae728,19,0.0,True,False,True,True
before,57,58f77d87e5ac3db3eca410602361b5a14d4bab9e5dac21aa0f0c1f0bd4101969,19,0.0,True,False,True,True
before,58,351e93976d56ec9140232fe603229fe1d9a0e7e438558fb4d70e432fb793ab89,19,7.730034196073987e-09,False,False,True,True
before,59,6b18d42e94bf41f6470f9ec64376eb757f0286dc969ba3a4125219d6629af4ae,19,0.0,True,False,True,True
during,20,704b640801bc513d79f9e81dafdd26d755c39eb04ab40fb4fd7bc8a1e6b1e3c8,19,0.0,True,False,True,True
during,21,3067a3cdb75e5540bd43d897fe749a0d868a724239263ed8f7166666b5e64124,19,0.0,True,False,True,True
during,22,8a57c75bea807164a14eed966b135f285fc88f2e89b6caa0c0de970328eb3333,19,0.0,True,False,True,True
during,23,5ce0b2cbf2818175497591acd8337c0e17415f50a0049eedafe8fe791f5497f3,19,0.0,True,False,True,True
during,24,02bdb6cf8d91dc5b90bca1ee9d0d04c58c8f9824b8472e42a6e9884495e1422e,19,0.0,True,False,True,True
during,25,6aaaa1509442030bc8602908cd967049dd00eab733012e8941107ef0d00237e2,19,0.0,True,False,True,True
during,26,826dcb14ea264cbdd7ce4f2a3bd27fad70b308ccf847f81959bb1fb89acba883,19,0.0,True,False,True,True
during,27,6321f5dc68e8a60c906b9e6c675b3193ddb1c6d579cc817f93f85ea541b1331f,19,0.0,True,False,True,True
during,28,2b83352bcfe3efbf36ab68004fc8afb6a2123d3f9fb7583b40b367badd31378e,19,0.0,True,False,True,True
during,29,c5a3fea914bd85fe47c25fa42dc14eae3fe7c6b8c09a08077bbbce42312b2bc8,19,0.0,True,False,True,True
during,30,ef8f82789d901d6eafd116efd532ce64ccf8230c5ee233cef5c3a653f1ea6ebc,19,0.0,True,False,True,True
during,31,1c8b6ae88ac01e79606d6a1637e57c9899eefaaafc48a7fa41431485129e91b3,19,9.735663303311881e-09,False,False,True,True
during,32,f4ea63957b31752b488b1b65ae7770e1f01934256d86a40d7bed177e571292c8,19,0.0,True,False,True,True
during,33,0c00243dc0b851ade3efe1a7aa0ec0f4bcff8eabf00c0f1feeda993d7749649b,19,0.0,True,False,True,True
during,34,71ab1e99033da5c1c160074e68fc43a43aad7f97aeec81bded04437555a04b06,19,0.0,True,False,True,True
during,35,b14aab8cf736387c95739b3d1c50f3c02f7df047d2f958ad8827ab5519e58394,19,0.0,True,False,True,True
during,36,69f213c241d5319ef34c7a9967864afb47fd3fb98a4e26697f66ecb3d995d4cb,19,1.04488990099183e-08,False,False,True,True
during,37,cb2ea32c775696dd4c9cf5f4038cffcb9ddaa183a9f14609daffde1c4b3dd370,19,0.0,True,False,True,True
during,38,8567d40058d28d87ab2b00b3ba5624f9d178d1258071ad594cbcd57123bab7e1,19,1.038899458127851e-08,False,False,True,True
during,39,0b7f5d5d277c641f12bfdb010173cb467235e62653e013089808dc36d1ebe3db,19,1.0463989494335912e-08,False,False,True,True
during,40,c804c3ae5be5d684ded7efcb6d1f063f119d4fe906a9d5656b2bbd8c6ed12792,19,1.072241313793132e-08,False,False,True,True
during,41,b5e66f8cde9fc6e90f7656da5582fdf2c5ee74f22179bb6e93542f648ad37722,19,2.0964850772076105e-08,False,False,True,True
during,42,2097b9af0b91cd6638dd0a4656a9517c135fa6b838bdf8ec22673db803010750,19,1.0961360541461573e-08,False,False,True,True
during,43,bd493a129e8e17b5d6fada2bff95d78ad1f56ebc1aa52f21be3dd41208dc9c81,19,0.0,True,False,True,True
during,44,aa0f7e02797df709f37caf66db8ccaaeab8912f5b4cf5b796dd2074e7b633191,19,0.0,True,False,True,True
during,45,d9c5a48563ab0a665b6951903d75f74a8c94e7d4494c4efae1822d51fed13b2f,19,0.0,True,False,True,True
during,46,39a90621ad0dd0571d8e4b63e5f601e2095bbf0e8bc3e4d360380df4ed29230c,19,0.0,True,False,True,True
during,47,b331e07b6cc810e20a1c336215e684708ac320b482f880570820a5dc228e4a01,19,0.0,True,False,True,True
during,48,01673927e2c195213f3e41e5bd82fc6f8d8e8e8b8e3bd191aa394fd89d719da9,19,0.0,True,False,True,True
during,49,913885ad3d5dc118f73a4621b197f1d5e8ca78aa6d839bb1d017913c38836012,19,0.0,True,False,True,True
during,50,218e0853c3147e17faf2b56b7a59441e22561381e9337864045f6aaf8b8edf9b,19,0.0,True,False,True,True
during,51,09c18ee476d2203e33e5ffea42694c5deb57f13dea5934f3e74f9c155b4c7a10,19,1.5513300755110038e-08,False,False,True,True
during,52,2a29b576f21c3d9cbf7786be88e65c15c8212b2d57e8921e6dedbf5e8d22de61,19,3.1007664241800015e-08,False,False,True,True
during,53,92aa3cc4a095dc3e8066bff4adfa61d62286a15d47b5b9b29d72b3f54cdb3bcc,19,0.0,True,False,True,True
during,54,5f034fbffb11e21ff2d04364fca655ac2ec4d7c954c9928045e7872de1ecd3a3,19,0.0,True,False,True,True
during,55,d8f8a79d4164e686cfe28db11d2bc1c046ace52cda5a11b43fd5bcad17a883b4,19,0.0,True,False,True,True
during,56,837fb477bcc4fe7e7ca06ccd4f45317b2618dbc8f8f194213ec897eaa2cae728,19,0.0,True,False,True,True
during,57,58f77d87e5ac3db3eca410602361b5a14d4bab9e5dac21aa0f0c1f0bd4101969,19,7.80466472005692e-09,False,False,True,True
during,58,351e93976d56ec9140232fe603229fe1d9a0e7e438558fb4d70e432fb793ab89,19,7.730034196073987e-09,False,False,True,True
during,59,6b18d42e94bf41f6470f9ec64376eb757f0286dc969ba3a4125219d6629af4ae,19,0.0,True,False,True,True
after,31,1c8b6ae88ac01e79606d6a1637e57c9899eefaaafc48a7fa41431485129e91b3,30,1.9471327480924394e-08,False,False,True,True
after,32,f4ea63957b31752b488b1b65ae7770e1f01934256d86a40d7bed177e571292c8,30,0.0,True,False,True,True
after,33,0c00243dc0b851ade3efe1a7aa0ec0f4bcff8eabf00c0f1feeda993d7749649b,30,0.0,True,False,True,True
after,34,71ab1e99033da5c1c160074e68fc43a43aad7f97aeec81bded04437555a04b06,30,0.0,True,False,True,True
after,35,b14aab8cf736387c95739b3d1c50f3c02f7df047d2f958ad8827ab5519e58394,30,0.0,True,False,True,True
after,36,69f213c241d5319ef34c7a9967864afb47fd3fb98a4e26697f66ecb3d995d4cb,30,0.0,True,False,True,True
after,37,cb2ea32c775696dd4c9cf5f4038cffcb9ddaa183a9f14609daffde1c4b3dd370,30,0.0,True,False,True,True
after,38,8567d40058d28d87ab2b00b3ba5624f9d178d1258071ad594cbcd57123bab7e1,30,1.038899458127851e-08,False,False,True,True
after,39,0b7f5d5d277c641f12bfdb010173cb467235e62653e013089808dc36d1ebe3db,30,0.0,True,False,True,True
after,40,c804c3ae5be5d684ded7efcb6d1f063f119d4fe906a9d5656b2bbd8c6ed12792,30,1.072241313793132e-08,False,False,True,True
after,41,b5e66f8cde9fc6e90f7656da5582fdf2c5ee74f22179bb6e93542f648ad37722,30,2.0964850772076105e-08,False,False,True,True
after,42,2097b9af0b91cd6638dd0a4656a9517c135fa6b838bdf8ec22673db803010750,30,0.0,True,False,True,True
after,43,bd493a129e8e17b5d6fada2bff95d78ad1f56ebc1aa52f21be3dd41208dc9c81,30,1.1637815419685005e-08,False,False,True,True
after,44,aa0f7e02797df709f37caf66db8ccaaeab8912f5b4cf5b796dd2074e7b633191,30,0.0,True,False,True,True
after,45,d9c5a48563ab0a665b6951903d75f74a8c94e7d4494c4efae1822d51fed13b2f,30,0.0,True,False,True,True
after,46,39a90621ad0dd0571d8e4b63e5f601e2095bbf0e8bc3e4d360380df4ed29230c,30,0.0,True,False,True,True
after,47,b331e07b6cc810e20a1c336215e684708ac320b482f880570820a5dc228e4a01,30,0.0,True,False,True,True
after,48,01673927e2c195213f3e41e5bd82fc6f8d8e8e8b8e3bd191aa394fd89d719da9,30,0.0,True,False,True,True
after,49,913885ad3d5dc118f73a4621b197f1d5e8ca78aa6d839bb1d017913c38836012,30,0.0,True,False,True,True
after,50,218e0853c3147e17faf2b56b7a59441e22561381e9337864045f6aaf8b8edf9b,30,0.0,True,False,True,True
after,51,09c18ee476d2203e33e5ffea42694c5deb57f13dea5934f3e74f9c155b4c7a10,30,0.0,True,False,True,True
after,52,2a29b576f21c3d9cbf7786be88e65c15c8212b2d57e8921e6dedbf5e8d22de61,30,3.1007664241800015e-08,False,False,True,True
after,53,92aa3cc4a095dc3e8066bff4adfa61d62286a15d47b5b9b29d72b3f54cdb3bcc,30,0.0,True,False,True,True
after,54,5f034fbffb11e21ff2d04364fca655ac2ec4d7c954c9928045e7872de1ecd3a3,30,0.0,True,False,True,True
after,55,d8f8a79d4164e686cfe28db11d2bc1c046ace52cda5a11b43fd5bcad17a883b4,30,0.0,True,False,True,True
after,56,837fb477bcc4fe7e7ca06ccd4f45317b2618dbc8f8f194213ec897eaa2cae728,30,0.0,True,False,True,True
after,57,58f77d87e5ac3db3eca410602361b5a14d4bab9e5dac21aa0f0c1f0bd4101969,30,7.80466472005692e-09,False,False,True,True
after,58,351e93976d56ec9140232fe603229fe1d9a0e7e438558fb4d70e432fb793ab89,30,0.0,True,False,True,True
after,59,6b18d42e94bf41f6470f9ec64376eb757f0286dc969ba3a4125219d6629af4ae,30,0.0,True,False,True,True
