sequence_id,synthetic,resident_contracts,capacity_evictions,rss_mib,state_payload_budget_bytes,state_serialized_bytes,elapsed_seconds
0,True,1,0,846.8203125,872,513,9.426399992662482e-05
500,True,501,0,847.015625,436872,40793,0.0018503799997233727
1000,True,1001,0,847.42578125,872872,81805,0.004463570000098116
1500,True,1501,0,847.8359375,1308872,123806,0.0073647589997563045
2000,True,2001,0,848.3203125,1744872,165816,0.010605033000047115
2500,True,2501,0,848.984375,2180872,207826,0.014337148999857163
3000,True,3001,0,849.65234375,2616872,249827,0.018730305999724806
3500,True,3501,0,850.65625,3052872,291837,0.024633903999983886
4000,True,4001,0,853.3671875,3488872,333847,0.030004950999682478
4500,True,4501,0,854.0859375,3924872,375848,0.03597105900007591
5000,True,5000,1,854.75390625,4360000,417781,0.04217594100009592
5500,True,5000,501,855.0234375,4360000,419508,0.04852443099980519
6000,True,5000,1001,855.23828125,4360000,420506,0.05494338099970264
6500,True,5000,1501,855.23828125,4360000,420506,0.06151455500003067
7000,True,5000,2001,855.23828125,4360000,420506,0.06819079299975783
7500,True,5000,2501,855.23828125,4360000,420506,0.0740529360000437
8000,True,5000,3001,855.2421875,4360000,420506,0.07992763899983402
8500,True,5000,3501,855.2421875,4360000,420506,0.08560833699993964
9000,True,5000,4001,855.2421875,4360000,420506,0.09173864500007767
9500,True,5000,4501,855.2421875,4360000,420506,0.09833258599974215
10000,True,5000,5001,855.24609375,4360000,420508,0.10495487199978015
10500,True,5000,5501,855.24609375,4360000,421508,0.11170581399983348
11000,True,5000,6001,855.24609375,4360000,422508,0.11803961599980539
11500,True,5000,6501,855.24609375,4360000,423508,0.12416059899987886
12000,True,5000,7001,855.7421875,4360000,424508,0.1300956860000042
12500,True,5000,7501,855.74609375,4360000,425508,0.13604295999994065
13000,True,5000,8001,855.74609375,4360000,426508,0.1424100350000117
13500,True,5000,8501,855.75,4360000,427508,0.14885500299988053
14000,True,5000,9001,855.75,4360000,428508,0.155436957999882
14500,True,5000,9501,855.75390625,4360000,429508,0.16200851099983993
15000,True,5000,10001,855.75390625,4360000,430506,0.16875917900006243
15500,True,5000,10501,855.75390625,4360000,430506,0.17529962799972054
16000,True,5000,11001,855.75390625,4360000,430506,0.18178464099992198
16500,True,5000,11501,855.75390625,4360000,430506,0.18839062500001091
17000,True,5000,12001,855.75390625,4360000,430506,0.19500397999991037
17500,True,5000,12501,855.75390625,4360000,430506,0.20172365899998113
18000,True,5000,13001,855.7578125,4360000,430506,0.2084640939997371
18500,True,5000,13501,855.7578125,4360000,430506,0.21503503999974782
19000,True,5000,14001,855.76171875,4360000,430506,0.22162626599993018
19500,True,5000,14501,855.76171875,4360000,430506,0.22824696599991512
20000,True,5000,15001,855.76171875,4360000,430506,0.2352078949998031
20500,True,5000,15501,855.76171875,4360000,430506,0.24185555999974895
21000,True,5000,16001,855.76171875,4360000,430506,0.24764023899979293
21500,True,5000,16501,855.76171875,4360000,430506,0.2533938839997063
22000,True,5000,17001,855.76171875,4360000,430506,0.2592143080000824
22500,True,5000,17501,855.76171875,4360000,430506,0.2653861829999187
23000,True,5000,18001,855.76171875,4360000,430506,0.27135601400004816
23500,True,5000,18501,855.765625,4360000,430506,0.2775767210000595
24000,True,5000,19001,855.765625,4360000,430506,0.2838378139999804
24500,True,5000,19501,855.765625,4360000,430506,0.2895800000001145
24999,True,5000,20000,855.765625,4360000,430506,0.29530677999991894
25000,True,5000,20001,855.765625,4360000,430506,0.3000136800001201
25500,True,5000,20501,855.76953125,4360000,430506,0.3062305999997079
26000,True,5000,21001,855.76953125,4360000,430506,0.31238548300007096
26500,True,5000,21501,855.76953125,4360000,430506,0.3186695859999418
27000,True,5000,22001,855.76953125,4360000,430506,0.32469128699995053
27500,True,5000,22501,855.76953125,4360000,430506,0.33081624099986584
28000,True,5000,23001,855.7734375,4360000,430506,0.3370484779998151
28500,True,5000,23501,855.7734375,4360000,430506,0.3432647019999422
29000,True,5000,24001,855.7734375,4360000,430506,0.3495590929996979
29500,True,5000,24501,855.7734375,4360000,430506,0.35600929099973655
30000,True,5000,25001,855.89453125,4360000,430506,0.3620733980001205
30500,True,5000,25501,855.89453125,4360000,430506,0.36824433799984035
31000,True,5000,26001,855.89453125,4360000,430506,0.3746069849999003
31500,True,5000,26501,855.89453125,4360000,430506,0.3808356859999549
32000,True,5000,27001,855.89453125,4360000,430506,0.3870887660000335
32500,True,5000,27501,855.8984375,4360000,430506,0.39310488799992527
33000,True,5000,28001,855.8984375,4360000,430506,0.39919995899981586
33500,True,5000,28501,855.8984375,4360000,430506,0.4055398890000106
34000,True,5000,29001,855.8984375,4360000,430506,0.4122431850000794
34500,True,5000,29501,855.8984375,4360000,430506,0.4192274429997269
35000,True,5000,30001,855.8984375,4360000,430506,0.4252095389997521
35500,True,5000,30501,855.8984375,4360000,430506,0.43119384500005253
36000,True,5000,31001,855.8984375,4360000,430506,0.43747915899984946
36500,True,5000,31501,855.8984375,4360000,430506,0.44356767999988733
37000,True,5000,32001,855.90234375,4360000,430506,0.4506312309999885
37500,True,5000,32501,855.90234375,4360000,430506,0.4572632239996892
38000,True,5000,33001,855.90234375,4360000,430506,0.46367006399987076
38500,True,5000,33501,855.90234375,4360000,430506,0.4696650870000667
39000,True,5000,34001,855.90234375,4360000,430506,0.4758557089999158
39500,True,5000,34501,855.90234375,4360000,430506,0.48231361499983905
40000,True,5000,35001,855.90234375,4360000,430506,0.489019270999961
40500,True,5000,35501,855.90234375,4360000,430506,0.49569498699975156
41000,True,5000,36001,855.90234375,4360000,430506,0.5026675849999265
41500,True,5000,36501,855.90234375,4360000,430506,0.5093744659998265
42000,True,5000,37001,855.90234375,4360000,430506,0.5159599449998495
42500,True,5000,37501,855.91015625,4360000,430506,0.5226451439998527
43000,True,5000,38001,855.91015625,4360000,430506,0.5293914270000641
43500,True,5000,38501,855.91015625,4360000,430506,0.5360262760000296
44000,True,5000,39001,855.91015625,4360000,430506,0.542699728000116
44500,True,5000,39501,855.91015625,4360000,430506,0.5492585319998398
45000,True,5000,40001,855.91015625,4360000,430506,0.5557796459997917
45500,True,5000,40501,855.91015625,4360000,430506,0.5624956789997668
46000,True,5000,41001,855.9140625,4360000,430506,0.569100509999771
46500,True,5000,41501,855.9140625,4360000,430506,0.575753830999929
47000,True,5000,42001,855.9140625,4360000,430506,0.5824073849998967
47500,True,5000,42501,855.9140625,4360000,430506,0.5890604799997163
48000,True,5000,43001,855.9140625,4360000,430506,0.5957183850000547
48500,True,5000,43501,855.9140625,4360000,430506,0.6023715110000012
49000,True,5000,44001,855.9140625,4360000,430506,0.6089231669998298
49500,True,5000,44501,855.9140625,4360000,430506,0.6155115269998532
50000,True,5000,45001,855.9140625,4360000,430506,0.622260912999991
50500,True,5000,45501,855.9140625,4360000,430506,0.628941124999983
51000,True,5000,46001,855.9140625,4360000,430506,0.6355841889999283
51500,True,5000,46501,855.9140625,4360000,430506,0.6413690379999935
52000,True,5000,47001,855.91796875,4360000,430506,0.647162594999827
52500,True,5000,47501,855.91796875,4360000,430506,0.6529977760001202
53000,True,5000,48001,855.91796875,4360000,430506,0.6590395429998352
53500,True,5000,48501,855.91796875,4360000,430506,0.6651135009997233
54000,True,5000,49001,855.91796875,4360000,430506,0.6711185039998782
54500,True,5000,49501,855.91796875,4360000,430506,0.6774121469998136
55000,True,5000,50001,855.921875,4360000,430506,0.6834542879996661
55500,True,5000,50501,855.921875,4360000,430506,0.6893560829998933
56000,True,5000,51001,855.921875,4360000,430506,0.695568763999745
56500,True,5000,51501,855.921875,4360000,430506,0.7022698020000462
57000,True,5000,52001,855.921875,4360000,430506,0.7085823570000684
57500,True,5000,52501,855.921875,4360000,430506,0.7144846559999678
58000,True,5000,53001,855.921875,4360000,430506,0.7204156089997014
58500,True,5000,53501,855.921875,4360000,430506,0.7263058569997156
59000,True,5000,54001,855.921875,4360000,430506,0.7327306369998041
59500,True,5000,54501,855.921875,4360000,430506,0.7389025359998413
60000,True,5000,55001,855.921875,4360000,430506,0.7450615759998982
60500,True,5000,55501,855.921875,4360000,430506,0.7513635079999403
61000,True,5000,56001,855.92578125,4360000,430506,0.7576218049998715
61500,True,5000,56501,855.92578125,4360000,430506,0.7637973789996977
62000,True,5000,57001,855.9296875,4360000,430506,0.7700576389997877
62500,True,5000,57501,855.9296875,4360000,430506,0.7763339220000489
63000,True,5000,58001,855.9296875,4360000,430506,0.7824988530001065
63500,True,5000,58501,855.9296875,4360000,430506,0.7887128839997786
64000,True,5000,59001,855.93359375,4360000,430506,0.7950095369997143
64500,True,5000,59501,855.93359375,4360000,430506,0.8013849059998392
65000,True,5000,60001,855.93359375,4360000,430506,0.807403869999689
65500,True,5000,60501,855.93359375,4360000,430506,0.8133764799999881
66000,True,5000,61001,855.93359375,4360000,432372,0.8192876049997722
66500,True,5000,61501,855.9375,4360000,434372,0.8251481199999944
67000,True,5000,62001,855.9375,4360000,436372,0.8311610569999175
67500,True,5000,62501,855.94140625,4360000,438372,0.8372148799999195
68000,True,5000,63001,855.94140625,4360000,440372,0.8435522949998813
68500,True,5000,63501,855.9453125,4360000,442372,0.8498385670000062
69000,True,5000,64001,855.9453125,4360000,444372,0.8560994189997473
69500,True,5000,64501,855.94921875,4360000,446372,0.862415750999844
70000,True,5000,65001,855.94921875,4360000,448372,0.8686843390000831
70500,True,5000,65501,855.953125,4360000,450372,0.8750557809999009
71000,True,5000,66001,855.953125,4360000,450514,0.881361699000081
71500,True,5000,66501,855.95703125,4360000,450514,0.8875602849998359
72000,True,5000,67001,855.95703125,4360000,450514,0.8937660429996868
72500,True,5000,67501,855.95703125,4360000,450514,0.8998908670000674
73000,True,5000,68001,855.9609375,4360000,450514,0.9062878790000468
73500,True,5000,68501,855.9609375,4360000,450514,0.9124060119997921
74000,True,5000,69001,855.9609375,4360000,450514,0.9187727419998737
74500,True,5000,69501,855.9609375,4360000,450514,0.9253188849997969
74999,True,5000,70000,855.9609375,4360000,450514,0.9313551019999977
