dataset,model,seed,run_id,tp,fp,fn,tn,precision,recall,f1
Ethereum,DOMINANT,42,ethereum_contract_clean_v1__DOMINANT__seed42,1128,1707,15,43,0.3978835978835979,0.9868766404199475,0.5671191553544495
Ethereum,DOMINANT,43,ethereum_contract_clean_v1__DOMINANT__seed43,1231,1545,15,102,0.4434438040345821,0.9879614767255217,0.6121332670313276
Ethereum,DOMINANT,44,ethereum_contract_clean_v1__DOMINANT__seed44,1153,1740,0,0,0.39854821984099553,1.0,0.5699456253089471
Ethereum,DOMINANT,45,ethereum_contract_clean_v1__DOMINANT__seed45,1175,1691,9,18,0.4099790648988137,0.9923986486486487,0.5802469135802469
Ethereum,DOMINANT,46,ethereum_contract_clean_v1__DOMINANT__seed46,1178,1659,11,45,0.4152273528375044,0.990748528174937,0.5851962245404868
Ethereum,AnomalyDAE,42,ethereum_contract_clean_v1__AnomalyDAE__seed42,1143,1749,0,1,0.39522821576763484,1.0,0.566542750929368
Ethereum,AnomalyDAE,43,ethereum_contract_clean_v1__AnomalyDAE__seed43,1190,1459,56,188,0.4492261230653077,0.9550561797752809,0.6110397946084724
Ethereum,AnomalyDAE,44,ethereum_contract_clean_v1__AnomalyDAE__seed44,1153,1740,0,0,0.39854821984099553,1.0,0.5699456253089471
Ethereum,AnomalyDAE,45,ethereum_contract_clean_v1__AnomalyDAE__seed45,1181,1688,3,21,0.4116416869989543,0.9974662162162162,0.5827781889958056
Ethereum,AnomalyDAE,46,ethereum_contract_clean_v1__AnomalyDAE__seed46,1187,1659,2,45,0.41707659873506675,0.9983179142136249,0.5883519206939282
Ethereum,CoLA,42,ethereum_contract_clean_v1__CoLA__seed42,1141,1741,2,9,0.39590562109646077,0.9982502187226596,0.5669565217391305
Ethereum,CoLA,43,ethereum_contract_clean_v1__CoLA__seed43,1239,1625,7,22,0.43261173184357543,0.9943820224719101,0.602919708029197
Ethereum,CoLA,44,ethereum_contract_clean_v1__CoLA__seed44,1146,1726,7,14,0.39902506963788303,0.9939288811795317,0.5694409937888198
Ethereum,CoLA,45,ethereum_contract_clean_v1__CoLA__seed45,1180,1698,4,11,0.4100069492703266,0.9966216216216216,0.5809945839487937
Ethereum,CoLA,46,ethereum_contract_clean_v1__CoLA__seed46,1178,1689,11,15,0.41088245552842695,0.990748528174937,0.5808678500986193
Ethereum,GADNR,42,ethereum_contract_clean_v1__GADNR__seed42,1141,1747,2,3,0.39508310249307477,0.9982502187226596,0.5661126271396676
Ethereum,GADNR,43,ethereum_contract_clean_v1__GADNR__seed43,1207,1533,39,114,0.4405109489051095,0.9686998394863563,0.6056196688409433
Ethereum,GADNR,44,ethereum_contract_clean_v1__GADNR__seed44,1109,1677,44,63,0.39806173725771715,0.9618386816999133,0.563087077938563
Ethereum,GADNR,45,ethereum_contract_clean_v1__GADNR__seed45,1184,1709,0,0,0.40926374006221916,1.0,0.5808192298258523
Ethereum,GADNR,46,ethereum_contract_clean_v1__GADNR__seed46,1189,1701,0,3,0.41141868512110724,1.0,0.5829860259867614
Ethereum,OCGNN,42,ethereum_contract_clean_v1__OCGNN__seed42,1086,1165,57,585,0.4824522434473567,0.9501312335958005,0.6399528579846788
Ethereum,OCGNN,43,ethereum_contract_clean_v1__OCGNN__seed43,1244,1647,2,0,0.4303009339328952,0.9983948635634029,0.6014019821126421
Ethereum,OCGNN,44,ethereum_contract_clean_v1__OCGNN__seed44,1044,711,109,1029,0.5948717948717949,0.9054640069384216,0.7180192572214581
Ethereum,OCGNN,45,ethereum_contract_clean_v1__OCGNN__seed45,1183,1709,1,0,0.4090594744121715,0.9991554054054054,0.5804710500490677
Ethereum,OCGNN,46,ethereum_contract_clean_v1__OCGNN__seed46,954,669,235,1035,0.5878003696857671,0.8023549201009251,0.6785206258890469
Ethereum,DLG-Base,42,ethereum_contract_clean_v1__DLG-Base__seed42,1093,1484,50,266,0.42413659293752426,0.9562554680664916,0.5876344086021505
Ethereum,DLG-Base,43,ethereum_contract_clean_v1__DLG-Base__seed43,1226,1564,20,83,0.43942652329749105,0.9839486356340289,0.6075322101090188
Ethereum,DLG-Base,44,ethereum_contract_clean_v1__DLG-Base__seed44,1132,1600,21,140,0.4143484626647145,0.981786643538595,0.5827541827541828
Ethereum,DLG-Base,45,ethereum_contract_clean_v1__DLG-Base__seed45,1167,1596,17,113,0.4223669923995657,0.9856418918918919,0.5913351912845198
Ethereum,DLG-Base,46,ethereum_contract_clean_v1__DLG-Base__seed46,1140,1571,49,133,0.4205090372556252,0.95878889823381,0.5846153846153846
Ethereum,DLG-Aug,42,ethereum_contract_clean_v1__DLG-Aug__seed42,1024,1264,119,486,0.44755244755244755,0.8958880139982502,0.5969105217137861
Ethereum,DLG-Aug,43,ethereum_contract_clean_v1__DLG-Aug__seed43,1199,1431,47,216,0.455893536121673,0.9622792937399679,0.6186790505675954
Ethereum,DLG-Aug,44,ethereum_contract_clean_v1__DLG-Aug__seed44,1138,1591,15,149,0.41700256504214,0.986990459670425,0.5862957238536837
Ethereum,DLG-Aug,45,ethereum_contract_clean_v1__DLG-Aug__seed45,1175,1588,9,121,0.42526239594643506,0.9923986486486487,0.5953889029642767
Ethereum,DLG-Aug,46,ethereum_contract_clean_v1__DLG-Aug__seed46,1182,1676,7,28,0.41357592722183345,0.9941126997476871,0.5841363973313566
BSC,DOMINANT,42,bsc_contract_clean_v1__DOMINANT__seed42,152,546,63,739,0.2177650429799427,0.7069767441860465,0.3329682365826944
BSC,DOMINANT,43,bsc_contract_clean_v1__DOMINANT__seed43,137,361,103,899,0.2751004016064257,0.5708333333333333,0.3712737127371274
BSC,DOMINANT,44,bsc_contract_clean_v1__DOMINANT__seed44,121,453,111,815,0.21080139372822299,0.521551724137931,0.3002481389578164
BSC,DOMINANT,45,bsc_contract_clean_v1__DOMINANT__seed45,126,532,89,753,0.19148936170212766,0.586046511627907,0.28865979381443296
BSC,DOMINANT,46,bsc_contract_clean_v1__DOMINANT__seed46,101,413,102,884,0.19649805447470817,0.4975369458128079,0.28172942817294283
BSC,AnomalyDAE,42,bsc_contract_clean_v1__AnomalyDAE__seed42,127,230,88,1055,0.3557422969187675,0.5906976744186047,0.44405594405594406
BSC,AnomalyDAE,43,bsc_contract_clean_v1__AnomalyDAE__seed43,101,116,139,1144,0.46543778801843316,0.42083333333333334,0.4420131291028446
BSC,AnomalyDAE,44,bsc_contract_clean_v1__AnomalyDAE__seed44,111,184,121,1084,0.376271186440678,0.47844827586206895,0.42125237191650855
BSC,AnomalyDAE,45,bsc_contract_clean_v1__AnomalyDAE__seed45,151,226,64,1059,0.4005305039787798,0.7023255813953488,0.5101351351351351
BSC,AnomalyDAE,46,bsc_contract_clean_v1__AnomalyDAE__seed46,145,258,58,1039,0.3598014888337469,0.7142857142857143,0.47854785478547857
BSC,CoLA,42,bsc_contract_clean_v1__CoLA__seed42,185,1102,30,183,0.14374514374514374,0.8604651162790697,0.24633821571238348
BSC,CoLA,43,bsc_contract_clean_v1__CoLA__seed43,225,1127,15,133,0.16642011834319526,0.9375,0.28266331658291455
BSC,CoLA,44,bsc_contract_clean_v1__CoLA__seed44,227,1226,5,42,0.15622849277357193,0.978448275862069,0.26943620178041544
BSC,CoLA,45,bsc_contract_clean_v1__CoLA__seed45,215,1279,0,6,0.14390896921017404,1.0,0.2516091281451141
BSC,CoLA,46,bsc_contract_clean_v1__CoLA__seed46,189,1178,14,119,0.13825896122896855,0.9310344827586207,0.24076433121019108
BSC,GADNR,42,bsc_contract_clean_v1__GADNR__seed42,197,1198,18,87,0.14121863799283155,0.9162790697674419,0.24472049689440994
BSC,GADNR,43,bsc_contract_clean_v1__GADNR__seed43,165,773,75,487,0.17590618336886993,0.6875,0.2801358234295416
BSC,GADNR,44,bsc_contract_clean_v1__GADNR__seed44,95,427,137,841,0.18199233716475097,0.40948275862068967,0.2519893899204244
BSC,GADNR,45,bsc_contract_clean_v1__GADNR__seed45,166,997,49,288,0.14273430782459157,0.772093023255814,0.2409288824383164
BSC,GADNR,46,bsc_contract_clean_v1__GADNR__seed46,149,855,54,442,0.14840637450199204,0.7339901477832512,0.24689312344656172
BSC,OCGNN,42,bsc_contract_clean_v1__OCGNN__seed42,194,827,21,458,0.19000979431929482,0.9023255813953488,0.313915857605178
BSC,OCGNN,43,bsc_contract_clean_v1__OCGNN__seed43,206,989,34,271,0.1723849372384937,0.8583333333333333,0.28710801393728225
BSC,OCGNN,44,bsc_contract_clean_v1__OCGNN__seed44,222,1213,10,55,0.15470383275261324,0.9568965517241379,0.2663467306538692
BSC,OCGNN,45,bsc_contract_clean_v1__OCGNN__seed45,107,532,108,753,0.1674491392801252,0.49767441860465117,0.2505854800936768
BSC,OCGNN,46,bsc_contract_clean_v1__OCGNN__seed46,177,932,26,365,0.15960324616771868,0.8719211822660099,0.2698170731707317
BSC,DLG-Base,42,bsc_contract_clean_v1__DLG-Base__seed42,136,227,79,1058,0.3746556473829201,0.6325581395348837,0.47058823529411764
BSC,DLG-Base,43,bsc_contract_clean_v1__DLG-Base__seed43,141,210,99,1050,0.4017094017094017,0.5875,0.47715736040609136
BSC,DLG-Base,44,bsc_contract_clean_v1__DLG-Base__seed44,132,209,100,1059,0.3870967741935484,0.5689655172413793,0.4607329842931937
BSC,DLG-Base,45,bsc_contract_clean_v1__DLG-Base__seed45,137,205,78,1080,0.40058479532163743,0.6372093023255814,0.4919210053859964
BSC,DLG-Base,46,bsc_contract_clean_v1__DLG-Base__seed46,105,181,98,1116,0.36713286713286714,0.5172413793103449,0.4294478527607362
BSC,DLG-Aug,42,bsc_contract_clean_v1__DLG-Aug__seed42,151,310,64,975,0.3275488069414317,0.7023255813953488,0.4467455621301775
BSC,DLG-Aug,43,bsc_contract_clean_v1__DLG-Aug__seed43,144,236,96,1024,0.37894736842105264,0.6,0.4645161290322581
BSC,DLG-Aug,44,bsc_contract_clean_v1__DLG-Aug__seed44,103,159,129,1109,0.3931297709923664,0.44396551724137934,0.41700404858299595
BSC,DLG-Aug,45,bsc_contract_clean_v1__DLG-Aug__seed45,134,192,81,1093,0.4110429447852761,0.6232558139534884,0.4953789279112754
BSC,DLG-Aug,46,bsc_contract_clean_v1__DLG-Aug__seed46,113,194,90,1103,0.36807817589576547,0.5566502463054187,0.44313725490196076
Polygon,DOMINANT,42,polygon_contract_clean_v1__DOMINANT__seed42,4,11,12,444,0.26666666666666666,0.25,0.25806451612903225
Polygon,DOMINANT,43,polygon_contract_clean_v1__DOMINANT__seed43,2,6,9,454,0.25,0.18181818181818182,0.21052631578947367
Polygon,DOMINANT,44,polygon_contract_clean_v1__DOMINANT__seed44,2,5,5,459,0.2857142857142857,0.2857142857142857,0.2857142857142857
Polygon,DOMINANT,45,polygon_contract_clean_v1__DOMINANT__seed45,4,8,14,445,0.3333333333333333,0.2222222222222222,0.26666666666666666
Polygon,DOMINANT,46,polygon_contract_clean_v1__DOMINANT__seed46,1,13,8,449,0.07142857142857142,0.1111111111111111,0.08695652173913043
Polygon,AnomalyDAE,42,polygon_contract_clean_v1__AnomalyDAE__seed42,5,16,11,439,0.23809523809523808,0.3125,0.2702702702702703
Polygon,AnomalyDAE,43,polygon_contract_clean_v1__AnomalyDAE__seed43,3,17,8,443,0.15,0.2727272727272727,0.1935483870967742
Polygon,AnomalyDAE,44,polygon_contract_clean_v1__AnomalyDAE__seed44,1,6,6,458,0.14285714285714285,0.14285714285714285,0.14285714285714285
Polygon,AnomalyDAE,45,polygon_contract_clean_v1__AnomalyDAE__seed45,2,5,16,448,0.2857142857142857,0.1111111111111111,0.16
Polygon,AnomalyDAE,46,polygon_contract_clean_v1__AnomalyDAE__seed46,3,9,6,453,0.25,0.3333333333333333,0.2857142857142857
Polygon,CoLA,42,polygon_contract_clean_v1__CoLA__seed42,12,378,4,77,0.03076923076923077,0.75,0.059113300492610835
Polygon,CoLA,43,polygon_contract_clean_v1__CoLA__seed43,10,433,1,27,0.022573363431151242,0.9090909090909091,0.04405286343612335
Polygon,CoLA,44,polygon_contract_clean_v1__CoLA__seed44,0,60,7,404,0.0,0.0,0.0
Polygon,CoLA,45,polygon_contract_clean_v1__CoLA__seed45,0,17,18,436,0.0,0.0,0.0
Polygon,CoLA,46,polygon_contract_clean_v1__CoLA__seed46,1,47,8,415,0.020833333333333332,0.1111111111111111,0.03508771929824561
Polygon,GADNR,42,polygon_contract_clean_v1__GADNR__seed42,1,80,15,375,0.012345679012345678,0.0625,0.020618556701030927
Polygon,GADNR,43,polygon_contract_clean_v1__GADNR__seed43,3,149,8,311,0.019736842105263157,0.2727272727272727,0.03680981595092025
Polygon,GADNR,44,polygon_contract_clean_v1__GADNR__seed44,0,51,7,413,0.0,0.0,0.0
Polygon,GADNR,45,polygon_contract_clean_v1__GADNR__seed45,0,6,18,447,0.0,0.0,0.0
Polygon,GADNR,46,polygon_contract_clean_v1__GADNR__seed46,6,312,3,150,0.018867924528301886,0.6666666666666666,0.03669724770642202
Polygon,OCGNN,42,polygon_contract_clean_v1__OCGNN__seed42,4,60,12,395,0.0625,0.25,0.1
Polygon,OCGNN,43,polygon_contract_clean_v1__OCGNN__seed43,1,26,10,434,0.037037037037037035,0.09090909090909091,0.05263157894736842
Polygon,OCGNN,44,polygon_contract_clean_v1__OCGNN__seed44,0,0,7,464,0.0,0.0,0.0
Polygon,OCGNN,45,polygon_contract_clean_v1__OCGNN__seed45,0,5,18,448,0.0,0.0,0.0
Polygon,OCGNN,46,polygon_contract_clean_v1__OCGNN__seed46,7,290,2,172,0.02356902356902357,0.7777777777777778,0.0457516339869281
Polygon,DLG-Base,42,polygon_contract_clean_v1__DLG-Base__seed42,3,22,13,433,0.12,0.1875,0.14634146341463414
Polygon,DLG-Base,43,polygon_contract_clean_v1__DLG-Base__seed43,2,14,9,446,0.125,0.18181818181818182,0.14814814814814814
Polygon,DLG-Base,44,polygon_contract_clean_v1__DLG-Base__seed44,3,31,4,433,0.08823529411764706,0.42857142857142855,0.14634146341463414
Polygon,DLG-Base,45,polygon_contract_clean_v1__DLG-Base__seed45,8,82,10,371,0.08888888888888889,0.4444444444444444,0.14814814814814814
Polygon,DLG-Base,46,polygon_contract_clean_v1__DLG-Base__seed46,2,59,7,403,0.03278688524590164,0.2222222222222222,0.05714285714285714
Polygon,DLG-Aug,42,polygon_contract_clean_v1__DLG-Aug__seed42,3,26,13,429,0.10344827586206896,0.1875,0.13333333333333333
Polygon,DLG-Aug,43,polygon_contract_clean_v1__DLG-Aug__seed43,0,17,11,443,0.0,0.0,0.0
Polygon,DLG-Aug,44,polygon_contract_clean_v1__DLG-Aug__seed44,3,81,4,383,0.03571428571428571,0.42857142857142855,0.06593406593406594
Polygon,DLG-Aug,45,polygon_contract_clean_v1__DLG-Aug__seed45,2,27,16,426,0.06896551724137931,0.1111111111111111,0.0851063829787234
Polygon,DLG-Aug,46,polygon_contract_clean_v1__DLG-Aug__seed46,3,52,6,410,0.05454545454545454,0.3333333333333333,0.09375
