dataset,model,seed,run_id,threshold_kind,threshold,source,candidate_rule,tie_rule,validation_total,validation_positive
Ethereum,DOMINANT,42,ethereum_contract_clean_v1__DOMINANT__seed42,finite,1.7521079778671265,validation,distinct raw scores plus reject_all,largest threshold,2893,1193
Ethereum,DOMINANT,43,ethereum_contract_clean_v1__DOMINANT__seed43,finite,1.7063519954681396,validation,distinct raw scores plus reject_all,largest threshold,2893,1192
Ethereum,DOMINANT,44,ethereum_contract_clean_v1__DOMINANT__seed44,finite,1.457024335861206,validation,distinct raw scores plus reject_all,largest threshold,2893,1237
Ethereum,DOMINANT,45,ethereum_contract_clean_v1__DOMINANT__seed45,finite,1.6244564056396484,validation,distinct raw scores plus reject_all,largest threshold,2893,1221
Ethereum,DOMINANT,46,ethereum_contract_clean_v1__DOMINANT__seed46,finite,1.6291083097457886,validation,distinct raw scores plus reject_all,largest threshold,2893,1242
Ethereum,AnomalyDAE,42,ethereum_contract_clean_v1__AnomalyDAE__seed42,finite,27.429086685180664,validation,distinct raw scores plus reject_all,largest threshold,2893,1193
Ethereum,AnomalyDAE,43,ethereum_contract_clean_v1__AnomalyDAE__seed43,finite,31.069475173950195,validation,distinct raw scores plus reject_all,largest threshold,2893,1192
Ethereum,AnomalyDAE,44,ethereum_contract_clean_v1__AnomalyDAE__seed44,finite,30.163375854492188,validation,distinct raw scores plus reject_all,largest threshold,2893,1237
Ethereum,AnomalyDAE,45,ethereum_contract_clean_v1__AnomalyDAE__seed45,finite,29.633373260498047,validation,distinct raw scores plus reject_all,largest threshold,2893,1221
Ethereum,AnomalyDAE,46,ethereum_contract_clean_v1__AnomalyDAE__seed46,finite,30.421539306640625,validation,distinct raw scores plus reject_all,largest threshold,2893,1242
Ethereum,CoLA,42,ethereum_contract_clean_v1__CoLA__seed42,finite,-32.54192352294922,validation,distinct raw scores plus reject_all,largest threshold,2893,1193
Ethereum,CoLA,43,ethereum_contract_clean_v1__CoLA__seed43,finite,-27.662561416625977,validation,distinct raw scores plus reject_all,largest threshold,2893,1192
Ethereum,CoLA,44,ethereum_contract_clean_v1__CoLA__seed44,finite,-29.098960876464844,validation,distinct raw scores plus reject_all,largest threshold,2893,1237
Ethereum,CoLA,45,ethereum_contract_clean_v1__CoLA__seed45,finite,-31.720996856689453,validation,distinct raw scores plus reject_all,largest threshold,2893,1221
Ethereum,CoLA,46,ethereum_contract_clean_v1__CoLA__seed46,finite,-24.028003692626953,validation,distinct raw scores plus reject_all,largest threshold,2893,1242
Ethereum,GADNR,42,ethereum_contract_clean_v1__GADNR__seed42,finite,0.02074500173330307,validation,distinct raw scores plus reject_all,largest threshold,2893,1193
Ethereum,GADNR,43,ethereum_contract_clean_v1__GADNR__seed43,finite,0.04771197959780693,validation,distinct raw scores plus reject_all,largest threshold,2893,1192
Ethereum,GADNR,44,ethereum_contract_clean_v1__GADNR__seed44,finite,0.03672909736633301,validation,distinct raw scores plus reject_all,largest threshold,2893,1237
Ethereum,GADNR,45,ethereum_contract_clean_v1__GADNR__seed45,finite,0.10198545455932617,validation,distinct raw scores plus reject_all,largest threshold,2893,1221
Ethereum,GADNR,46,ethereum_contract_clean_v1__GADNR__seed46,finite,0.04856618121266365,validation,distinct raw scores plus reject_all,largest threshold,2893,1242
Ethereum,OCGNN,42,ethereum_contract_clean_v1__OCGNN__seed42,finite,-5.227743148803711,validation,distinct raw scores plus reject_all,largest threshold,2893,1193
Ethereum,OCGNN,43,ethereum_contract_clean_v1__OCGNN__seed43,finite,-5.80662202835083,validation,distinct raw scores plus reject_all,largest threshold,2893,1192
Ethereum,OCGNN,44,ethereum_contract_clean_v1__OCGNN__seed44,finite,-4.25192928314209,validation,distinct raw scores plus reject_all,largest threshold,2893,1237
Ethereum,OCGNN,45,ethereum_contract_clean_v1__OCGNN__seed45,finite,-5.77048921585083,validation,distinct raw scores plus reject_all,largest threshold,2893,1221
Ethereum,OCGNN,46,ethereum_contract_clean_v1__OCGNN__seed46,finite,-3.1589391231536865,validation,distinct raw scores plus reject_all,largest threshold,2893,1242
Ethereum,DLG-Base,42,ethereum_contract_clean_v1__DLG-Base__seed42,finite,2.3197782039642334,validation,distinct raw scores plus reject_all,largest threshold,2893,1193
Ethereum,DLG-Base,43,ethereum_contract_clean_v1__DLG-Base__seed43,finite,1.7952980995178223,validation,distinct raw scores plus reject_all,largest threshold,2893,1192
Ethereum,DLG-Base,44,ethereum_contract_clean_v1__DLG-Base__seed44,finite,1.8773729801177979,validation,distinct raw scores plus reject_all,largest threshold,2893,1237
Ethereum,DLG-Base,45,ethereum_contract_clean_v1__DLG-Base__seed45,finite,1.8577479124069214,validation,distinct raw scores plus reject_all,largest threshold,2893,1221
Ethereum,DLG-Base,46,ethereum_contract_clean_v1__DLG-Base__seed46,finite,1.922197699546814,validation,distinct raw scores plus reject_all,largest threshold,2893,1242
Ethereum,DLG-Aug,42,ethereum_contract_clean_v1__DLG-Aug__seed42,finite,2.9850826263427734,validation,distinct raw scores plus reject_all,largest threshold,2893,1193
Ethereum,DLG-Aug,43,ethereum_contract_clean_v1__DLG-Aug__seed43,finite,2.292695999145508,validation,distinct raw scores plus reject_all,largest threshold,2893,1192
Ethereum,DLG-Aug,44,ethereum_contract_clean_v1__DLG-Aug__seed44,finite,2.143913745880127,validation,distinct raw scores plus reject_all,largest threshold,2893,1237
Ethereum,DLG-Aug,45,ethereum_contract_clean_v1__DLG-Aug__seed45,finite,2.2335665225982666,validation,distinct raw scores plus reject_all,largest threshold,2893,1221
Ethereum,DLG-Aug,46,ethereum_contract_clean_v1__DLG-Aug__seed46,finite,1.8303260803222656,validation,distinct raw scores plus reject_all,largest threshold,2893,1242
BSC,DOMINANT,42,bsc_contract_clean_v1__DOMINANT__seed42,finite,1.826329231262207,validation,distinct raw scores plus reject_all,largest threshold,1500,227
BSC,DOMINANT,43,bsc_contract_clean_v1__DOMINANT__seed43,finite,1.878047227859497,validation,distinct raw scores plus reject_all,largest threshold,1500,218
BSC,DOMINANT,44,bsc_contract_clean_v1__DOMINANT__seed44,finite,1.7803819179534912,validation,distinct raw scores plus reject_all,largest threshold,1500,225
BSC,DOMINANT,45,bsc_contract_clean_v1__DOMINANT__seed45,finite,1.6711126565933228,validation,distinct raw scores plus reject_all,largest threshold,1500,209
BSC,DOMINANT,46,bsc_contract_clean_v1__DOMINANT__seed46,finite,1.8095248937606812,validation,distinct raw scores plus reject_all,largest threshold,1500,217
BSC,AnomalyDAE,42,bsc_contract_clean_v1__AnomalyDAE__seed42,finite,23.737106323242188,validation,distinct raw scores plus reject_all,largest threshold,1500,227
BSC,AnomalyDAE,43,bsc_contract_clean_v1__AnomalyDAE__seed43,finite,23.642343521118164,validation,distinct raw scores plus reject_all,largest threshold,1500,218
BSC,AnomalyDAE,44,bsc_contract_clean_v1__AnomalyDAE__seed44,finite,24.462345123291016,validation,distinct raw scores plus reject_all,largest threshold,1500,225
BSC,AnomalyDAE,45,bsc_contract_clean_v1__AnomalyDAE__seed45,finite,25.28835678100586,validation,distinct raw scores plus reject_all,largest threshold,1500,209
BSC,AnomalyDAE,46,bsc_contract_clean_v1__AnomalyDAE__seed46,finite,23.40359115600586,validation,distinct raw scores plus reject_all,largest threshold,1500,217
BSC,CoLA,42,bsc_contract_clean_v1__CoLA__seed42,finite,-14.390341758728027,validation,distinct raw scores plus reject_all,largest threshold,1500,227
BSC,CoLA,43,bsc_contract_clean_v1__CoLA__seed43,finite,-15.248400688171387,validation,distinct raw scores plus reject_all,largest threshold,1500,218
BSC,CoLA,44,bsc_contract_clean_v1__CoLA__seed44,finite,-18.146923065185547,validation,distinct raw scores plus reject_all,largest threshold,1500,225
BSC,CoLA,45,bsc_contract_clean_v1__CoLA__seed45,finite,-33.994544982910156,validation,distinct raw scores plus reject_all,largest threshold,1500,209
BSC,CoLA,46,bsc_contract_clean_v1__CoLA__seed46,finite,-16.206655502319336,validation,distinct raw scores plus reject_all,largest threshold,1500,217
BSC,GADNR,42,bsc_contract_clean_v1__GADNR__seed42,finite,0.04897268861532211,validation,distinct raw scores plus reject_all,largest threshold,1500,227
BSC,GADNR,43,bsc_contract_clean_v1__GADNR__seed43,finite,0.04031679406762123,validation,distinct raw scores plus reject_all,largest threshold,1500,218
BSC,GADNR,44,bsc_contract_clean_v1__GADNR__seed44,finite,0.2013532668352127,validation,distinct raw scores plus reject_all,largest threshold,1500,225
BSC,GADNR,45,bsc_contract_clean_v1__GADNR__seed45,finite,0.044422078877687454,validation,distinct raw scores plus reject_all,largest threshold,1500,209
BSC,GADNR,46,bsc_contract_clean_v1__GADNR__seed46,finite,0.05268346890807152,validation,distinct raw scores plus reject_all,largest threshold,1500,217
BSC,OCGNN,42,bsc_contract_clean_v1__OCGNN__seed42,finite,-5.136807441711426,validation,distinct raw scores plus reject_all,largest threshold,1500,227
BSC,OCGNN,43,bsc_contract_clean_v1__OCGNN__seed43,finite,-4.685766696929932,validation,distinct raw scores plus reject_all,largest threshold,1500,218
BSC,OCGNN,44,bsc_contract_clean_v1__OCGNN__seed44,finite,-4.485764503479004,validation,distinct raw scores plus reject_all,largest threshold,1500,225
BSC,OCGNN,45,bsc_contract_clean_v1__OCGNN__seed45,finite,-4.489712715148926,validation,distinct raw scores plus reject_all,largest threshold,1500,209
BSC,OCGNN,46,bsc_contract_clean_v1__OCGNN__seed46,finite,-3.5425848960876465,validation,distinct raw scores plus reject_all,largest threshold,1500,217
BSC,DLG-Base,42,bsc_contract_clean_v1__DLG-Base__seed42,finite,3.0707383155822754,validation,distinct raw scores plus reject_all,largest threshold,1500,227
BSC,DLG-Base,43,bsc_contract_clean_v1__DLG-Base__seed43,finite,2.796294689178467,validation,distinct raw scores plus reject_all,largest threshold,1500,218
BSC,DLG-Base,44,bsc_contract_clean_v1__DLG-Base__seed44,finite,2.7394638061523438,validation,distinct raw scores plus reject_all,largest threshold,1500,225
BSC,DLG-Base,45,bsc_contract_clean_v1__DLG-Base__seed45,finite,2.849928379058838,validation,distinct raw scores plus reject_all,largest threshold,1500,209
BSC,DLG-Base,46,bsc_contract_clean_v1__DLG-Base__seed46,finite,2.945909023284912,validation,distinct raw scores plus reject_all,largest threshold,1500,217
BSC,DLG-Aug,42,bsc_contract_clean_v1__DLG-Aug__seed42,finite,2.999368667602539,validation,distinct raw scores plus reject_all,largest threshold,1500,227
BSC,DLG-Aug,43,bsc_contract_clean_v1__DLG-Aug__seed43,finite,3.0540671348571777,validation,distinct raw scores plus reject_all,largest threshold,1500,218
BSC,DLG-Aug,44,bsc_contract_clean_v1__DLG-Aug__seed44,finite,3.1274847984313965,validation,distinct raw scores plus reject_all,largest threshold,1500,225
BSC,DLG-Aug,45,bsc_contract_clean_v1__DLG-Aug__seed45,finite,3.129138469696045,validation,distinct raw scores plus reject_all,largest threshold,1500,209
BSC,DLG-Aug,46,bsc_contract_clean_v1__DLG-Aug__seed46,finite,3.0767104625701904,validation,distinct raw scores plus reject_all,largest threshold,1500,217
Polygon,DOMINANT,42,polygon_contract_clean_v1__DOMINANT__seed42,finite,2.13131046295166,validation,distinct raw scores plus reject_all,largest threshold,471,14
Polygon,DOMINANT,43,polygon_contract_clean_v1__DOMINANT__seed43,finite,2.5248770713806152,validation,distinct raw scores plus reject_all,largest threshold,471,9
Polygon,DOMINANT,44,polygon_contract_clean_v1__DOMINANT__seed44,finite,2.301093578338623,validation,distinct raw scores plus reject_all,largest threshold,471,11
Polygon,DOMINANT,45,polygon_contract_clean_v1__DOMINANT__seed45,finite,2.12697172164917,validation,distinct raw scores plus reject_all,largest threshold,471,9
Polygon,DOMINANT,46,polygon_contract_clean_v1__DOMINANT__seed46,finite,2.028421401977539,validation,distinct raw scores plus reject_all,largest threshold,471,11
Polygon,AnomalyDAE,42,polygon_contract_clean_v1__AnomalyDAE__seed42,finite,13.453920364379883,validation,distinct raw scores plus reject_all,largest threshold,471,14
Polygon,AnomalyDAE,43,polygon_contract_clean_v1__AnomalyDAE__seed43,finite,12.946192741394043,validation,distinct raw scores plus reject_all,largest threshold,471,9
Polygon,AnomalyDAE,44,polygon_contract_clean_v1__AnomalyDAE__seed44,finite,14.21739673614502,validation,distinct raw scores plus reject_all,largest threshold,471,11
Polygon,AnomalyDAE,45,polygon_contract_clean_v1__AnomalyDAE__seed45,finite,13.169777870178223,validation,distinct raw scores plus reject_all,largest threshold,471,9
Polygon,AnomalyDAE,46,polygon_contract_clean_v1__AnomalyDAE__seed46,finite,13.128766059875488,validation,distinct raw scores plus reject_all,largest threshold,471,11
Polygon,CoLA,42,polygon_contract_clean_v1__CoLA__seed42,finite,-11.285658836364746,validation,distinct raw scores plus reject_all,largest threshold,471,14
Polygon,CoLA,43,polygon_contract_clean_v1__CoLA__seed43,finite,-13.25050163269043,validation,distinct raw scores plus reject_all,largest threshold,471,9
Polygon,CoLA,44,polygon_contract_clean_v1__CoLA__seed44,finite,-1.52878999710083,validation,distinct raw scores plus reject_all,largest threshold,471,11
Polygon,CoLA,45,polygon_contract_clean_v1__CoLA__seed45,finite,0.2241382598876953,validation,distinct raw scores plus reject_all,largest threshold,471,9
Polygon,CoLA,46,polygon_contract_clean_v1__CoLA__seed46,finite,-1.2676153182983398,validation,distinct raw scores plus reject_all,largest threshold,471,11
Polygon,GADNR,42,polygon_contract_clean_v1__GADNR__seed42,finite,0.16799426078796387,validation,distinct raw scores plus reject_all,largest threshold,471,14
Polygon,GADNR,43,polygon_contract_clean_v1__GADNR__seed43,finite,0.15837658941745758,validation,distinct raw scores plus reject_all,largest threshold,471,9
Polygon,GADNR,44,polygon_contract_clean_v1__GADNR__seed44,finite,0.14014548063278198,validation,distinct raw scores plus reject_all,largest threshold,471,11
Polygon,GADNR,45,polygon_contract_clean_v1__GADNR__seed45,finite,2.4146173000335693,validation,distinct raw scores plus reject_all,largest threshold,471,9
Polygon,GADNR,46,polygon_contract_clean_v1__GADNR__seed46,finite,0.07621529698371887,validation,distinct raw scores plus reject_all,largest threshold,471,11
Polygon,OCGNN,42,polygon_contract_clean_v1__OCGNN__seed42,finite,-3.90169095993042,validation,distinct raw scores plus reject_all,largest threshold,471,14
Polygon,OCGNN,43,polygon_contract_clean_v1__OCGNN__seed43,finite,-3.7158098220825195,validation,distinct raw scores plus reject_all,largest threshold,471,9
Polygon,OCGNN,44,polygon_contract_clean_v1__OCGNN__seed44,finite,-1.3991518020629883,validation,distinct raw scores plus reject_all,largest threshold,471,11
Polygon,OCGNN,45,polygon_contract_clean_v1__OCGNN__seed45,finite,-1.8959755897521973,validation,distinct raw scores plus reject_all,largest threshold,471,9
Polygon,OCGNN,46,polygon_contract_clean_v1__OCGNN__seed46,finite,-3.500408172607422,validation,distinct raw scores plus reject_all,largest threshold,471,11
Polygon,DLG-Base,42,polygon_contract_clean_v1__DLG-Base__seed42,finite,2.9973578453063965,validation,distinct raw scores plus reject_all,largest threshold,471,14
Polygon,DLG-Base,43,polygon_contract_clean_v1__DLG-Base__seed43,finite,2.920320510864258,validation,distinct raw scores plus reject_all,largest threshold,471,9
Polygon,DLG-Base,44,polygon_contract_clean_v1__DLG-Base__seed44,finite,2.5299501419067383,validation,distinct raw scores plus reject_all,largest threshold,471,11
Polygon,DLG-Base,45,polygon_contract_clean_v1__DLG-Base__seed45,finite,2.4095208644866943,validation,distinct raw scores plus reject_all,largest threshold,471,9
Polygon,DLG-Base,46,polygon_contract_clean_v1__DLG-Base__seed46,finite,2.7237062454223633,validation,distinct raw scores plus reject_all,largest threshold,471,11
Polygon,DLG-Aug,42,polygon_contract_clean_v1__DLG-Aug__seed42,finite,3.190835952758789,validation,distinct raw scores plus reject_all,largest threshold,471,14
Polygon,DLG-Aug,43,polygon_contract_clean_v1__DLG-Aug__seed43,finite,3.403096914291382,validation,distinct raw scores plus reject_all,largest threshold,471,9
Polygon,DLG-Aug,44,polygon_contract_clean_v1__DLG-Aug__seed44,finite,2.9082818031311035,validation,distinct raw scores plus reject_all,largest threshold,471,11
Polygon,DLG-Aug,45,polygon_contract_clean_v1__DLG-Aug__seed45,finite,3.2087340354919434,validation,distinct raw scores plus reject_all,largest threshold,471,9
Polygon,DLG-Aug,46,polygon_contract_clean_v1__DLG-Aug__seed46,finite,3.101381301879883,validation,distinct raw scores plus reject_all,largest threshold,471,11
