seed,split,score_stage,N,N_positive,nll,brier,ece_10,ece_20,adaptive_ece,classwise_ece,classwise_definition
11,validation,Raw Level-1 GIN,3648,393,0.36242932026541996,0.09844513152269749,0.24736152243707513,0.24907030946558392,0.23978717753575932,0.24736152243707513,macro binary one-vs-rest equal-width 10-bin ECE
11,validation,Calibrated Level-1 GIN,3648,393,0.1256261717665666,0.03223449251006243,0.012906862422884517,0.01650799977489819,0.009212138169247139,0.012906862422884528,macro binary one-vs-rest equal-width 10-bin ECE
11,validation,Final selective score,3648,393,0.12832132713145616,0.033446461022341806,0.013416087363074753,0.01629384895659949,0.010940095652065636,0.013416087363074765,macro binary one-vs-rest equal-width 10-bin ECE
11,test,Raw Level-1 GIN,3648,161,0.3603977407327356,0.09459719218363853,0.26062043857738487,0.262649480913295,0.26062624391729716,0.2606204385773848,macro binary one-vs-rest equal-width 10-bin ECE
11,test,Calibrated Level-1 GIN,3648,161,0.09693216194397021,0.024108945957289952,0.015332448825116692,0.019011982253225642,0.012776571221510378,0.015332448825116689,macro binary one-vs-rest equal-width 10-bin ECE
11,test,Final selective score,3648,161,0.09170186912051825,0.021748600940118778,0.009697556943566344,0.012785114299998509,0.008550807889279682,0.00969755694356634,macro binary one-vs-rest equal-width 10-bin ECE
22,validation,Raw Level-1 GIN,3648,393,0.31528687086372026,0.08387511263286362,0.2006362398346379,0.20543129098047122,0.18756353531709405,0.2006362398346379,macro binary one-vs-rest equal-width 10-bin ECE
22,validation,Calibrated Level-1 GIN,3648,393,0.15095540239762564,0.03962459046261772,0.03143024713246959,0.03358635567240813,0.0232580765327813,0.031430247132469544,macro binary one-vs-rest equal-width 10-bin ECE
22,validation,Final selective score,3648,393,0.138985690442077,0.037624327665066536,0.026469131063446612,0.028281307980462307,0.024058213081001083,0.026469131063446612,macro binary one-vs-rest equal-width 10-bin ECE
22,test,Raw Level-1 GIN,3648,161,0.31203009559699524,0.07918546691745061,0.22152078900176536,0.224297594418432,0.21681987118926538,0.2215207890017654,macro binary one-vs-rest equal-width 10-bin ECE
22,test,Calibrated Level-1 GIN,3648,161,0.10740641550063652,0.027524175694526986,0.030499745379812055,0.032423204112036044,0.022461313684269204,0.030499745379812093,macro binary one-vs-rest equal-width 10-bin ECE
22,test,Final selective score,3648,161,0.0944458380817992,0.023601695418502867,0.01532041446036539,0.017294579200344783,0.010326571822144429,0.015320414460365403,macro binary one-vs-rest equal-width 10-bin ECE
33,validation,Raw Level-1 GIN,3648,393,0.32066742013371335,0.08634773831098919,0.20701715186602684,0.2116808145743602,0.2056146385217286,0.20701715186602684,macro binary one-vs-rest equal-width 10-bin ECE
33,validation,Calibrated Level-1 GIN,3648,393,0.13330405348406044,0.033456096841109416,0.020726785434465787,0.02159687604050373,0.01672448817726662,0.020726785434465773,macro binary one-vs-rest equal-width 10-bin ECE
33,validation,Final selective score,3648,393,0.11999303016725314,0.03138995768188633,0.01664931445726228,0.018237648381836332,0.010832748575012378,0.016649314457262292,macro binary one-vs-rest equal-width 10-bin ECE
33,test,Raw Level-1 GIN,3648,161,0.31854671787402133,0.08166717048222513,0.22684740575279988,0.2268474057527999,0.22684740620784377,0.22684740575279988,macro binary one-vs-rest equal-width 10-bin ECE
33,test,Calibrated Level-1 GIN,3648,161,0.0998262807201502,0.024884235982948224,0.020559018356303613,0.02218726533259096,0.01892161174101191,0.020559018356303624,macro binary one-vs-rest equal-width 10-bin ECE
33,test,Final selective score,3648,161,0.09086836563131803,0.022682322537245135,0.00757031280225493,0.010254524554508914,0.003760424039866762,0.007570312802254944,macro binary one-vs-rest equal-width 10-bin ECE
44,validation,Raw Level-1 GIN,3648,393,0.290321902578786,0.07695693664980571,0.17731791281338752,0.18233739545593142,0.16833291689878352,0.17731791281338755,macro binary one-vs-rest equal-width 10-bin ECE
44,validation,Calibrated Level-1 GIN,3648,393,0.15386609815992844,0.0389769773293354,0.03272117420626511,0.03338273108801598,0.02749476540598229,0.03272117420626508,macro binary one-vs-rest equal-width 10-bin ECE
44,validation,Final selective score,3648,393,0.14565878970157792,0.035160528299043176,0.030529263319224856,0.03267010758977598,0.025822414792493763,0.030529263319224797,macro binary one-vs-rest equal-width 10-bin ECE
44,test,Raw Level-1 GIN,3648,161,0.2771541320032165,0.06910956800905653,0.19604258354123086,0.1981633371267572,0.18903758629342385,0.19604258354123086,macro binary one-vs-rest equal-width 10-bin ECE
44,test,Calibrated Level-1 GIN,3648,161,0.10547047678504338,0.02552374045649338,0.03185966737639657,0.032734633933539106,0.024309333352796107,0.031859667376396485,macro binary one-vs-rest equal-width 10-bin ECE
44,test,Final selective score,3648,161,0.1013777562567076,0.023617812411692914,0.02756271081125354,0.027887120981812282,0.021343299448706693,0.02756271081125352,macro binary one-vs-rest equal-width 10-bin ECE
55,validation,Raw Level-1 GIN,3648,393,0.21189760581106343,0.05145911003883864,0.11407693344626636,0.11583249820503828,0.10699928500165028,0.11407693344626635,macro binary one-vs-rest equal-width 10-bin ECE
55,validation,Calibrated Level-1 GIN,3648,393,0.13696469755619053,0.03228322237620452,0.019999043819358315,0.022670522439519718,0.017806767587688885,0.019999043819358284,macro binary one-vs-rest equal-width 10-bin ECE
55,validation,Final selective score,3648,393,0.13833228020540858,0.032699749720724196,0.020625046225130124,0.021296696498511992,0.01841008556107111,0.020625046225130145,macro binary one-vs-rest equal-width 10-bin ECE
55,test,Raw Level-1 GIN,3648,161,0.18490407947202303,0.04052068962658525,0.10912210425784605,0.11440186525565306,0.10887951118650703,0.10912210425784608,macro binary one-vs-rest equal-width 10-bin ECE
55,test,Calibrated Level-1 GIN,3648,161,0.10055040851910528,0.02436441110991008,0.023479367845215298,0.023479367845215295,0.019976462075139787,0.023479367845215267,macro binary one-vs-rest equal-width 10-bin ECE
55,test,Final selective score,3648,161,0.1010999138067996,0.024511614903065585,0.023778327328711255,0.02377832732871125,0.0209121157072621,0.02377832732871122,macro binary one-vs-rest equal-width 10-bin ECE
