seed,split,score_stage,bin,N,N_positive,confidence,observed_fraction,ci_low,ci_high,edge_low,edge_high
11,validation,Raw Level-1 GIN,1,365,2,0.1718255855628767,0.005479452054794521,0.0006642772805776076,0.019652504738329985,0.00021440085,0.223283052
11,validation,Raw Level-1 GIN,2,365,6,0.2415040953972603,0.01643835616438356,0.006055868522192955,0.035434313328415096,0.223283052,0.256084822
11,validation,Raw Level-1 GIN,3,365,7,0.2655525413150685,0.019178082191780823,0.007744499597647735,0.03911335910044159,0.256084822,0.27307739200000003
11,validation,Raw Level-1 GIN,4,364,6,0.277967355054945,0.016483516483516484,0.006072570101156285,0.03553071232461484,0.27307739200000003,0.28275342000000003
11,validation,Raw Level-1 GIN,5,365,6,0.2882839023561644,0.01643835616438356,0.006055868522192955,0.035434313328415096,0.28275342000000003,0.2949293
11,validation,Raw Level-1 GIN,6,365,3,0.3030481578082192,0.00821917808219178,0.0016982100333919963,0.023830812476342136,0.2949293,0.30981966800000005
11,validation,Raw Level-1 GIN,7,364,3,0.3158882001098901,0.008241758241758242,0.001702884339684522,0.023895762568272385,0.30981966800000005,0.32146920700000003
11,validation,Raw Level-1 GIN,8,365,5,0.3291976804383562,0.0136986301369863,0.004462470879842675,0.031676888969783205,0.32146920700000003,0.343714188
11,validation,Raw Level-1 GIN,9,365,58,0.4493000436986302,0.1589041095890411,0.12292794350309207,0.20052352522639075,0.343714188,0.62987636
11,validation,Raw Level-1 GIN,10,363,295,0.8313492533608814,0.8126721763085399,0.7686619281975093,0.851494879925947,0.62987636,0.9897299
11,validation,Raw Level-1 GIN,11,2,2,0.9897299,1.0,0.15811388300841897,1.0,0.9897299,1.0
11,validation,Calibrated Level-1 GIN,1,365,2,0.0035290588935093293,0.005479452054794521,0.0006642772805776076,0.019652504738329985,3.0786947695358014e-11,0.006472345314781531
11,validation,Calibrated Level-1 GIN,2,365,6,0.00853957336490121,0.01643835616438356,0.006055868522192955,0.035434313328415096,0.006472345314781531,0.0104159705295532
11,validation,Calibrated Level-1 GIN,3,365,7,0.011875276986787298,0.019178082191780823,0.007744499597647735,0.03911335910044159,0.0104159705295532,0.013107331174654133
11,validation,Calibrated Level-1 GIN,4,364,6,0.013986190314767315,0.016483516483516484,0.006072570101156285,0.03553071232461484,0.013107331174654133,0.014876032613641661
11,validation,Calibrated Level-1 GIN,5,365,6,0.015985486623435328,0.01643835616438356,0.006055868522192955,0.035434313328415096,0.014876032613641661,0.017375024214460702
11,validation,Calibrated Level-1 GIN,6,365,3,0.019248251152337453,0.00821917808219178,0.0016982100333919963,0.023830812476342136,0.017375024214460702,0.020892714905373803
11,validation,Calibrated Level-1 GIN,7,364,3,0.022501299178202327,0.008241758241758242,0.001702884339684522,0.023895762568272385,0.020892714905373803,0.02404111449170418
11,validation,Calibrated Level-1 GIN,8,365,5,0.026402547490990712,0.0136986301369863,0.004462470879842675,0.031676888969783205,0.02404111449170418,0.031165339927178827
11,validation,Calibrated Level-1 GIN,9,365,58,0.1329973440576572,0.1589041095890411,0.12292794350309207,0.20052352522639075,0.031165339927178827,0.4256979409322204
11,validation,Calibrated Level-1 GIN,10,363,295,0.8208320685835068,0.8126721763085399,0.7686619281975093,0.851494879925947,0.4256979409322204,0.9999709562042712
11,validation,Calibrated Level-1 GIN,11,2,2,0.9999709562042712,1.0,0.15811388300841897,1.0,0.9999709562042712,1.0
11,validation,Final selective score,1,365,2,0.0035290588935093293,0.005479452054794521,0.0006642772805776076,0.019652504738329985,3.0786947695358014e-11,0.006472345314781531
11,validation,Final selective score,2,365,6,0.00853957336490121,0.01643835616438356,0.006055868522192955,0.035434313328415096,0.006472345314781531,0.0104159705295532
11,validation,Final selective score,3,365,7,0.011875276986787298,0.019178082191780823,0.007744499597647735,0.03911335910044159,0.0104159705295532,0.013107331174654133
11,validation,Final selective score,4,364,6,0.013986190314767315,0.016483516483516484,0.006072570101156285,0.03553071232461484,0.013107331174654133,0.014876032613641661
11,validation,Final selective score,5,365,6,0.015985486623435328,0.01643835616438356,0.006055868522192955,0.035434313328415096,0.014876032613641661,0.017375024214460702
11,validation,Final selective score,6,365,3,0.019248251152337453,0.00821917808219178,0.0016982100333919963,0.023830812476342136,0.017375024214460702,0.020892714905373803
11,validation,Final selective score,7,364,3,0.022501299178202327,0.008241758241758242,0.001702884339684522,0.023895762568272385,0.020892714905373803,0.02404111449170418
11,validation,Final selective score,8,365,5,0.026402547490990712,0.0136986301369863,0.004462470879842675,0.031676888969783205,0.02404111449170418,0.031165339927178827
11,validation,Final selective score,9,365,55,0.17783450568432582,0.1506849315068493,0.11557757399293428,0.1915770848536656,0.031165339927178827,0.5933476707549818
11,validation,Final selective score,10,363,298,0.8452121339870827,0.8209366391184573,0.7775466140214217,0.8589981005265817,0.5933476707549818,0.9999709562042712
11,validation,Final selective score,11,2,2,0.9999709562042712,1.0,0.15811388300841897,1.0,0.9999709562042712,1.0
11,test,Raw Level-1 GIN,1,365,2,0.18006904994602738,0.005479452054794521,0.0006642772805776076,0.019652504738329985,0.004471985,0.22478173599999998
11,test,Raw Level-1 GIN,2,365,2,0.24093700917808222,0.005479452054794521,0.0006642772805776076,0.019652504738329985,0.22478173599999998,0.25511606400000003
11,test,Raw Level-1 GIN,3,365,4,0.2647454994246575,0.010958904109589041,0.002993781069519531,0.027820015592781334,0.25511606400000003,0.272872531
11,test,Raw Level-1 GIN,4,364,5,0.2776563276923077,0.013736263736263736,0.004474770763632271,0.031763113750415996,0.272872531,0.281430404
11,test,Raw Level-1 GIN,5,365,2,0.2848925562739726,0.005479452054794521,0.0006642772805776076,0.019652504738329985,0.281430404,0.289049895
11,test,Raw Level-1 GIN,6,365,4,0.2958150189863014,0.010958904109589041,0.002993781069519531,0.027820015592781334,0.289049895,0.303657706
11,test,Raw Level-1 GIN,7,364,4,0.3098605303296703,0.01098901098901099,0.003002027462491504,0.02789578758815802,0.303657706,0.315328123
11,test,Raw Level-1 GIN,8,365,2,0.32003526106849317,0.005479452054794521,0.0006642772805776076,0.019652504738329985,0.315328123,0.32399454
11,test,Raw Level-1 GIN,9,365,4,0.3320822116164383,0.010958904109589041,0.002993781069519531,0.027820015592781334,0.32399454,0.3487809640000001
11,test,Raw Level-1 GIN,10,364,131,0.5401575581868131,0.3598901098901099,0.31052639367306484,0.411553807852733,0.3487809640000001,0.98941106
11,test,Raw Level-1 GIN,11,1,1,0.98941106,1.0,0.025,1.0,0.98941106,1.0
11,test,Calibrated Level-1 GIN,1,365,2,0.0038494338773532102,0.005479452054794521,0.0006642772805776076,0.019652504738329985,1.012764604472406e-07,0.006621609785421581
11,test,Calibrated Level-1 GIN,2,365,2,0.008460453725308117,0.005479452054794521,0.0006642772805776076,0.019652504738329985,0.006621609785421581,0.010277182698797982
11,test,Calibrated Level-1 GIN,3,365,4,0.011749974422901259,0.010958904109589041,0.002993781069519531,0.027820015592781334,0.010277182698797982,0.013071831513736813
11,test,Calibrated Level-1 GIN,4,364,5,0.013926924211043313,0.013736263736263736,0.004474770763632271,0.031763113750415996,0.013071831513736813,0.014623296250038281
11,test,Calibrated Level-1 GIN,5,365,2,0.015297173860987513,0.005479452054794521,0.0006642772805776076,0.019652504738329985,0.014623296250038281,0.0161284768668382
11,test,Calibrated Level-1 GIN,6,365,4,0.017592329349632365,0.010958904109589041,0.002993781069519531,0.027820015592781334,0.0161284768668382,0.019371590633322743
11,test,Calibrated Level-1 GIN,7,364,4,0.020917083955061304,0.01098901098901099,0.003002027462491504,0.02789578758815802,0.019371590633322743,0.022335475769739252
11,test,Calibrated Level-1 GIN,8,365,2,0.023641907491612924,0.005479452054794521,0.0006642772805776076,0.019652504738329985,0.022335475769739252,0.024773464752272902
11,test,Calibrated Level-1 GIN,9,365,4,0.027324030793862017,0.010958904109589041,0.002993781069519531,0.027820015592781334,0.024773464752272902,0.03301583500115311
11,test,Calibrated Level-1 GIN,10,364,131,0.2984981256725122,0.3598901098901099,0.31052639367306484,0.411553807852733,0.03301583500115311,0.999968466534882
11,test,Calibrated Level-1 GIN,11,1,1,0.999968466534882,1.0,0.025,1.0,0.999968466534882,1.0
11,test,Final selective score,1,365,2,0.0038494338773532102,0.005479452054794521,0.0006642772805776076,0.019652504738329985,1.012764604472406e-07,0.006621609785421581
11,test,Final selective score,2,365,2,0.008460453725308117,0.005479452054794521,0.0006642772805776076,0.019652504738329985,0.006621609785421581,0.010277182698797982
11,test,Final selective score,3,365,4,0.011749974422901259,0.010958904109589041,0.002993781069519531,0.027820015592781334,0.010277182698797982,0.013071831513736813
11,test,Final selective score,4,364,5,0.013926924211043313,0.013736263736263736,0.004474770763632271,0.031763113750415996,0.013071831513736813,0.014623296250038281
11,test,Final selective score,5,365,2,0.015297173860987513,0.005479452054794521,0.0006642772805776076,0.019652504738329985,0.014623296250038281,0.0161284768668382
11,test,Final selective score,6,365,4,0.017592329349632365,0.010958904109589041,0.002993781069519531,0.027820015592781334,0.0161284768668382,0.019371590633322743
11,test,Final selective score,7,364,4,0.020917083955061304,0.01098901098901099,0.003002027462491504,0.02789578758815802,0.019371590633322743,0.022335475769739252
11,test,Final selective score,8,365,2,0.023641907491612924,0.005479452054794521,0.0006642772805776076,0.019652504738329985,0.022335475769739252,0.024773464752272902
11,test,Final selective score,9,365,4,0.027324030793862017,0.010958904109589041,0.002993781069519531,0.027820015592781334,0.024773464752272902,0.03301583500115311
11,test,Final selective score,10,364,131,0.34084863291420886,0.3598901098901099,0.31052639367306484,0.411553807852733,0.03301583500115311,0.999968466534882
11,test,Final selective score,11,1,1,0.999968466534882,1.0,0.025,1.0,0.999968466534882,1.0
22,validation,Raw Level-1 GIN,1,365,7,0.04947145047331233,0.019178082191780823,0.007744499597647735,0.03911335910044159,2.1080052e-05,0.103739283
22,validation,Raw Level-1 GIN,2,365,3,0.13344386584657536,0.00821917808219178,0.0016982100333919963,0.023830812476342136,0.103739283,0.159612764
22,validation,Raw Level-1 GIN,3,365,6,0.18038208115068494,0.01643835616438356,0.006055868522192955,0.035434313328415096,0.159612764,0.19849372100000004
22,validation,Raw Level-1 GIN,4,364,6,0.21472088832417582,0.016483516483516484,0.006072570101156285,0.03553071232461484,0.19849372100000004,0.23029735
22,validation,Raw Level-1 GIN,5,365,4,0.24541733457534248,0.010958904109589041,0.002993781069519531,0.027820015592781334,0.23029735,0.25958722
22,validation,Raw Level-1 GIN,6,365,1,0.27392324002739726,0.0027397260273972603,6.936145187446339e-05,0.01516952265598773,0.25958722,0.288429034
22,validation,Raw Level-1 GIN,7,364,1,0.30323141480769233,0.0027472527472527475,6.955199868683924e-05,0.01521093570676284,0.288429034,0.32008429
22,validation,Raw Level-1 GIN,8,365,5,0.3409543145205479,0.0136986301369863,0.004462470879842675,0.031676888969783205,0.32008429,0.366700844
22,validation,Raw Level-1 GIN,9,365,79,0.44090794868493144,0.21643835616438356,0.175269903483906,0.26227496673926415,0.366700844,0.536914238
22,validation,Raw Level-1 GIN,10,364,280,0.7688290130219779,0.7692307692307693,0.7224772938132944,0.8115436071284106,0.536914238,0.99168664
22,validation,Raw Level-1 GIN,11,1,1,0.99168664,1.0,0.025,1.0,0.99168664,1.0
22,validation,Calibrated Level-1 GIN,1,365,7,0.00035019324677610763,0.019178082191780823,0.007744499597647735,0.03911335910044159,2.893458558045099e-13,0.0013316137129639502
22,validation,Calibrated Level-1 GIN,2,365,3,0.0029099154510457315,0.00821917808219178,0.0016982100333919963,0.023830812476342136,0.0013316137129639502,0.00477159949006196
22,validation,Calibrated Level-1 GIN,3,365,6,0.007067884396387867,0.01643835616438356,0.006055868522192955,0.035434313328415096,0.00477159949006196,0.009428615940736764
22,validation,Calibrated Level-1 GIN,4,364,6,0.012233987273213053,0.016483516483516484,0.006072570101156285,0.03553071232461484,0.009428615940736764,0.015279060953036624
22,validation,Calibrated Level-1 GIN,5,365,4,0.018978196023886777,0.010958904109589041,0.002993781069519531,0.027820015592781334,0.015279060953036624,0.02283747004234555
22,validation,Calibrated Level-1 GIN,6,365,1,0.027597372731107545,0.0027397260273972603,6.936145187446339e-05,0.01516952265598773,0.02283747004234555,0.032884161840294024
22,validation,Calibrated Level-1 GIN,7,364,1,0.03943131700213607,0.0027472527472527475,6.955199868683924e-05,0.01521093570676284,0.032884161840294024,0.04766862243507507
22,validation,Calibrated Level-1 GIN,8,365,5,0.06055155102242326,0.0136986301369863,0.004462470879842675,0.031676888969783205,0.04766862243507507,0.07872744995075723
22,validation,Calibrated Level-1 GIN,9,365,79,0.17491050185522214,0.21643835616438356,0.175269903483906,0.26227496673926415,0.07872744995075723,0.33948923333524395
22,validation,Calibrated Level-1 GIN,10,364,280,0.7322629812216703,0.7692307692307693,0.7224772938132944,0.8115436071284106,0.33948923333524395,0.9999877272685946
22,validation,Calibrated Level-1 GIN,11,1,1,0.9999877272685946,1.0,0.025,1.0,0.9999877272685946,1.0
22,validation,Final selective score,1,365,7,0.00035019324677610763,0.019178082191780823,0.007744499597647735,0.03911335910044159,2.893458558045099e-13,0.0013316137129639502
22,validation,Final selective score,2,365,3,0.0032785265302249225,0.00821917808219178,0.0016982100333919963,0.023830812476342136,0.0013316137129639502,0.0118925586310473
22,validation,Final selective score,3,365,4,0.01310153162833801,0.010958904109589041,0.002993781069519531,0.027820015592781334,0.0118925586310473,0.013757489909178631
22,validation,Final selective score,4,364,1,0.014167187326941569,0.0027472527472527475,6.955199868683924e-05,0.01521093570676284,0.013757489909178631,0.014588774582961322
22,validation,Final selective score,5,365,4,0.015002282018886263,0.010958904109589041,0.002993781069519531,0.027820015592781334,0.014588774582961322,0.0154122116260961
22,validation,Final selective score,6,365,4,0.015952497950383848,0.010958904109589041,0.002993781069519531,0.027820015592781334,0.0154122116260961,0.01649343691471052
22,validation,Final selective score,7,364,5,0.01731199859021207,0.013736263736263736,0.004474770763632271,0.031763113750415996,0.01649343691471052,0.01832766376069403
22,validation,Final selective score,8,365,3,0.021549791913647785,0.00821917808219178,0.0016982100333919963,0.023830812476342136,0.01832766376069403,0.027794945874432923
22,validation,Final selective score,9,365,90,0.14304278932428305,0.2465753424657534,0.2032002372737091,0.29411512918954363,0.027794945874432923,0.4289035158425703
22,validation,Final selective score,10,364,271,0.8183923033331784,0.7445054945054945,0.6964481659766646,0.7885353054184046,0.4289035158425703,0.9999877272685946
22,validation,Final selective score,11,1,1,0.9999877272685946,1.0,0.025,1.0,0.9999877272685946,1.0
22,test,Raw Level-1 GIN,1,365,1,0.06525000505326027,0.0027397260273972603,6.936145187446339e-05,0.01516952265598773,0.00011213355,0.12269476979999999
22,test,Raw Level-1 GIN,2,365,2,0.15263539858630137,0.005479452054794521,0.0006642772805776076,0.019652504738329985,0.12269476979999999,0.17945960400000002
22,test,Raw Level-1 GIN,3,365,2,0.19551921142465756,0.005479452054794521,0.0006642772805776076,0.019652504738329985,0.17945960400000002,0.208852066
22,test,Raw Level-1 GIN,4,364,2,0.2215780514835165,0.005494505494505495,0.0006661041233522713,0.019706107659980467,0.208852066,0.23355568200000001
22,test,Raw Level-1 GIN,5,365,2,0.24498174156164385,0.005479452054794521,0.0006642772805776076,0.019652504738329985,0.23355568200000001,0.25664267
22,test,Raw Level-1 GIN,6,365,3,0.2674297397808219,0.00821917808219178,0.0016982100333919963,0.023830812476342136,0.25664267,0.277716656
22,test,Raw Level-1 GIN,7,364,0,0.2895154228571429,0.0,0.0,0.010083105389156894,0.277716656,0.300190083
22,test,Raw Level-1 GIN,8,365,4,0.3122218535342466,0.010958904109589041,0.002993781069519531,0.027820015592781334,0.300190083,0.32593858000000003
22,test,Raw Level-1 GIN,9,365,7,0.3442246078082192,0.019178082191780823,0.007744499597647735,0.03911335910044159,0.32593858000000003,0.37304451800000005
22,test,Raw Level-1 GIN,10,364,137,0.5148210493406593,0.37637362637362637,0.3264144675870485,0.42836153213637373,0.37304451800000005,0.9998301
22,test,Raw Level-1 GIN,11,1,1,0.9998301,1.0,0.025,1.0,0.9998301,1.0
22,test,Calibrated Level-1 GIN,1,365,1,0.0006629689285723426,0.0027397260273972603,6.936145187446339e-05,0.01516952265598773,2.1737915790093378e-11,0.00216939784892215
22,test,Calibrated Level-1 GIN,2,365,2,0.004329996761083903,0.005479452054794521,0.0006642772805776076,0.019652504738329985,0.00216939784892215,0.006856504006335141
22,test,Calibrated Level-1 GIN,3,365,2,0.009042916229640027,0.005479452054794521,0.0006642772805776076,0.019652504738329985,0.006856504006335141,0.011101956226052253
22,test,Calibrated Level-1 GIN,4,364,2,0.013515036854858633,0.005494505494505495,0.0006661041233522713,0.019706107659980467,0.011101956226052253,0.016006753626265503
22,test,Calibrated Level-1 GIN,5,365,2,0.018834480703613373,0.005479452054794521,0.0006642772805776076,0.019652504738329985,0.016006753626265503,0.021967341930777852
22,test,Calibrated Level-1 GIN,6,365,3,0.025354279999479486,0.00821917808219178,0.0016982100333919963,0.023830812476342136,0.021967341930777852,0.028811624707598387
22,test,Calibrated Level-1 GIN,7,364,0,0.033398302688286634,0.0,0.0,0.010083105389156894,0.028811624707598387,0.03787030552283073
22,test,Calibrated Level-1 GIN,8,365,4,0.0437092349613817,0.010958904109589041,0.002993781069519531,0.027820015592781334,0.03787030552283073,0.050909340117592974
22,test,Calibrated Level-1 GIN,9,365,7,0.0626589765843613,0.019178082191780823,0.007744499597647735,0.03911335910044159,0.050909340117592974,0.08398248289190148
22,test,Calibrated Level-1 GIN,10,364,137,0.3065085442085908,0.37637362637362637,0.3264144675870485,0.42836153213637373,0.08398248289190148,0.9999999994829232
22,test,Calibrated Level-1 GIN,11,1,1,0.9999999994829232,1.0,0.025,1.0,0.9999999994829232,1.0
22,test,Final selective score,1,365,1,0.0006629689285723426,0.0027397260273972603,6.936145187446339e-05,0.01516952265598773,2.1737915790093378e-11,0.00216939784892215
22,test,Final selective score,2,365,3,0.007481790629526679,0.00821917808219178,0.0016982100333919963,0.023830812476342136,0.00216939784892215,0.01306361363174262
22,test,Final selective score,3,365,1,0.013586457801946894,0.0027397260273972603,6.936145187446339e-05,0.01516952265598773,0.01306361363174262,0.01401756872677308
22,test,Final selective score,4,364,1,0.014375430756004495,0.0027472527472527475,6.955199868683924e-05,0.01521093570676284,0.01401756872677308,0.0147072507595144
22,test,Final selective score,5,365,3,0.01501957728673722,0.00821917808219178,0.0016982100333919963,0.023830812476342136,0.0147072507595144,0.01535054572116755
22,test,Final selective score,6,365,0,0.015697675268395106,0.0,0.0,0.010055619804412953,0.01535054572116755,0.01607712295223144
22,test,Final selective score,7,364,6,0.016596816121806763,0.016483516483516484,0.006072570101156285,0.03553071232461484,0.01607712295223144,0.01720322844750114
22,test,Final selective score,8,365,3,0.018032483652817996,0.00821917808219178,0.0016982100333919963,0.023830812476342136,0.01720322844750114,0.01902917680536656
22,test,Final selective score,9,365,6,0.02248768772483368,0.01643835616438356,0.006055868522192955,0.035434313328415096,0.01902917680536656,0.02912917977944942
22,test,Final selective score,10,364,136,0.33403967981134103,0.37362637362637363,0.3237621703455615,0.4255645106969335,0.02912917977944942,0.9999999994829232
22,test,Final selective score,11,1,1,0.9999999994829232,1.0,0.025,1.0,0.9999999994829232,1.0
33,validation,Raw Level-1 GIN,1,365,7,0.049645019663742455,0.019178082191780823,0.007744499597647735,0.03911335910044159,6.757583e-06,0.09982819600000004
33,validation,Raw Level-1 GIN,2,365,4,0.13088408684931505,0.010958904109589041,0.002993781069519531,0.027820015592781334,0.09982819600000004,0.158650138
33,validation,Raw Level-1 GIN,3,365,7,0.18027500761643836,0.019178082191780823,0.007744499597647735,0.03911335910044159,0.158650138,0.20006389500000002
33,validation,Raw Level-1 GIN,4,364,3,0.2192491284340659,0.008241758241758242,0.001702884339684522,0.023895762568272385,0.20006389500000002,0.237757626
33,validation,Raw Level-1 GIN,5,365,4,0.2533897696986301,0.010958904109589041,0.002993781069519531,0.027820015592781334,0.237757626,0.26725392000000003
33,validation,Raw Level-1 GIN,6,365,3,0.28127221180821915,0.00821917808219178,0.0016982100333919963,0.023830812476342136,0.26725392000000003,0.29479412600000005
33,validation,Raw Level-1 GIN,7,364,1,0.3095281384615384,0.0027472527472527475,6.955199868683924e-05,0.01521093570676284,0.29479412600000005,0.32369910399999996
33,validation,Raw Level-1 GIN,8,365,2,0.34245832284931504,0.005479452054794521,0.0006642772805776076,0.019652504738329985,0.32369910399999996,0.3655845900000001
33,validation,Raw Level-1 GIN,9,365,61,0.49243013312328765,0.16712328767123288,0.1303137399389225,0.2094352363993582,0.3655845900000001,0.683083175
33,validation,Raw Level-1 GIN,10,364,300,0.8736999278571427,0.8241758241758241,0.7811018890503562,0.8618808291931259,0.683083175,0.9989089
33,validation,Raw Level-1 GIN,11,1,1,0.9989089,1.0,0.025,1.0,0.9989089,1.0
33,validation,Calibrated Level-1 GIN,1,365,7,0.0006228301530414163,0.019178082191780823,0.007744499597647735,0.03911335910044159,9.534401636436797e-12,0.0019088189875465617
33,validation,Calibrated Level-1 GIN,2,365,4,0.003575118302501428,0.010958904109589041,0.002993781069519531,0.027820015592781334,0.0019088189875465617,0.00541129093781046
33,validation,Calibrated Level-1 GIN,3,365,7,0.007373219772814042,0.019178082191780823,0.007744499597647735,0.03911335910044159,0.00541129093781046,0.009400070096491651
33,validation,Calibrated Level-1 GIN,4,364,3,0.011845715872563755,0.008241758241758242,0.001702884339684522,0.023895762568272385,0.009400070096491651,0.01444957254684662
33,validation,Calibrated Level-1 GIN,5,365,4,0.017063745041411654,0.010958904109589041,0.002993781069519531,0.027820015592781334,0.01444957254684662,0.0195610764729272
33,validation,Calibrated Level-1 GIN,6,365,3,0.022452468260728817,0.00821917808219178,0.0016982100333919963,0.023830812476342136,0.0195610764729272,0.025436004246856086
33,validation,Calibrated Level-1 GIN,7,364,1,0.02914050213998578,0.0027472527472527475,6.955199868683924e-05,0.01521093570676284,0.025436004246856086,0.03295323449457165
33,validation,Calibrated Level-1 GIN,8,365,2,0.03883803237758227,0.005479452054794521,0.0006642772805776076,0.019652504738329985,0.03295323449457165,0.04681713746595913
33,validation,Calibrated Level-1 GIN,9,365,61,0.15080040609137618,0.16712328767123288,0.1303137399389225,0.2094352363993582,0.04681713746595913,0.3976556768208077
33,validation,Calibrated Level-1 GIN,10,364,300,0.794620152807652,0.8241758241758241,0.7811018890503562,0.8618808291931259,0.3976556768208077,0.999989910310298
33,validation,Calibrated Level-1 GIN,11,1,1,0.999989910310298,1.0,0.025,1.0,0.999989910310298,1.0
33,validation,Final selective score,1,365,3,0.006657599299662063,0.00821917808219178,0.0016982100333919963,0.023830812476342136,0.0034367972177893,0.00807707258141117
33,validation,Final selective score,2,365,7,0.008619000844110188,0.019178082191780823,0.007744499597647735,0.03911335910044159,0.00807707258141117,0.00908253471056736
33,validation,Final selective score,3,365,2,0.009446387306571337,0.005479452054794521,0.0006642772805776076,0.019652504738329985,0.00908253471056736,0.00977205267985269
33,validation,Final selective score,4,364,2,0.010055535439840925,0.005494505494505495,0.0006661041233522713,0.019706107659980467,0.00977205267985269,0.01032965155084346
33,validation,Final selective score,5,365,2,0.010589198002592726,0.005479452054794521,0.0006642772805776076,0.019652504738329985,0.01032965155084346,0.0108948413839459
33,validation,Final selective score,6,365,2,0.011266537946976152,0.005479452054794521,0.0006642772805776076,0.019652504738329985,0.0108948413839459,0.01164685257015104
33,validation,Final selective score,7,364,9,0.01221438140295846,0.024725274725274724,0.011366909897879422,0.046415908959540175,0.01164685257015104,0.01284098672091953
33,validation,Final selective score,8,365,4,0.014570586355447536,0.010958904109589041,0.002993781069519531,0.027820015592781334,0.01284098672091953,0.01812083656141163
33,validation,Final selective score,9,365,55,0.17802649876782028,0.1506849315068493,0.11557757399293428,0.1915770848536656,0.01812083656141163,0.6309072292135827
33,validation,Final selective score,10,364,306,0.8740561116387999,0.8406593406593407,0.798939438872777,0.8767277288479677,0.6309072292135827,0.999989910310298
33,validation,Final selective score,11,1,1,0.999989910310298,1.0,0.025,1.0,0.999989910310298,1.0
33,test,Raw Level-1 GIN,1,365,1,0.05549080680058631,0.0027397260273972603,6.936145187446339e-05,0.01516952265598773,4.7857764e-05,0.11499785500000001
33,test,Raw Level-1 GIN,2,365,4,0.15177862412054793,0.010958904109589041,0.002993781069519531,0.027820015592781334,0.11499785500000001,0.17926334800000002
33,test,Raw Level-1 GIN,3,365,5,0.19752299180821917,0.0136986301369863,0.004462470879842675,0.031676888969783205,0.17926334800000002,0.21498788300000002
33,test,Raw Level-1 GIN,4,364,0,0.22911005928571432,0.0,0.0,0.010083105389156894,0.21498788300000002,0.24204852400000001
33,test,Raw Level-1 GIN,5,365,1,0.25411632849315063,0.0027397260273972603,6.936145187446339e-05,0.01516952265598773,0.24204852400000001,0.26567225
33,test,Raw Level-1 GIN,6,365,1,0.2760429316712329,0.0027397260273972603,6.936145187446339e-05,0.01516952265598773,0.26567225,0.285890476
33,test,Raw Level-1 GIN,7,364,4,0.2962201967032967,0.01098901098901099,0.003002027462491504,0.02789578758815802,0.285890476,0.306832112
33,test,Raw Level-1 GIN,8,365,2,0.3173268566575343,0.005479452054794521,0.0006642772805776076,0.019652504738329985,0.306832112,0.32834417
33,test,Raw Level-1 GIN,9,365,5,0.3425010928219178,0.0136986301369863,0.004462470879842675,0.031676888969783205,0.32834417,0.36266107000000003
33,test,Raw Level-1 GIN,10,364,137,0.5885290055494505,0.37637362637362637,0.3264144675870485,0.42836153213637373,0.36266107000000003,0.99999917
33,test,Raw Level-1 GIN,11,1,1,0.99999917,1.0,0.025,1.0,0.99999917,1.0
33,test,Calibrated Level-1 GIN,1,365,1,0.0008127440402858889,0.0027397260273972603,6.936145187446339e-05,0.01516952265598773,4.5064947855585375e-10,0.00260613645084156
33,test,Calibrated Level-1 GIN,2,365,4,0.005002753758433967,0.010958904109589041,0.002993781069519531,0.027820015592781334,0.00260613645084156,0.007214774798170561
33,test,Calibrated Level-1 GIN,3,365,5,0.009166425350233523,0.0136986301369863,0.004462470879842675,0.031676888969783205,0.007214774798170561,0.011219770929759494
33,test,Calibrated Level-1 GIN,4,364,0,0.013189376752275673,0.0,0.0,0.010083105389156894,0.011219770929759494,0.015124689951163041
33,test,Calibrated Level-1 GIN,5,365,1,0.017176523117835633,0.0027397260273972603,6.936145187446339e-05,0.01516952265598773,0.015124689951163041,0.019257733963771
33,test,Calibrated Level-1 GIN,6,365,1,0.02133559060270734,0.0027397260273972603,6.936145187446339e-05,0.01516952265598773,0.019257733963771,0.023409109191357483
33,test,Calibrated Level-1 GIN,7,364,4,0.025802738471218955,0.01098901098901099,0.003002027462491504,0.02789578758815802,0.023409109191357483,0.028385506182617322
33,test,Calibrated Level-1 GIN,8,365,2,0.031201909717683357,0.005479452054794521,0.0006642772805776076,0.019652504738329985,0.028385506182617322,0.034306246792052485
33,test,Calibrated Level-1 GIN,9,365,5,0.038790207052858676,0.0136986301369863,0.004462470879842675,0.031676888969783205,0.034306246792052485,0.04571970852054806
33,test,Calibrated Level-1 GIN,10,364,137,0.31127124310447557,0.37637362637362637,0.3264144675870485,0.42836153213637373,0.04571970852054806,0.9999999999895424
33,test,Calibrated Level-1 GIN,11,1,1,0.9999999999895424,1.0,0.025,1.0,0.9999999999895424,1.0
33,test,Final selective score,1,365,1,0.006788140309632627,0.0027397260273972603,6.936145187446339e-05,0.01516952265598773,0.0035258024154611,0.00823551817135548
33,test,Final selective score,2,365,3,0.008803410480097971,0.00821917808219178,0.0016982100333919963,0.023830812476342136,0.00823551817135548,0.00925777075146726
33,test,Final selective score,3,365,1,0.009555363786822448,0.0027397260273972603,6.936145187446339e-05,0.01516952265598773,0.00925777075146726,0.00984648577372176
33,test,Final selective score,4,364,2,0.01011309852876732,0.005494505494505495,0.0006661041233522713,0.019706107659980467,0.00984648577372176,0.010345657123837
33,test,Final selective score,5,365,2,0.010583270330582966,0.005479452054794521,0.0006642772805776076,0.019652504738329985,0.010345657123837,0.010830976397865351
33,test,Final selective score,6,365,1,0.011136607848686655,0.0027397260273972603,6.936145187446339e-05,0.01516952265598773,0.010830976397865351,0.011468607389713321
33,test,Final selective score,7,364,4,0.011929264159948175,0.01098901098901099,0.003002027462491504,0.02789578758815802,0.011468607389713321,0.012424401550661601
33,test,Final selective score,8,365,4,0.013091054523791827,0.010958904109589041,0.002993781069519531,0.027820015592781334,0.012424401550661601,0.01394287536094074
33,test,Final selective score,9,365,5,0.01638895533222295,0.0136986301369863,0.004462470879842675,0.031676888969783205,0.01394287536094074,0.02196602285941637
33,test,Final selective score,10,364,137,0.3740988353697517,0.37637362637362637,0.3264144675870485,0.42836153213637373,0.02196602285941637,0.9999999999895424
33,test,Final selective score,11,1,1,0.9999999999895424,1.0,0.025,1.0,0.9999999999895424,1.0
44,validation,Raw Level-1 GIN,1,365,7,0.015466674515719727,0.019178082191780823,0.007744499597647735,0.03911335910044159,5.667653e-07,0.0403898078
44,validation,Raw Level-1 GIN,2,365,5,0.0679042437150685,0.0136986301369863,0.004462470879842675,0.031676888969783205,0.0403898078,0.09578775560000002
44,validation,Raw Level-1 GIN,3,365,6,0.122018465969863,0.01643835616438356,0.006055868522192955,0.035434313328415096,0.09578775560000002,0.149013099
44,validation,Raw Level-1 GIN,4,364,4,0.17521578986263736,0.01098901098901099,0.003002027462491504,0.02789578758815802,0.149013099,0.19903981400000004
44,validation,Raw Level-1 GIN,5,365,2,0.2209135670410959,0.005479452054794521,0.0006642772805776076,0.019652504738329985,0.19903981400000004,0.24127149
44,validation,Raw Level-1 GIN,6,365,5,0.2596528570136986,0.0136986301369863,0.004462470879842675,0.031676888969783205,0.24127149,0.27730010600000005
44,validation,Raw Level-1 GIN,7,364,1,0.29770662343406595,0.0027472527472527475,6.955199868683924e-05,0.01521093570676284,0.27730010600000005,0.31595821
44,validation,Raw Level-1 GIN,8,365,2,0.3386325535890411,0.005479452054794521,0.0006642772805776076,0.019652504738329985,0.31595821,0.36519189600000007
44,validation,Raw Level-1 GIN,9,364,66,0.44342225722527473,0.1813186813186813,0.1430969345855953,0.22481567839638522,0.36519189600000007,0.5992829
44,validation,Raw Level-1 GIN,10,365,294,0.8004437863013698,0.8054794520547945,0.7610855908847043,0.8448363248645567,0.5992829,0.9930769
44,validation,Raw Level-1 GIN,11,1,1,0.9930769,1.0,0.025,1.0,0.9930769,1.0
44,validation,Calibrated Level-1 GIN,1,365,7,0.00010947597937968406,0.019178082191780823,0.007744499597647735,0.03911335910044159,2.1472011762507929e-13,0.00045226134071642006
44,validation,Calibrated Level-1 GIN,2,365,5,0.0014703572290835675,0.0136986301369863,0.004462470879842675,0.031676888969783205,0.00045226134071642006,0.002901243226633362
44,validation,Calibrated Level-1 GIN,3,365,6,0.005124376108184359,0.01643835616438356,0.006055868522192955,0.035434313328415096,0.002901243226633362,0.007951661086094802
44,validation,Calibrated Level-1 GIN,4,364,4,0.011848332019944428,0.01098901098901099,0.003002027462491504,0.02789578758815802,0.007951661086094802,0.015975831505174766
44,validation,Calibrated Level-1 GIN,5,365,2,0.020888842801018898,0.005479452054794521,0.0006642772805776076,0.019652504738329985,0.015975831505174766,0.0259982241169482
44,validation,Calibrated Level-1 GIN,6,365,5,0.031628096511594185,0.0136986301369863,0.004462470879842675,0.031676888969783205,0.0259982241169482,0.03751892816298881
44,validation,Calibrated Level-1 GIN,7,364,1,0.04565811775736485,0.0027472527472527475,6.955199868683924e-05,0.01521093570676284,0.03751892816298881,0.05362229890894985
44,validation,Calibrated Level-1 GIN,8,365,2,0.06553543596691354,0.005479452054794521,0.0006642772805776076,0.019652504738329985,0.05362229890894985,0.08105630263458381
44,validation,Calibrated Level-1 GIN,9,364,66,0.16055245563100304,0.1813186813186813,0.1430969345855953,0.22481567839638522,0.08105630263458381,0.3771282883269505
44,validation,Calibrated Level-1 GIN,10,365,294,0.7310482106219303,0.8054794520547945,0.7610855908847043,0.8448363248645567,0.3771282883269505,0.9998333676783682
44,validation,Calibrated Level-1 GIN,11,1,1,0.9998333676783682,1.0,0.025,1.0,0.9998333676783682,1.0
44,validation,Final selective score,1,365,7,0.00010947597937968406,0.019178082191780823,0.007744499597647735,0.03911335910044159,2.1472011762507929e-13,0.00045226134071642006
44,validation,Final selective score,2,365,5,0.0014703572290835675,0.0136986301369863,0.004462470879842675,0.031676888969783205,0.00045226134071642006,0.002901243226633362
44,validation,Final selective score,3,365,6,0.005124376108184359,0.01643835616438356,0.006055868522192955,0.035434313328415096,0.002901243226633362,0.007951661086094802
44,validation,Final selective score,4,364,4,0.011848332019944428,0.01098901098901099,0.003002027462491504,0.02789578758815802,0.007951661086094802,0.015975831505174766
44,validation,Final selective score,5,365,2,0.020888842801018898,0.005479452054794521,0.0006642772805776076,0.019652504738329985,0.015975831505174766,0.0259982241169482
44,validation,Final selective score,6,365,5,0.031628096511594185,0.0136986301369863,0.004462470879842675,0.031676888969783205,0.0259982241169482,0.03751892816298881
44,validation,Final selective score,7,364,1,0.04564848649520941,0.0027472527472527475,6.955199868683924e-05,0.01521093570676284,0.03751892816298881,0.053543562073570285
44,validation,Final selective score,8,365,3,0.06299753226841737,0.00821917808219178,0.0016982100333919963,0.023830812476342136,0.053543562073570285,0.0747203370598701
44,validation,Final selective score,9,365,54,0.16477030513368754,0.14794520547945206,0.1131357278221658,0.18858683237462748,0.0747203370598701,0.48004967174744595
44,validation,Final selective score,10,364,305,0.7708399629371321,0.8379120879120879,0.7959572760846734,0.8742626597998464,0.48004967174744595,0.9998333676783682
44,validation,Final selective score,11,1,1,0.9998333676783682,1.0,0.025,1.0,0.9998333676783682,1.0
44,test,Raw Level-1 GIN,1,365,1,0.01726517582852126,0.0027397260273972603,6.936145187446339e-05,0.01516952265598773,3.0432048e-07,0.0463702924
44,test,Raw Level-1 GIN,2,365,2,0.07820233660821918,0.005479452054794521,0.0006642772805776076,0.019652504738329985,0.0463702924,0.10851812400000001
44,test,Raw Level-1 GIN,3,365,2,0.13318855591506848,0.005479452054794521,0.0006642772805776076,0.019652504738329985,0.10851812400000001,0.15458135300000003
44,test,Raw Level-1 GIN,4,364,2,0.177014826510989,0.005494505494505495,0.0006661041233522713,0.019706107659980467,0.15458135300000003,0.197981572
44,test,Raw Level-1 GIN,5,365,3,0.2155353477260274,0.00821917808219178,0.0016982100333919963,0.023830812476342136,0.197981572,0.231606725
44,test,Raw Level-1 GIN,6,365,2,0.2492457946027397,0.005479452054794521,0.0006642772805776076,0.019652504738329985,0.231606725,0.264960872
44,test,Raw Level-1 GIN,7,364,2,0.2793281358241758,0.005494505494505495,0.0006661041233522713,0.019706107659980467,0.264960872,0.293767713
44,test,Raw Level-1 GIN,8,365,3,0.30945666410958905,0.00821917808219178,0.0016982100333919963,0.023830812476342136,0.293767713,0.326408692
44,test,Raw Level-1 GIN,9,365,9,0.34523666698630134,0.024657534246575342,0.011335599491507758,0.04629016146473922,0.326408692,0.366258679
44,test,Raw Level-1 GIN,10,364,134,0.5259133416483517,0.36813186813186816,0.3184626938247288,0.4199653719781459,0.366258679,0.9998276
44,test,Raw Level-1 GIN,11,1,1,0.9998276,1.0,0.025,1.0,0.9998276,1.0
44,test,Calibrated Level-1 GIN,1,365,1,0.00014038895962636893,0.0027397260273972603,6.936145187446339e-05,0.01516952265598773,2.1472011762507929e-13,0.00060493802573493
44,test,Calibrated Level-1 GIN,2,365,2,0.0019933364457590413,0.005479452054794521,0.0006642772805776076,0.019652504738329985,0.00060493802573493,0.003835826974889141
44,test,Calibrated Level-1 GIN,3,365,2,0.006218419965776282,0.005479452054794521,0.0006642772805776076,0.019652504738329985,0.003835826974889141,0.008669958118210775
44,test,Calibrated Level-1 GIN,4,364,2,0.012100255275399771,0.005494505494505495,0.0006661041233522713,0.019706107659980467,0.008669958118210775,0.01576636093925516
44,test,Calibrated Level-1 GIN,5,365,3,0.01957944749914334,0.00821917808219178,0.0016982100333919963,0.023830812476342136,0.01576636093925516,0.023400100255244798
44,test,Calibrated Level-1 GIN,6,365,2,0.028392358785897527,0.005479452054794521,0.0006642772805776076,0.019652504738329985,0.023400100255244798,0.03322760429243779
44,test,Calibrated Level-1 GIN,7,364,2,0.03835060214961732,0.005494505494505495,0.0006661041233522713,0.019706107659980467,0.03322760429243779,0.04386110858601492
44,test,Calibrated Level-1 GIN,8,365,3,0.050745910718516,0.00821917808219178,0.0016982100333919963,0.023830812476342136,0.04386110858601492,0.05874411604896934
44,test,Calibrated Level-1 GIN,9,365,9,0.06911919522066136,0.024657534246575342,0.011335599491507758,0.04629016146473922,0.05874411604896934,0.08174966255656242
44,test,Calibrated Level-1 GIN,10,364,134,0.292403985175975,0.36813186813186816,0.3184626938247288,0.4199653719781459,0.08174966255656242,0.9999999040334594
44,test,Calibrated Level-1 GIN,11,1,1,0.9999999040334594,1.0,0.025,1.0,0.9999999040334594,1.0
44,test,Final selective score,1,365,1,0.00014038895962636893,0.0027397260273972603,6.936145187446339e-05,0.01516952265598773,2.1472011762507929e-13,0.00060493802573493
44,test,Final selective score,2,365,2,0.0019933364457590413,0.005479452054794521,0.0006642772805776076,0.019652504738329985,0.00060493802573493,0.003835826974889141
44,test,Final selective score,3,365,2,0.006218419965776282,0.005479452054794521,0.0006642772805776076,0.019652504738329985,0.003835826974889141,0.008669958118210775
44,test,Final selective score,4,364,2,0.012100255275399771,0.005494505494505495,0.0006661041233522713,0.019706107659980467,0.008669958118210775,0.01576636093925516
44,test,Final selective score,5,365,3,0.01957944749914334,0.00821917808219178,0.0016982100333919963,0.023830812476342136,0.01576636093925516,0.023400100255244798
44,test,Final selective score,6,365,2,0.028392358785897527,0.005479452054794521,0.0006642772805776076,0.019652504738329985,0.023400100255244798,0.03322760429243779
44,test,Final selective score,7,364,2,0.03835060214961732,0.005494505494505495,0.0006661041233522713,0.019706107659980467,0.03322760429243779,0.04386110858601492
44,test,Final selective score,8,365,3,0.05063513063989683,0.00821917808219178,0.0016982100333919963,0.023830812476342136,0.04386110858601492,0.05828120242842958
44,test,Final selective score,9,365,10,0.06753220740366732,0.0273972602739726,0.013214566135558268,0.04980619921019204,0.05828120242842958,0.0779311783330175
44,test,Final selective score,10,364,133,0.3149325741875666,0.36538461538461536,0.3158155302790358,0.41716323939772876,0.0779311783330175,0.9999999040334594
44,test,Final selective score,11,1,1,0.9999999040334594,1.0,0.025,1.0,0.9999999040334594,1.0
55,validation,Raw Level-1 GIN,1,365,4,0.003775871788985412,0.010958904109589041,0.002993781069519531,0.027820015592781334,2.3235335e-17,0.01289293795
55,validation,Raw Level-1 GIN,2,365,8,0.02581906894246575,0.021917808219178082,0.009508936214363233,0.04272849339918929,0.01289293795,0.0379958398
55,validation,Raw Level-1 GIN,3,365,5,0.05054294672876713,0.0136986301369863,0.004462470879842675,0.031676888969783205,0.0379958398,0.06386860450000001
55,validation,Raw Level-1 GIN,4,364,1,0.08017396888186813,0.0027472527472527475,6.955199868683924e-05,0.01521093570676284,0.06386860450000001,0.09733830880000002
55,validation,Raw Level-1 GIN,5,365,3,0.11551282324931508,0.00821917808219178,0.0016982100333919963,0.023830812476342136,0.09733830880000002,0.135602875
55,validation,Raw Level-1 GIN,6,365,4,0.15691712394520546,0.010958904109589041,0.002993781069519531,0.027820015592781334,0.135602875,0.1799967260000001
55,validation,Raw Level-1 GIN,7,364,3,0.2058303220879121,0.008241758241758242,0.001702884339684522,0.023895762568272385,0.1799967260000001,0.23375800600000002
55,validation,Raw Level-1 GIN,8,365,7,0.26611093252054796,0.019178082191780823,0.007744499597647735,0.03911335910044159,0.23375800600000002,0.302480156
55,validation,Raw Level-1 GIN,9,365,53,0.38766761619178075,0.14520547945205478,0.11069817786272987,0.18559237588439226,0.302480156,0.5877165790000005
55,validation,Raw Level-1 GIN,10,364,304,0.8397332583791207,0.8351648351648352,0.7929789053429217,0.871793724285638,0.5877165790000005,0.9951198
55,validation,Raw Level-1 GIN,11,1,1,0.9951198,1.0,0.025,1.0,0.9951198,1.0
55,validation,Calibrated Level-1 GIN,1,365,4,5.734237410941352e-05,0.010958904109589041,0.002993781069519531,0.027820015592781334,5.549222763588093e-11,0.00028361667257156007
55,validation,Calibrated Level-1 GIN,2,365,8,0.0009393313608878401,0.021917808219178082,0.009508936214363233,0.04272849339918929,0.00028361667257156007,0.0017194439649382601
55,validation,Calibrated Level-1 GIN,3,365,5,0.002832075086461011,0.0136986301369863,0.004462470879842675,0.031676888969783205,0.0017194439649382601,0.00418060340568778
55,validation,Calibrated Level-1 GIN,4,364,1,0.006285153109269869,0.0027472527472527475,6.955199868683924e-05,0.01521093570676284,0.00418060340568778,0.008775396068556063
55,validation,Calibrated Level-1 GIN,5,365,3,0.01203826630900588,0.00821917808219178,0.0016982100333919963,0.023830812476342136,0.008775396068556063,0.0160476123854316
55,validation,Calibrated Level-1 GIN,6,365,4,0.021240643979400342,0.010958904109589041,0.002993781069519531,0.027820015592781334,0.0160476123854316,0.027425221542125264
55,validation,Calibrated Level-1 GIN,7,364,3,0.035881031883939374,0.008241758241758242,0.001702884339684522,0.023895762568272385,0.027425221542125264,0.04600135184879562
55,validation,Calibrated Level-1 GIN,8,365,7,0.06050499091611588,0.019178082191780823,0.007744499597647735,0.03911335910044159,0.04600135184879562,0.07880001809634465
55,validation,Calibrated Level-1 GIN,9,365,53,0.14768606664457598,0.14520547945205478,0.11069817786272987,0.18559237588439226,0.07880001809634465,0.3730636576886556
55,validation,Calibrated Level-1 GIN,10,364,304,0.7888158335160006,0.8351648351648352,0.7929789053429217,0.871793724285638,0.3730636576886556,0.9994847229034428
55,validation,Calibrated Level-1 GIN,11,1,1,0.9994847229034428,1.0,0.025,1.0,0.9994847229034428,1.0
55,validation,Final selective score,1,365,4,5.734237410941352e-05,0.010958904109589041,0.002993781069519531,0.027820015592781334,5.549222763588093e-11,0.00028361667257156007
55,validation,Final selective score,2,365,8,0.0009393313608878401,0.021917808219178082,0.009508936214363233,0.04272849339918929,0.00028361667257156007,0.0017194439649382601
55,validation,Final selective score,3,365,5,0.002832075086461011,0.0136986301369863,0.004462470879842675,0.031676888969783205,0.0017194439649382601,0.00418060340568778
55,validation,Final selective score,4,364,1,0.006285153109269869,0.0027472527472527475,6.955199868683924e-05,0.01521093570676284,0.00418060340568778,0.008775396068556063
55,validation,Final selective score,5,365,3,0.01203826630900588,0.00821917808219178,0.0016982100333919963,0.023830812476342136,0.008775396068556063,0.0160476123854316
55,validation,Final selective score,6,365,4,0.021240643979400342,0.010958904109589041,0.002993781069519531,0.027820015592781334,0.0160476123854316,0.027425221542125264
55,validation,Final selective score,7,364,3,0.035881031883939374,0.008241758241758242,0.001702884339684522,0.023895762568272385,0.027425221542125264,0.04600135184879562
55,validation,Final selective score,8,365,7,0.06050499091611588,0.019178082191780823,0.007744499597647735,0.03911335910044159,0.04600135184879562,0.07880001809634465
55,validation,Final selective score,9,365,56,0.13511970286831682,0.15342465753424658,0.11802361962979252,0.19456322602075307,0.07880001809634465,0.3739557716159469
55,validation,Final selective score,10,364,301,0.7903954768151648,0.8269230769230769,0.7840658112782254,0.8643644823730321,0.3739557716159469,0.9994847229034428
55,validation,Final selective score,11,1,1,0.9994847229034428,1.0,0.025,1.0,0.9994847229034428,1.0
55,test,Raw Level-1 GIN,1,365,1,0.0019103229373215536,0.0027397260273972603,6.936145187446339e-05,0.01516952265598773,5.9378016e-20,0.007981642350000002
55,test,Raw Level-1 GIN,2,365,3,0.0214582208260274,0.00821917808219178,0.0016982100333919963,0.023830812476342136,0.007981642350000002,0.035249172800000006
55,test,Raw Level-1 GIN,3,365,2,0.04892510238082192,0.005479452054794521,0.0006642772805776076,0.019652504738329985,0.035249172800000006,0.0617246285
55,test,Raw Level-1 GIN,4,364,0,0.07619130497252748,0.0,0.0,0.010083105389156894,0.0617246285,0.09174120400000002
55,test,Raw Level-1 GIN,5,365,3,0.10623873350684933,0.00821917808219178,0.0016982100333919963,0.023830812476342136,0.09174120400000002,0.12166465800000001
55,test,Raw Level-1 GIN,6,365,2,0.13754833846575343,0.005479452054794521,0.0006642772805776076,0.019652504738329985,0.12166465800000001,0.1538647040000001
55,test,Raw Level-1 GIN,7,364,1,0.17036951675824175,0.0027472527472527475,6.955199868683924e-05,0.01521093570676284,0.1538647040000001,0.18936717800000002
55,test,Raw Level-1 GIN,8,365,3,0.20891237698630138,0.00821917808219178,0.0016982100333919963,0.023830812476342136,0.18936717800000002,0.22922432800000003
55,test,Raw Level-1 GIN,9,365,7,0.2600192488219178,0.019178082191780823,0.007744499597647735,0.03911335910044159,0.22922432800000003,0.296561757
55,test,Raw Level-1 GIN,10,364,138,0.4953539903296703,0.3791208791208791,0.3290684606989829,0.43115686479787946,0.296561757,0.99950457
55,test,Raw Level-1 GIN,11,1,1,0.99950457,1.0,0.025,1.0,0.99950457,1.0
55,test,Calibrated Level-1 GIN,1,365,1,2.175019706973983e-05,0.0027397260273972603,6.936145187446339e-05,0.01516952265598773,5.549222763588093e-11,0.00012877928564806006
55,test,Calibrated Level-1 GIN,2,365,3,0.0007189935842778208,0.00821917808219178,0.0016982100333919963,0.023830812476342136,0.00012877928564806006,0.0015147655200562003
55,test,Calibrated Level-1 GIN,3,365,2,0.0026846222006123234,0.005479452054794521,0.0006642772805776076,0.019652504738329985,0.0015147655200562003,0.003940530904937001
55,test,Calibrated Level-1 GIN,4,364,0,0.005740912482462342,0.0,0.0,0.010083105389156894,0.003940530904937001,0.007895085241257583
55,test,Calibrated Level-1 GIN,5,365,3,0.010325122213057406,0.00821917808219178,0.0016982100333919963,0.023830812476342136,0.007895085241257583,0.0131399438771453
55,test,Calibrated Level-1 GIN,6,365,2,0.01655171645986558,0.005479452054794521,0.0006642772805776076,0.019652504738329985,0.0131399438771453,0.02032662304005729
55,test,Calibrated Level-1 GIN,7,364,1,0.024757780944014374,0.0027472527472527475,6.955199868683924e-05,0.01521093570676284,0.02032662304005729,0.030264859874740237
55,test,Calibrated Level-1 GIN,8,365,3,0.03685146773974197,0.00821917808219178,0.0016982100333919963,0.023830812476342136,0.030264859874740237,0.04421246903482009
55,test,Calibrated Level-1 GIN,9,365,7,0.057625154125271506,0.019178082191780823,0.007744499597647735,0.03911335910044159,0.04421246903482009,0.07552641412460462
55,test,Calibrated Level-1 GIN,10,364,138,0.3001954878315574,0.3791208791208791,0.3290684606989829,0.43115686479787946,0.07552641412460462,0.9999876993721268
55,test,Calibrated Level-1 GIN,11,1,1,0.9999876993721268,1.0,0.025,1.0,0.9999876993721268,1.0
55,test,Final selective score,1,365,1,2.175019706973983e-05,0.0027397260273972603,6.936145187446339e-05,0.01516952265598773,5.549222763588093e-11,0.00012877928564806006
55,test,Final selective score,2,365,3,0.0007189935842778208,0.00821917808219178,0.0016982100333919963,0.023830812476342136,0.00012877928564806006,0.0015147655200562003
55,test,Final selective score,3,365,2,0.0026846222006123234,0.005479452054794521,0.0006642772805776076,0.019652504738329985,0.0015147655200562003,0.003940530904937001
55,test,Final selective score,4,364,0,0.005740912482462342,0.0,0.0,0.010083105389156894,0.003940530904937001,0.007895085241257583
55,test,Final selective score,5,365,3,0.010325122213057406,0.00821917808219178,0.0016982100333919963,0.023830812476342136,0.007895085241257583,0.0131399438771453
55,test,Final selective score,6,365,2,0.01655171645986558,0.005479452054794521,0.0006642772805776076,0.019652504738329985,0.0131399438771453,0.02032662304005729
55,test,Final selective score,7,364,1,0.024757780944014374,0.0027472527472527475,6.955199868683924e-05,0.01521093570676284,0.02032662304005729,0.030264859874740237
55,test,Final selective score,8,365,3,0.03685146773974197,0.00821917808219178,0.0016982100333919963,0.023830812476342136,0.030264859874740237,0.04421246903482009
55,test,Final selective score,9,365,7,0.057625154125271506,0.019178082191780823,0.007744499597647735,0.03911335910044159,0.04421246903482009,0.07552641412460462
55,test,Final selective score,10,364,138,0.2908183876942437,0.3791208791208791,0.3290684606989829,0.43115686479787946,0.07552641412460462,0.9999876993721268
55,test,Final selective score,11,1,1,0.9999876993721268,1.0,0.025,1.0,0.9999876993721268,1.0
