events,rss_bytes,python_current_bytes,python_peak_bytes,cuda_allocated_bytes,cuda_reserved_bytes,store_entries,store_edges,store_serialized_bytes,cache_entries,cache_payload_bytes,queue_depth,trace_rows,trace_serialized_bytes,source_preload_logical_bytes,metric_array_bytes,reference_numpy_bytes,model_parameter_bytes,cpu_tensor_bytes
0,1450254336,1870568,99838804,8591360,23068672,0,0,41,0,0,0,0,5,81179873,1800000,4425200,59156,0
1000,1468305408,2795758,99838804,8591360,23068672,13,204,40205,9,3447,0,1000,312989,81179873,1800000,4425200,59156,0
2000,1393881088,3015504,99838804,8591360,23068672,31,529,106027,21,8043,0,1000,312053,81179873,1800000,4425200,59156,0
3000,1385226240,3185554,99838804,8591360,23068672,37,658,132371,30,11490,0,1000,313001,81179873,1800000,4425200,59156,0
4000,1385324544,3084415,99838804,8591360,23068672,26,447,90100,21,8043,0,1000,313097,81179873,1800000,4425200,59156,0
5000,1385467904,3146853,99838804,8591360,23068672,41,721,144407,28,10724,0,1000,312346,81179873,1800000,4425200,59156,0
6000,1385537536,3423894,99838804,8591360,23068672,70,1370,275870,48,18384,0,1000,311108,81179873,1800000,4425200,59156,0
7000,1386078208,3670052,99838804,8591360,23068672,96,1975,397314,72,27576,0,1000,311094,81179873,1800000,4425200,59156,0
8000,1390166016,3930234,99838804,8591360,23068672,130,2613,527557,94,36002,0,1000,310833,81179873,1800000,4425200,59156,0
9000,1393864704,3971498,99838804,8591360,23068672,141,2850,574274,105,40215,0,1000,311857,81179873,1800000,4425200,59156,0
10000,1393528832,4078532,99838804,8591360,23068672,151,3113,630828,116,44428,0,1000,310199,81179873,1800000,4425200,59156,0
11000,1397235712,4063116,99838804,8591360,23068672,140,2823,571368,106,40598,0,1000,308675,81179873,1800000,4425200,59156,0
12000,1397227520,4154415,99838804,8591360,23068672,155,3147,635673,115,44045,0,1000,309696,81179873,1800000,4425200,59156,0
13000,1400901632,4276882,99838804,8591360,23068672,166,3490,704072,126,48258,0,1000,308490,81179873,1800000,4425200,59156,0
14000,1402822656,4333073,99838804,8591360,23068672,179,3708,741748,137,52471,0,1000,307066,81179873,1800000,4425200,59156,0
15000,1411375104,4463555,99838804,8591360,23068672,203,4134,826586,147,56301,0,1000,305415,81179873,1800000,4425200,59156,0
16000,1411657728,4762450,99838804,8591360,23068672,225,4817,964090,174,66642,0,1000,305341,81179873,1800000,4425200,59156,0
17000,1414656000,4913764,99838804,8591360,23068672,241,5295,1060375,188,72004,0,1000,306719,81179873,1800000,4425200,59156,0
18000,1415000064,5123458,99838804,8591360,23068672,258,5694,1140309,204,78132,0,1000,308273,81179873,1800000,4425200,59156,0
19000,1415335936,5196870,99838804,8591360,23068672,268,5861,1173996,208,79664,0,1000,309448,81179873,1800000,4425200,59156,0
20000,1416142848,5229213,99838804,8591360,23068672,283,6008,1204987,215,82345,0,1000,307711,81179873,1800000,4425200,59156,0
21000,1414471680,5437547,99838804,8591360,23068672,291,6481,1298370,229,87707,0,1000,307853,81179873,1800000,4425200,59156,0
22000,1414500352,5423654,99838804,8591360,23068672,290,6316,1265504,229,87707,0,1000,309613,81179873,1800000,4425200,59156,0
23000,1416949760,5238229,99838804,8591360,23068672,269,5682,1140042,211,80813,0,1000,307600,81179873,1800000,4425200,59156,0
24000,1417904128,5013988,99838804,8591360,23068672,249,5003,1004534,190,72770,0,1000,308743,81179873,1800000,4425200,59156,0
25000,1417957376,5075705,99838804,8591360,23068672,252,4925,989289,196,75068,0,1000,307412,81179873,1800000,4425200,59156,0
26000,1417146368,4814754,99838804,8591360,23068672,234,4504,909468,182,69706,0,1000,307694,81179873,1800000,4425200,59156,0
27000,1417068544,4869091,99838804,8591360,23068672,222,4429,897432,176,67408,0,1000,308349,81179873,1800000,4425200,59156,0
28000,1417125888,4928388,99838804,8591360,23068672,238,4453,906263,179,68557,0,1000,307930,81179873,1800000,4425200,59156,0
29000,1417138176,4939346,99838804,8591360,23068672,240,4635,941969,189,72387,0,1000,307653,81179873,1800000,4425200,59156,0
30000,1417187328,4972580,99838804,8591360,23068672,261,4841,984782,197,75451,0,1000,307098,81179873,1800000,4425200,59156,0
31000,1417203712,4981927,99838804,8591360,23068672,265,5100,1036141,201,76983,0,1000,304918,81179873,1800000,4425200,59156,0
32000,1417224192,5199901,99838804,8591360,23068672,287,5552,1125571,222,85026,0,1000,306215,81179873,1800000,4425200,59156,0
33000,1417351168,5267779,99838804,8591360,23068672,306,5755,1169285,221,84643,0,1000,302282,81179873,1800000,4425200,59156,0
34000,1417281536,5356790,99838804,8591360,23068672,307,6009,1220671,225,86175,0,1000,305135,81179873,1800000,4425200,59156,0
35000,1417371648,5417796,99838804,8591360,23068672,321,6360,1289797,235,90005,0,1000,305775,81179873,1800000,4425200,59156,0
36000,1417535488,5688684,99838804,8591360,23068672,346,6964,1411300,258,98814,0,1000,305269,81179873,1800000,4425200,59156,0
37000,1417797632,5689779,99838804,8591360,23068672,357,7199,1459374,268,102644,0,1000,303751,81179873,1800000,4425200,59156,0
38000,1418133504,5732092,99838804,8591360,23068672,366,7286,1479067,273,104559,0,1000,305069,81179873,1800000,4425200,59156,0
39000,1418227712,5696967,99838804,8591360,23068672,358,6939,1407865,261,99963,0,1000,304002,81179873,1800000,4425200,59156,0
40000,1418346496,5540352,99838804,8591360,23068672,358,6633,1350802,250,95750,0,1000,304018,81179873,1800000,4425200,59156,0
41000,1418231808,5485864,99838804,8591360,23068672,337,6028,1225884,242,92686,0,1000,304971,81179873,1800000,4425200,59156,0
42000,1418285056,5414587,99838804,8591360,23068672,301,5526,1123747,218,83494,0,1000,304786,81179873,1800000,4425200,59156,0
43000,1418301440,5340695,99838804,8591360,23068672,276,5066,1029709,196,75068,0,1000,304485,81179873,1800000,4425200,59156,0
44000,1418407936,5128528,99838804,8591360,23068672,267,4950,1005265,190,72770,0,1000,305685,81179873,1800000,4425200,59156,0
45000,1418305536,5185045,99838804,8591360,23068672,272,5185,1053194,202,77366,0,1000,305141,81179873,1800000,4425200,59156,0
46000,1418358784,5211553,99838804,8591360,23068672,281,5527,1123281,215,82345,0,1000,304391,81179873,1800000,4425200,59156,0
47000,1418461184,5295964,99838804,8591360,23068672,261,4866,988408,196,75068,0,1000,303166,81179873,1800000,4425200,59156,0
48000,1418358784,5102091,99838804,8591360,23068672,239,4344,885030,180,68940,0,1000,304241,81179873,1800000,4425200,59156,0
49000,1418424320,4827986,99838804,8591360,23068672,209,3823,776917,149,57067,0,1000,305196,81179873,1800000,4425200,59156,0
50000,1418444800,4595077,99838804,8591360,23068672,193,3372,685052,137,52471,0,1000,305330,81179873,1800000,4425200,59156,0
51000,1418821632,5379510,99838804,8591360,23068672,199,3618,735473,147,56301,0,1000,305957,81179873,1800000,4425200,59156,0
52000,1419071488,5175786,99838804,8591360,23068672,202,3664,742966,147,56301,0,1000,307435,81179873,1800000,4425200,59156,0
53000,1419001856,5006544,99838804,8591360,23068672,213,3808,774380,156,59748,0,1000,304875,81179873,1800000,4425200,59156,0
54000,1419046912,4879695,99838804,8591360,23068672,226,3889,794541,158,60514,0,1000,304229,81179873,1800000,4425200,59156,0
55000,1419018240,4711236,99838804,8591360,23068672,229,3890,799664,156,59748,0,1000,306772,81179873,1800000,4425200,59156,0
56000,1419038720,4692825,99838804,8591360,23068672,227,3738,769627,150,57450,0,1000,308110,81179873,1800000,4425200,59156,0
57000,1419128832,4609899,99838804,8591360,23068672,216,3630,749149,144,55152,0,1000,308036,81179873,1800000,4425200,59156,0
58000,1419091968,4399495,99838804,8591360,23068672,199,3505,721523,135,51705,0,1000,307246,81179873,1800000,4425200,59156,0
59000,1418616832,4486500,99838804,8591360,23068672,216,3599,740579,142,54386,0,1000,307110,81179873,1800000,4425200,59156,0
60000,1418649600,4566929,99838804,8591360,23068672,229,3914,802104,159,60897,0,1000,306739,81179873,1800000,4425200,59156,0
61000,1418711040,4665166,99838804,8591360,23068672,236,4256,872616,170,65110,0,1000,307230,81179873,1800000,4425200,59156,0
62000,1418723328,4779698,99838804,8591360,23068672,255,4665,957338,184,70472,0,1000,307097,81179873,1800000,4425200,59156,0
63000,1418706944,4951797,99838804,8591360,23068672,273,5092,1045384,203,77749,0,1000,306008,81179873,1800000,4425200,59156,0
64000,1418756096,5016466,99838804,8591360,23068672,283,5227,1076421,211,80813,0,1000,305988,81179873,1800000,4425200,59156,0
65000,1418776576,5260959,99838804,8591360,23068672,293,5552,1142460,220,84260,0,1000,307297,81179873,1800000,4425200,59156,0
66000,1418821632,5290600,99838804,8591360,23068672,313,5982,1233098,235,90005,0,1000,307020,81179873,1800000,4425200,59156,0
67000,1418768384,5440052,99838804,8591360,23068672,333,6311,1300468,250,95750,0,1000,303175,81179873,1800000,4425200,59156,0
68000,1418805248,5624143,99838804,8591360,23068672,350,6689,1379416,270,103410,0,1000,305640,81179873,1800000,4425200,59156,0
69000,1418907648,5787989,99838804,8591360,23068672,359,6845,1412071,280,107240,0,1000,305939,81179873,1800000,4425200,59156,0
70000,1418387456,5809108,99838804,8591360,23068672,369,7259,1496186,284,108772,0,1000,306927,81179873,1800000,4425200,59156,0
71000,1418678272,6013209,99838804,8591360,23068672,390,7823,1609127,300,114900,0,1000,304962,81179873,1800000,4425200,59156,0
72000,1418825728,6186575,99838804,8591360,23068672,399,8147,1675521,311,119113,0,1000,306842,81179873,1800000,4425200,59156,0
73000,1420484608,6228420,99838804,8591360,23068672,416,8453,1734217,316,121028,0,1000,305905,81179873,1800000,4425200,59156,0
74000,1420570624,6299073,99838804,8591360,23068672,417,8758,1792960,323,123709,0,1000,306336,81179873,1800000,4425200,59156,0
75000,1421524992,6412413,99838804,8591360,23068672,428,8882,1818413,329,126007,0,1000,305778,81179873,1800000,4425200,59156,0
76000,1421471744,6504373,99838804,8591360,23068672,432,8978,1837137,332,127156,0,1000,304413,81179873,1800000,4425200,59156,0
77000,1421524992,6500120,99838804,8591360,23068672,438,8817,1806039,328,125624,0,1000,301916,81179873,1800000,4425200,59156,0
78000,1421602816,6618421,99838804,8591360,23068672,460,9142,1874646,338,129454,0,1000,303528,81179873,1800000,4425200,59156,0
79000,1421651968,6586734,99838804,8591360,23068672,459,9187,1881906,338,129454,0,1000,305905,81179873,1800000,4425200,59156,0
80000,1421803520,6591319,99838804,8591360,23068672,454,8920,1826840,326,124858,0,1000,304394,81179873,1800000,4425200,59156,0
81000,1421709312,6377356,99838804,8591360,23068672,436,8477,1737541,318,121794,0,1000,307398,81179873,1800000,4425200,59156,0
82000,1421762560,6142890,99838804,8591360,23068672,414,7728,1592156,296,113368,0,1000,307903,81179873,1800000,4425200,59156,0
83000,1421860864,6129479,99838804,8591360,23068672,421,7681,1587907,294,112602,0,1000,307864,81179873,1800000,4425200,59156,0
84000,1421783040,6093925,99838804,8591360,23068672,415,7580,1574638,287,109921,0,1000,307912,81179873,1800000,4425200,59156,0
85000,1421824000,6126591,99838804,8591360,23068672,412,7719,1601589,287,109921,0,1000,307127,81179873,1800000,4425200,59156,0
86000,1421836288,6232572,99838804,8591360,23068672,420,7912,1645547,290,111070,0,1000,305853,81179873,1800000,4425200,59156,0
87000,1421787136,6226515,99838804,8591360,23068672,423,7861,1635708,290,111070,0,1000,305996,81179873,1800000,4425200,59156,0
88000,1421836288,6126123,99838804,8591360,23068672,420,7583,1576760,289,110687,0,1000,308171,81179873,1800000,4425200,59156,0
89000,1421856768,6188606,99838804,8591360,23068672,416,7510,1561000,297,113751,0,1000,308206,81179873,1800000,4425200,59156,0
90000,1421873152,6178150,99838804,8591360,23068672,423,7706,1606286,303,116049,0,1000,307642,81179873,1800000,4425200,59156,0
91000,1421893632,6255013,99838804,8591360,23068672,425,7859,1637298,304,116432,0,1000,308465,81179873,1800000,4425200,59156,0
92000,1421996032,6197548,99838804,8591360,23068672,422,7989,1660179,299,114517,0,1000,307579,81179873,1800000,4425200,59156,0
93000,1421889536,6169902,99838804,8591360,23068672,436,8179,1697602,314,120262,0,1000,308958,81179873,1800000,4425200,59156,0
94000,1421975552,6246052,99838804,8591360,23068672,436,8070,1670596,309,118347,0,1000,306022,81179873,1800000,4425200,59156,0
95000,1422028800,6328499,99838804,8591360,23068672,442,8238,1709359,317,121411,0,1000,309223,81179873,1800000,4425200,59156,0
96000,1422020608,6374357,99838804,8591360,23068672,451,8397,1747120,330,126390,0,1000,307114,81179873,1800000,4425200,59156,0
97000,1422028800,6493135,99838804,8591360,23068672,468,8766,1822248,339,129837,0,1000,307124,81179873,1800000,4425200,59156,0
98000,1422082048,6453743,99838804,8591360,23068672,473,8892,1845619,337,129071,0,1000,307000,81179873,1800000,4425200,59156,0
99000,1422094336,6559714,99838804,8591360,23068672,474,9130,1892225,343,131369,0,1000,304773,81179873,1800000,4425200,59156,0
100000,1422155776,6707955,99838804,8591360,23068672,483,9414,1951491,356,136348,0,1000,305163,81179873,1800000,4425200,59156,0
100000,1422196736,5941207,99838804,8591360,23068672,483,9414,1951491,356,136348,0,0,5,81179873,1800000,4425200,59156,0
