seed,metric,delta,ci_low,ci_high
11,f1,0.02493506493506492,-0.004566236139954422,0.05569886490485121
11,pr_auc,0.01613352806147439,0.005300017276723368,0.027694465898062518
11,mcc,0.02881119854269998,-0.0005056999353425545,0.06033905026031351
11,fraud_recall,0.012422360248447173,-0.018633540372670843,0.0496894409937888
22,f1,0.1325542749932993,0.08086807747014044,0.1889790865765566
22,pr_auc,0.045678067042989934,0.01822864916596819,0.07489102827617475
22,mcc,0.13159440481941287,0.07908668235077088,0.18683004931030217
22,fraud_recall,0.19875776397515527,0.13664596273291924,0.26086956521739135
33,f1,-0.04508342676251409,-0.09177896634936547,-0.004483981538508833
33,pr_auc,0.035608190813592455,0.015615286260437147,0.05639837538710337
33,mcc,-0.02700886577996553,-0.07205454535965473,0.013674741871014091
33,fraud_recall,-0.10559006211180127,-0.15527950310559002,-0.06211180124223603
44,f1,-0.08846858621971065,-0.13853623012501515,-0.04351179264927293
44,pr_auc,0.007369645140825387,-0.002726447920139247,0.01840021690880054
44,mcc,-0.0741719120369102,-0.1226852568190369,-0.030562011334757222
44,fraud_recall,-0.14906832298136652,-0.20496894409937888,-0.0931677018633541
55,f1,-0.036272140704018296,-0.0713678460018176,-0.005939591289348495
55,pr_auc,0.00605112978567357,-0.0001583502119800794,0.012885328838788974
55,mcc,-0.02974697156938011,-0.06317600995598262,0.00046002180488682914
55,fraud_recall,-0.06832298136645965,-0.10559006211180133,-0.031055900621118016
