experiment_id,backbone,chain_scope,method,budget,ap_mean,ap_std,ap_count,f1_mean,f1_std,f1_count,recall_mean,recall_std,recall_count,precision_mean,precision_std,precision_count,mcc_mean,mcc_std,mcc_count,deep_fraction_mean,deep_fraction_std,deep_fraction_count,fp_per_1000_mean,fp_per_1000_std,fp_per_1000_count,alert_rate_mean,alert_rate_std,alert_rate_count,N_mean,N_std,N_count,N_positive_mean,N_positive_std,N_positive_count,tp_mean,tp_std,tp_count,tn_mean,tn_std,tn_count,fp_mean,fp_std,fp_count,fn_mean,fn_std,fn_count
loco_bsc,GIN,bsc,full,1.0,0.199039413624436,0.0522755786970119,5,0.3694236181470224,0.0670880669702577,5,0.408,0.0995991967839098,5,0.3404694971324559,0.041815906050042,5,0.3564616949781319,0.0686374079101584,5,1.0,0.0,5,17.244444444444444,2.2310934040908674,5,0.026311111111111,0.0042443862706891,5,1125.0,0.0,5,25.0,0.0,5,10.2,2.489979919597747,5,1080.6,2.509980079602212,5,19.4,2.5099800796022262,5,14.8,2.489979919597747,5
loco_bsc,GIN,bsc,local,0.0,0.270340736386743,0.0322881651138388,5,0.3050085964947782,0.1175908440223583,5,0.256,0.1538830724933707,5,0.4706349206349206,0.0630939902042914,5,0.3213695086217968,0.0933730515071266,5,0.0,0.0,5,6.933333333333335,5.384935548750564,5,0.0126222222222221,0.0086956779387701,5,1125.0,0.0,5,25.0,0.0,5,6.4,3.847076812334269,5,1092.2,6.058052492344373,5,7.8,6.058052492344384,5,18.6,3.847076812334269,5
loco_bsc,GIN,bsc,margin,0.25,0.1998699816031379,0.048145380249081,5,0.3730490538965115,0.063121383050202,5,0.408,0.0995991967839098,5,0.3479408493096905,0.0312801360393488,5,0.3604230485349119,0.0637567970053916,5,0.1299555555555555,0.0442189836893445,5,16.711111111111112,2.6218455473338014,5,0.0257777777777777,0.0047453681120139,5,1125.0,0.0,5,25.0,0.0,5,10.2,2.489979919597747,5,1081.2,2.949576240750509,5,18.8,2.949576240750525,5,14.8,2.489979919597747,5
loco_ethereum,GIN,ethereum,full,1.0,0.5844597209649969,0.0363478137868134,5,0.5884540976593844,0.0757704360773778,5,0.7691176470588236,0.0401392472469299,5,0.486641545024885,0.0997455061879623,5,0.5745781287695132,0.0641884016557479,5,1.0,0.0,5,56.49769585253456,32.56535663557426,5,0.104700460829493,0.0349492917420091,5,2170.0,0.0,5,136.0,0.0,5,104.6,5.4589376255824735,5,1911.4,70.66682389919617,5,122.6,70.66682389919615,5,31.4,5.458937625582472,5
loco_ethereum,GIN,ethereum,local,0.0,0.5490982519514052,0.0623907264101859,5,0.5173674909825552,0.068570902474351,5,0.7823529411764707,0.0489398861538051,5,0.3939608994299762,0.0867601306541893,5,0.5103116023107839,0.0573228074135322,5,0.0,0.0,5,81.38248847926268,32.518043873940215,5,0.1304147465437787,0.0352361332096069,5,2170.0,0.0,5,136.0,0.0,5,106.4,6.655824516917494,5,1857.4,70.56415520645027,5,176.6,70.56415520645025,5,29.6,6.655824516917495,5
loco_ethereum,GIN,ethereum,margin,0.25,0.5554892472218326,0.0987766886153833,5,0.5755118004356501,0.0790180195516041,5,0.7602941176470588,0.0524074402388396,5,0.472668481051821,0.1014017980529961,5,0.5611088936266231,0.0700028721711945,5,0.3763133640552995,0.0607313130313326,5,58.70967741935483,31.973066241701936,5,0.1063594470046082,0.034342465790499,5,2170.0,0.0,5,136.0,0.0,5,103.4,7.127411872482184,5,1906.6,69.38155374449319,5,127.4,69.38155374449322,5,32.6,7.127411872482185,5
loco_polygon,GIN,polygon,full,1.0,,,0,,,0,,,0,0.0,0.0,5,,,0,1.0,0.0,5,28.89518413597734,2.37014171822684,5,0.0288951841359772,0.0023701417182268,5,353.0,0.0,5,0.0,0.0,5,0.0,0.0,5,342.8,0.836660026534073,5,10.2,0.8366600265340758,5,0.0,0.0,5
loco_polygon,GIN,polygon,local,0.0,,,0,,,0,,,0,0.0,0.0,5,,,0,0.0,0.0,5,17.56373937677054,6.459917422658006,5,0.0175637393767705,0.0064599174226579,5,353.0,0.0,5,0.0,0.0,5,0.0,0.0,5,346.8,2.2803508501982828,5,6.2,2.280350850198276,5,0.0,0.0,5
loco_polygon,GIN,polygon,margin,0.25,,,0,,,0,,,0,0.0,0.0,5,,,0,0.3552407932011331,0.0513287556593843,5,28.89518413597734,2.37014171822684,5,0.0288951841359772,0.0023701417182268,5,353.0,0.0,5,0.0,0.0,5,0.0,0.0,5,342.8,0.836660026534073,5,10.2,0.8366600265340758,5,0.0,0.0,5
