dataset,provider_access,label_nature,raw_source_sha256,constructed_tensor_sha256,split_policy,applied_conversion,injection_seed,contextual_ratio,structural_ratio,clique_m,contextual_candidates_k,injection_algorithm,recovered_loader_sha256,loader_identity_note
Elliptic,https://www.elliptic.co/newsroom/elliptic-releases-bitcoin-transactions-data,real_external_label,93e2e7b2405c735ba752bf6ba06b947561deddd1f5a8fc91e46f6a4c0e439493,c1f46f6112f360dc8a23768719cea9669eb03d1317a366e4ad80b82f9f519690,see_round5_per_run,benchmark_8x10_pipeline.load_elliptic (unknown labels removed),not applicable,not applicable,not applicable,not applicable,not applicable,native target; see canonical mapping,6922fad1663dbfa6d7429002ea4027e47df4d003f35a59a1e0a127a47708ed19,"git object at recorded builder commit; LF-normalized equal current loader; canonical builder_source_sha256 denotes separate release builder, not assumed loader identity"
DGraphFin,https://dgraph.xinye.com,real_external_label,95470dab2c48523f7118a92204c090de37a957bb053bd5841c7bdba09558ba85,6fb60ea28d75eff20016a1064d669f7cc12720216bf5283a2d7864938590f923,official_random_70_15_15,dgraphfin_aligned.load_dgraphfin_aligned; official val/test masks,not applicable,not applicable,not applicable,not applicable,not applicable,native target; see canonical mapping,6922fad1663dbfa6d7429002ea4027e47df4d003f35a59a1e0a127a47708ed19,"git object at recorded builder commit; LF-normalized equal current loader; canonical builder_source_sha256 denotes separate release builder, not assumed loader identity"
BitcoinOTC,https://snap.stanford.edu/data/soc-sign-bitcoin-otc.html,synthetic_node_injection_on_real_trust_graph,e39535e2040d94d5f522ca97cbb0cb2aef0aa669f2b2028b2975913e3397a074,35d3fa39fff6e8b97194ed6cde791585368dc7bf862eca219898baf84030af32,round5_seeded_node_transductive,benchmark_8x10_pipeline.load_bitcoinotc + fixed injection seed 42; differs from archived round5 data_freeze.json; A05 superseding 35-run canonical-tensor campaign,42,0.03,0.03,8,50,"n_contextual=max(10,int(N*r_c)); n_clique=max(1,int(N*r_s/m)); target=OR(contextual,structural); generator seed42",6922fad1663dbfa6d7429002ea4027e47df4d003f35a59a1e0a127a47708ed19,"git object at recorded builder commit; LF-normalized equal current loader; canonical builder_source_sha256 denotes separate release builder, not assumed loader identity"
Yelp-Syn,https://pytorch-geometric.readthedocs.io/en/latest/modules/datasets.html,synthetic_node_injection,6ef8da6d449810b2a0f492fa7da30c0cac3cdf4cfb8051286acbac2f7a996b24,0dda5f7df4e8f01f17f38d32275801da92ccdd441f98dfa5f2e0b7eb9ad2c610,round5_seeded_node_transductive,benchmark_8x10_pipeline.load_yelp + fixed injection seed 42; all 3 tensor hashes match round5 data_freeze.json,42,0.01,0.01,8,50,"n_contextual=max(10,int(N*r_c)); n_clique=max(1,int(N*r_s/m)); target=OR(contextual,structural); generator seed42",6922fad1663dbfa6d7429002ea4027e47df4d003f35a59a1e0a127a47708ed19,"git object at recorded builder commit; LF-normalized equal current loader; canonical builder_source_sha256 denotes separate release builder, not assumed loader identity"
Amazon-Syn,https://pytorch-geometric.readthedocs.io/en/latest/modules/datasets.html,synthetic_node_injection,b54bd5fef41bd801c8bdce6140e9cea673c963f73459ee69d196079e6a6bf445,86219cbe56272a82f22de3b89d55563ece9d26816f0642b7f9dccc2d16cc04a8,round5_seeded_node_transductive,benchmark_8x10_pipeline.load_amazon + fixed injection seed 42; all 3 tensor hashes match round5 data_freeze.json,42,0.03,0.02,8,50,"n_contextual=max(10,int(N*r_c)); n_clique=max(1,int(N*r_s/m)); target=OR(contextual,structural); generator seed42",6922fad1663dbfa6d7429002ea4027e47df4d003f35a59a1e0a127a47708ed19,"git object at recorded builder commit; LF-normalized equal current loader; canonical builder_source_sha256 denotes separate release builder, not assumed loader identity"
Reddit-Syn,https://pytorch-geometric.readthedocs.io/en/latest/modules/datasets.html,synthetic_node_injection,1de4167e65c8c675a4739924ec44736175fa13efc4f75e0f05c5cb79a4522582,3cef16a021e97c6424ac70ef801ec7f0a6f96a12d526463a0e500b00fa43a90f,round5_seeded_node_transductive,benchmark_8x10_pipeline.load_reddit + fixed injection seed 42; all 3 tensor hashes match round5 data_freeze.json,42,0.02,0.01,10,50,"n_contextual=max(10,int(N*r_c)); n_clique=max(1,int(N*r_s/m)); target=OR(contextual,structural); generator seed42",6922fad1663dbfa6d7429002ea4027e47df4d003f35a59a1e0a127a47708ed19,"git object at recorded builder commit; LF-normalized equal current loader; canonical builder_source_sha256 denotes separate release builder, not assumed loader identity"
Flickr-Syn,https://pytorch-geometric.readthedocs.io/en/latest/modules/datasets.html,synthetic_node_injection,223c1cd0c18d80cda66651192346754504c708764be5c8dc99d9addd38cb9d69,e4be871167ae2e7a067221c22c8fac902bf2290bfbb11d6a31e34c7c4fee1893,round5_seeded_node_transductive,benchmark_8x10_pipeline.load_flickr + fixed injection seed 42; all 3 tensor hashes match round5 data_freeze.json,42,0.02,0.02,8,50,"n_contextual=max(10,int(N*r_c)); n_clique=max(1,int(N*r_s/m)); target=OR(contextual,structural); generator seed42",6922fad1663dbfa6d7429002ea4027e47df4d003f35a59a1e0a127a47708ed19,"git object at recorded builder commit; LF-normalized equal current loader; canonical builder_source_sha256 denotes separate release builder, not assumed loader identity"
Cora-Syn,https://pytorch-geometric.readthedocs.io/en/latest/modules/datasets.html,synthetic_node_injection,1ac38ca581468b1c24a6a14ca30f735f384ff8c643b781c657c3d476e382413f,b203ae770bd207070c578b3bc4fe69b073591bb119fe78290d3bbd5489f85548,round5_seeded_node_transductive,benchmark_8x10_pipeline.load_cora + fixed injection seed 42; all 3 tensor hashes match round5 data_freeze.json,42,0.03,0.03,10,50,"n_contextual=max(10,int(N*r_c)); n_clique=max(1,int(N*r_s/m)); target=OR(contextual,structural); generator seed42",6922fad1663dbfa6d7429002ea4027e47df4d003f35a59a1e0a127a47708ed19,"git object at recorded builder commit; LF-normalized equal current loader; canonical builder_source_sha256 denotes separate release builder, not assumed loader identity"
CiteSeer-Syn,https://pytorch-geometric.readthedocs.io/en/latest/modules/datasets.html,synthetic_node_injection,d40ff756d7134c211899c75d52b1ad3c2429bb1880d84eb0a129317df448534d,f751616b6169181cef291cabadc9d0b6264d1e918a9cd4528b60696e235027bb,round5_seeded_node_transductive,benchmark_8x10_pipeline.load_citeseer + fixed injection seed 42; all 3 tensor hashes match round5 data_freeze.json,42,0.03,0.03,10,50,"n_contextual=max(10,int(N*r_c)); n_clique=max(1,int(N*r_s/m)); target=OR(contextual,structural); generator seed42",6922fad1663dbfa6d7429002ea4027e47df4d003f35a59a1e0a127a47708ed19,"git object at recorded builder commit; LF-normalized equal current loader; canonical builder_source_sha256 denotes separate release builder, not assumed loader identity"
PubMed-Syn,https://pytorch-geometric.readthedocs.io/en/latest/modules/datasets.html,synthetic_node_injection,2b28d1f66a49c05ab1422bc5653fb7f7e1b3243c644b3b8fb12fadc562b3d09b,33dbbb6627da485998ea89b54bb5ab522e32f73b8e6db64b42dcac5e51966e6b,round5_seeded_node_transductive,benchmark_8x10_pipeline.load_pubmed + fixed injection seed 42; all 3 tensor hashes match round5 data_freeze.json,42,0.03,0.03,10,50,"n_contextual=max(10,int(N*r_c)); n_clique=max(1,int(N*r_s/m)); target=OR(contextual,structural); generator seed42",6922fad1663dbfa6d7429002ea4027e47df4d003f35a59a1e0a127a47708ed19,"git object at recorded builder commit; LF-normalized equal current loader; canonical builder_source_sha256 denotes separate release builder, not assumed loader identity"
LANL-RedTeam,https://csr.lanl.gov/data/cyber1/,real_external_label,689c2968fe3ece9494196515e6089d6db3f430530e55b8b410d116b27c920359,2a1531a4543ecc3892f3a2d493838ded2985ede80b18cba8fa5ee0dcbf8ae392,stratified_node_transductive,lanl_graph.pt + lanl_ground_truth_freeze.json; 749 red-team events map to 301 nodes,not applicable,not applicable,not applicable,not applicable,not applicable,native target; see canonical mapping,6922fad1663dbfa6d7429002ea4027e47df4d003f35a59a1e0a127a47708ed19,"git object at recorded builder commit; LF-normalized equal current loader; canonical builder_source_sha256 denotes separate release builder, not assumed loader identity"
polygon,https://github.com/Xtra-Computing/Cryptocurrency-Graphs-of-graphs,provider Category0 native fraud label,d4156b2cb85f92717df6734b205c69ca4da2ebe687999791a10f03b97d46f86e,dfb836c1ce83ea8a1553ffaae7e39800207a94f857721cf23b5a1e44852cf11b,unstratified stable canonical 60/20/20 seeds42-46,eight transfer observables; full-population label-blind standardization; binary exact k5 similarity union; Category0→1,not applicable,not applicable,not applicable,not applicable,not applicable,none,3636af0b1a5cdfce380c64130133a1ca84791c61d59de3a700913834ec7f56e2,"corrected construction code identity, original source manifest retained"
bsc,https://github.com/Xtra-Computing/Cryptocurrency-Graphs-of-graphs,provider Category0 native fraud label,4c13344a6a7833a22576d7e1db89e0a55b50966fda499fd2e84f3bfe525177d1,8be68aa720dc95b7390e3343cd471bfd6bdbe0bca4e50d3f6cc6317d0986ea5c,unstratified stable canonical 60/20/20 seeds42-46,eight transfer observables; full-population label-blind standardization; binary exact k5 similarity union; Category0→1,not applicable,not applicable,not applicable,not applicable,not applicable,none,3636af0b1a5cdfce380c64130133a1ca84791c61d59de3a700913834ec7f56e2,"corrected construction code identity, original source manifest retained"
ethereum,https://github.com/Xtra-Computing/Cryptocurrency-Graphs-of-graphs,provider Category0 native fraud label,6d1f6797475ecfb3b2edcd5eedbcfd8708c4808486d0afb88634d4951636c5d2,d7ec325980bbd15ec98c2b3dc32efb95f983b8d29e180109fb3d8fae6b4ad7f9,unstratified stable canonical 60/20/20 seeds42-46,eight transfer observables; full-population label-blind standardization; binary exact k5 similarity union; Category0→1,not applicable,not applicable,not applicable,not applicable,not applicable,none,3636af0b1a5cdfce380c64130133a1ca84791c61d59de3a700913834ec7f56e2,"corrected construction code identity, original source manifest retained"
