run_id,experiment_id,seed,method,repeat,batch_size,N,latency_ms_per_contract,head_parameters,pipeline_parameters,local_training_seconds,head_training_seconds,head_training_time_note,raw_score_max_abs_diff,prediction_disagreements,deep_fraction,feature_ms,local_ms,retrieval_ms,head_ms,relational_ms,N_positive,tp,tn,fp,fn,ap,roc_auc,f1,precision,recall,mcc,fpr,specificity,alert_rate,fp_per_1000,undefined_reason
selectivestream_r01_20261011,pooled_snapshot,11,degree_logistic,0,128,3648,0.03499267324644861,12,12,,,light head training not separately recorded; do not interpret NA as zero,2.871052902087001e-07,0,0.0,126.43664800089027,0.0,0.0,1.0848100018847617,0.0,161,52,3475,12,109,0.5066910654043318,0.9077612142349489,0.4622222222222222,0.8125,0.32298136645962733,0.49990809871043307,0.0034413535990823058,0.9965586464009177,0.017543859649122806,3.289473684210526,
selectivestream_r01_20261011,pooled_snapshot,11,degree_logistic,1,128,3648,0.023574871436805648,12,12,,,light head training not separately recorded; do not interpret NA as zero,2.871052902087001e-07,0,0.0,85.20355399741675,0.0,0.0,0.6906079997861525,0.0,161,52,3475,12,109,0.5066910654043318,0.9077612142349489,0.4622222222222222,0.8125,0.32298136645962733,0.49990809871043307,0.0034413535990823058,0.9965586464009177,0.017543859649122806,3.289473684210526,
selectivestream_r01_20261011,pooled_snapshot,11,degree_logistic,2,128,3648,0.02368658634765596,12,12,,,light head training not separately recorded; do not interpret NA as zero,2.871052902087001e-07,0,0.0,85.56290999877092,0.0,0.0,0.7339369985857047,0.0,161,52,3475,12,109,0.5066910654043318,0.9077612142349489,0.4622222222222222,0.8125,0.32298136645962733,0.49990809871043307,0.0034413535990823058,0.9965586464009177,0.017543859649122806,3.289473684210526,
selectivestream_r01_20261011,pooled_snapshot,11,degree_MLP,0,128,3648,0.029703345120424274,417,417,,,light head training not separately recorded; do not interpret NA as zero,2.6660903729158747e-07,0,0.0,93.01454599881254,0.0,0.0,15.193230002296332,0.0,161,54,3470,17,107,0.5295204135933478,0.910873038633291,0.46551724137931033,0.7605633802816901,0.33540372670807456,0.49142715200475834,0.004875250932033267,0.9951247490679668,0.019462719298245616,4.660087719298246,
selectivestream_r01_20261011,pooled_snapshot,11,degree_MLP,1,128,3648,0.027503266996344984,417,417,,,light head training not separately recorded; do not interpret NA as zero,2.6660903729158747e-07,0,0.0,87.52276799987158,0.0,0.0,12.682778002272244,0.0,161,54,3470,17,107,0.5295204135933478,0.910873038633291,0.46551724137931033,0.7605633802816901,0.33540372670807456,0.49142715200475834,0.004875250932033267,0.9951247490679668,0.019462719298245616,4.660087719298246,
selectivestream_r01_20261011,pooled_snapshot,11,degree_MLP,2,128,3648,0.02803582511010143,417,417,,,light head training not separately recorded; do not interpret NA as zero,2.6660903729158747e-07,0,0.0,85.25864700095553,0.0,0.0,16.87247700192529,0.0,161,54,3470,17,107,0.5295204135933478,0.910873038633291,0.46551724137931033,0.7605633802816901,0.33540372670807456,0.49142715200475834,0.004875250932033267,0.9951247490679668,0.019462719298245616,4.660087719298246,
selectivestream_r01_20261011,pooled_snapshot,11,relational_MLP,0,128,3648,0.4209956055369072,4225,9634,6.066621666000174,,light head training not separately recorded; do not interpret NA as zero,2.876590449174543e-07,0,0.0,0.0,210.9097140000813,1300.2168970024286,24.404352000601648,0.0,161,99,3403,84,62,0.5680307077951803,0.9117369395109074,0.5755813953488372,0.5409836065573771,0.6149068322981367,0.5559234488284839,0.02408947519357614,0.9759105248064238,0.05016447368421053,23.026315789473685,
selectivestream_r01_20261011,pooled_snapshot,11,relational_MLP,1,128,3648,0.42114373492277957,4225,9634,6.066621666000174,,light head training not separately recorded; do not interpret NA as zero,2.876590449174543e-07,0,0.0,0.0,207.92916999926092,1302.7426910048234,25.38088200162747,0.0,161,99,3403,84,62,0.5680307077951803,0.9117369395109074,0.5755813953488372,0.5409836065573771,0.6149068322981367,0.5559234488284839,0.02408947519357614,0.9759105248064238,0.05016447368421053,23.026315789473685,
selectivestream_r01_20261011,pooled_snapshot,11,relational_MLP,2,128,3648,0.4431473604716286,4225,9634,6.066621666000174,,light head training not separately recorded; do not interpret NA as zero,2.876590449174543e-07,0,0.0,0.0,219.22919200187607,1367.790899999818,29.298359998392698,0.0,161,99,3403,84,62,0.5680307077951803,0.9117369395109074,0.5755813953488372,0.5409836065573771,0.6149068322981367,0.5559234488284839,0.02408947519357614,0.9759105248064238,0.05016447368421053,23.026315789473685,
selectivestream_r01_20261011,pooled_snapshot,11,knn_mean,0,128,3648,0.44882172642520834,0,5409,6.066621666000174,,light head training not separately recorded; do not interpret NA as zero,0.0,0,0.0,0.0,300.25261199807574,1335.9204330008652,0.8597119995101821,0.0,161,59,3476,11,102,0.5713127737560662,0.9043439073613262,0.5108225108225108,0.8428571428571429,0.36645962732919257,0.5439276822933927,0.0031545741324921135,0.9968454258675079,0.01918859649122807,3.0153508771929824,
selectivestream_r01_20261011,pooled_snapshot,11,knn_mean,1,128,3648,0.456239883770867,0,5409,6.066621666000174,,light head training not separately recorded; do not interpret NA as zero,0.0,0,0.0,0.0,318.2116319994748,1345.0092339999173,0.8562399989386904,0.0,161,59,3476,11,102,0.5713127737560662,0.9043439073613262,0.5108225108225108,0.8428571428571429,0.36645962732919257,0.5439276822933927,0.0031545741324921135,0.9968454258675079,0.01918859649122807,3.0153508771929824,
selectivestream_r01_20261011,pooled_snapshot,11,knn_mean,2,128,3648,0.43958034512052946,0,5409,6.066621666000174,,light head training not separately recorded; do not interpret NA as zero,0.0,0,0.0,0.0,314.2753559995981,1288.2310560044061,0.8332989973496296,0.0,161,59,3476,11,102,0.5713127737560662,0.9043439073613262,0.5108225108225108,0.8428571428571429,0.36645962732919257,0.5439276822933927,0.0031545741324921135,0.9968454258675079,0.01918859649122807,3.0153508771929824,
selectivestream_r01_20261011,pooled_snapshot,11,GATv2_local,0,128,3648,0.12601855235734666,0,4609,10.73652333300015,,light head training not separately recorded; do not interpret NA as zero,0.0,0,0.0,0.0,456.02059599968925,0.2266550027343328,0.0,0.07973300216690404,161,77,3273,214,84,0.2841315208898533,0.8431592409784701,0.3407079646017699,0.2646048109965636,0.4782608695652174,0.3160372620831258,0.06137080585030112,0.9386291941496989,0.07976973684210527,58.66228070175438,
selectivestream_r01_20261011,pooled_snapshot,11,GATv2_local,1,128,3648,0.10479444681939305,0,4609,10.73652333300015,,light head training not separately recorded; do not interpret NA as zero,0.0,0,0.0,0.0,378.8049869990573,0.19992099987575784,0.0,0.07431100311805494,161,77,3273,214,84,0.2841315208898533,0.8431592409784701,0.3407079646017699,0.2646048109965636,0.4782608695652174,0.3160372620831258,0.06137080585030112,0.9386291941496989,0.07976973684210527,58.66228070175438,
selectivestream_r01_20261011,pooled_snapshot,11,GATv2_local,2,128,3648,0.10130591474714827,0,4609,10.73652333300015,,light head training not separately recorded; do not interpret NA as zero,0.0,0,0.0,0.0,366.10733500128845,0.19885799883923028,0.0,0.06912500066391658,161,77,3273,214,84,0.2841315208898533,0.8431592409784701,0.3407079646017699,0.2646048109965636,0.4782608695652174,0.3160372620831258,0.06137080585030112,0.9386291941496989,0.07976973684210527,58.66228070175438,
selectivestream_r01_20261011,pooled_snapshot,11,GATv2_margin,0,128,3648,0.28735415871719133,0,11364,10.73652333300015,,light head training not separately recorded; do not interpret NA as zero,3.4020943351364963e-07,0,0.26260964912280704,0.0,361.06895200009603,431.9255209984476,0.0,244.80979099917022,161,53,3462,25,108,0.39566821696936927,0.857314746698919,0.4435146443514644,0.6794871794871795,0.32919254658385094,0.4572402723215351,0.007169486664754803,0.9928305133352452,0.02138157894736842,6.853070175438597,
selectivestream_r01_20261011,pooled_snapshot,11,GATv2_margin,1,128,3648,0.2790160520827624,0,11364,10.73652333300015,,light head training not separately recorded; do not interpret NA as zero,3.4020943351364963e-07,0,0.26260964912280704,0.0,354.0546020003603,441.8346410002414,0.0,211.51309800006857,161,53,3462,25,108,0.39566821696936927,0.857314746698919,0.4435146443514644,0.6794871794871795,0.32919254658385094,0.4572402723215351,0.007169486664754803,0.9928305133352452,0.02138157894736842,6.853070175438597,
selectivestream_r01_20261011,pooled_snapshot,11,GATv2_margin,2,128,3648,0.312140740131452,0,11364,10.73652333300015,,light head training not separately recorded; do not interpret NA as zero,3.4020943351364963e-07,0,0.26260964912280704,0.0,434.8394590015232,436.8998570007534,0.0,256.60479399994074,161,53,3462,25,108,0.39566821696936927,0.857314746698919,0.4435146443514644,0.6794871794871795,0.32919254658385094,0.4572402723215351,0.007169486664754803,0.9928305133352452,0.02138157894736842,6.853070175438597,
selectivestream_r01_20261011,pooled_snapshot,22,degree_logistic,0,128,3648,0.024183366776535303,12,12,,,light head training not separately recorded; do not interpret NA as zero,2.871052902087001e-07,0,0.0,87.35941400118463,0.0,0.0,0.7414290002998314,0.0,161,52,3475,12,109,0.5066910654043318,0.9077612142349489,0.4622222222222222,0.8125,0.32298136645962733,0.49990809871043307,0.0034413535990823058,0.9965586464009177,0.017543859649122806,3.289473684210526,
selectivestream_r01_20261011,pooled_snapshot,22,degree_logistic,1,128,3648,0.02494689638242283,12,12,,,light head training not separately recorded; do not interpret NA as zero,2.871052902087001e-07,0,0.0,90.18241800458782,0.0,0.0,0.704277999830083,0.0,161,52,3475,12,109,0.5066910654043318,0.9077612142349489,0.4622222222222222,0.8125,0.32298136645962733,0.49990809871043307,0.0034413535990823058,0.9965586464009177,0.017543859649122806,3.289473684210526,
selectivestream_r01_20261011,pooled_snapshot,22,degree_logistic,2,128,3648,0.024320530701914863,12,12,,,light head training not separately recorded; do not interpret NA as zero,2.871052902087001e-07,0,0.0,87.8963900022427,0.0,0.0,0.7134769984986633,0.0,161,52,3475,12,109,0.5066910654043318,0.9077612142349489,0.4622222222222222,0.8125,0.32298136645962733,0.49990809871043307,0.0034413535990823058,0.9965586464009177,0.017543859649122806,3.289473684210526,
selectivestream_r01_20261011,pooled_snapshot,22,degree_MLP,0,128,3648,0.03748145586681411,417,417,,,light head training not separately recorded; do not interpret NA as zero,1.310217238037481e-07,0,0.0,87.21507000245765,0.0,0.0,49.351427001056436,0.0,161,52,3472,15,109,0.5237915497960745,0.9161668807122105,0.45614035087719296,0.7761194029850746,0.32298136645962733,0.48747653411133657,0.004301691998852882,0.9956983080011471,0.01836622807017544,4.1118421052631575,
selectivestream_r01_20261011,pooled_snapshot,22,degree_MLP,1,128,3648,0.0365358045497176,417,417,,,light head training not separately recorded; do not interpret NA as zero,1.310217238037481e-07,0,0.0,88.27149399894552,0.0,0.0,44.85680400102865,0.0,161,52,3472,15,109,0.5237915497960745,0.9161668807122105,0.45614035087719296,0.7761194029850746,0.32298136645962733,0.48747653411133657,0.004301691998852882,0.9956983080011471,0.01836622807017544,4.1118421052631575,
selectivestream_r01_20261011,pooled_snapshot,22,degree_MLP,2,128,3648,0.03692881524193382,417,417,,,light head training not separately recorded; do not interpret NA as zero,1.310217238037481e-07,0,0.0,89.15963400067994,0.0,0.0,45.392039001853846,0.0,161,52,3472,15,109,0.5237915497960745,0.9161668807122105,0.45614035087719296,0.7761194029850746,0.32298136645962733,0.48747653411133657,0.004301691998852882,0.9956983080011471,0.01836622807017544,4.1118421052631575,
selectivestream_r01_20261011,pooled_snapshot,22,relational_MLP,0,128,3648,0.4105837620606304,4225,9634,5.74374789400008,,light head training not separately recorded; do not interpret NA as zero,2.6826706833738e-07,0,0.0,0.0,299.7944379967521,1146.086930995807,51.65186500289565,0.0,161,93,3424,63,68,0.565428704734589,0.9190613939619564,0.5867507886435331,0.5961538461538461,0.577639751552795,0.5680623037877919,0.018067106395182105,0.981932893604818,0.04276315789473684,17.269736842105264,
selectivestream_r01_20261011,pooled_snapshot,22,relational_MLP,1,128,3648,0.4194078807575296,4225,9634,5.74374789400008,,light head training not separately recorded; do not interpret NA as zero,2.6826706833738e-07,0,0.0,0.0,315.98627399944235,1158.3682410027905,55.369715997585445,0.0,161,93,3424,63,68,0.565428704734589,0.9190613939619564,0.5867507886435331,0.5961538461538461,0.577639751552795,0.5680623037877919,0.018067106395182105,0.981932893604818,0.04276315789473684,17.269736842105264,
selectivestream_r01_20261011,pooled_snapshot,22,relational_MLP,2,128,3648,0.4111648903507589,4225,9634,5.74374789400008,,light head training not separately recorded; do not interpret NA as zero,2.6826706833738e-07,0,0.0,0.0,301.98828499942465,1145.370320999973,52.30712900265644,0.0,161,93,3424,63,68,0.565428704734589,0.9190613939619564,0.5867507886435331,0.5961538461538461,0.577639751552795,0.5680623037877919,0.018067106395182105,0.981932893604818,0.04276315789473684,17.269736842105264,
selectivestream_r01_20261011,pooled_snapshot,22,knn_mean,0,128,3648,0.4110018930912486,0,5409,5.74374789400008,,light head training not separately recorded; do not interpret NA as zero,0.0,0,0.0,0.0,308.968728999389,1189.2212189977727,0.8643940009278595,0.0,161,58,3471,16,103,0.5585928321998969,0.9146759837337262,0.49361702127659574,0.7837837837837838,0.36024844720496896,0.5181801498706665,0.004588471465443074,0.9954115285345569,0.020285087719298246,4.385964912280702,
selectivestream_r01_20261011,pooled_snapshot,22,knn_mean,1,128,3648,0.41145586156787567,0,5409,5.74374789400008,,light head training not separately recorded; do not interpret NA as zero,0.0,0,0.0,0.0,308.1048820004071,1191.7440710003575,0.8672539979670546,0.0,161,58,3471,16,103,0.5585928321998969,0.9146759837337262,0.49361702127659574,0.7837837837837838,0.36024844720496896,0.5181801498706665,0.004588471465443074,0.9954115285345569,0.020285087719298246,4.385964912280702,
selectivestream_r01_20261011,pooled_snapshot,22,knn_mean,2,128,3648,0.39764896463847627,0,5409,5.74374789400008,,light head training not separately recorded; do not interpret NA as zero,0.0,0,0.0,0.0,296.9983279972439,1152.5950760014894,0.8025529987207847,0.0,161,58,3471,16,103,0.5585928321998969,0.9146759837337262,0.49361702127659574,0.7837837837837838,0.36024844720496896,0.5181801498706665,0.004588471465443074,0.9954115285345569,0.020285087719298246,4.385964912280702,
selectivestream_r01_20261011,pooled_snapshot,22,GATv2_local,0,128,3648,0.12172646436388397,0,4609,10.953254915000116,,light head training not separately recorded; do not interpret NA as zero,0.0,0,0.0,0.0,440.5491739998979,0.20277199928386835,0.0,0.07360200288530905,161,70,3401,86,91,0.3652938600668847,0.8765574707832285,0.4416403785488959,0.44871794871794873,0.43478260869565216,0.41634177863082483,0.024663034126756526,0.9753369658732435,0.04276315789473684,23.57456140350877,
selectivestream_r01_20261011,pooled_snapshot,22,GATv2_local,1,128,3648,0.08567204249026529,0,4609,10.953254915000116,,light head training not separately recorded; do not interpret NA as zero,0.0,0,0.0,0.0,309.2501400014953,0.1873659994089394,0.0,0.06788400060031563,161,70,3401,86,91,0.3652938600668847,0.8765574707832285,0.4416403785488959,0.44871794871794873,0.43478260869565216,0.41634177863082483,0.024663034126756526,0.9753369658732435,0.04276315789473684,23.57456140350877,
selectivestream_r01_20261011,pooled_snapshot,22,GATv2_local,2,128,3648,0.07422190981362507,0,4609,10.953254915000116,,light head training not separately recorded; do not interpret NA as zero,0.0,0,0.0,0.0,267.51792899904103,0.18839000040316023,0.0,0.06697700155200437,161,70,3401,86,91,0.3652938600668847,0.8765574707832285,0.4416403785488959,0.44871794871794873,0.43478260869565216,0.41634177863082483,0.024663034126756526,0.9753369658732435,0.04276315789473684,23.57456140350877,
selectivestream_r01_20261011,pooled_snapshot,22,GATv2_margin,0,128,3648,0.22190813514231322,0,11364,10.953254915000116,,light head training not separately recorded; do not interpret NA as zero,1.958390355438766e-07,0,0.25082236842105265,0.0,255.20222000068316,384.03605299845367,0.0,159.986131997357,161,52,3475,12,109,0.4323494999226521,0.8773234035200842,0.4622222222222222,0.8125,0.32298136645962733,0.49990809871043307,0.0034413535990823058,0.9965586464009177,0.017543859649122806,3.289473684210526,
selectivestream_r01_20261011,pooled_snapshot,22,GATv2_margin,1,128,3648,0.2303506652947462,0,11364,10.953254915000116,,light head training not separately recorded; do not interpret NA as zero,1.958390355438766e-07,0,0.25082236842105265,0.0,276.24599500086333,382.5083270030518,0.0,171.2218370030314,161,52,3475,12,109,0.4323494999226521,0.8773234035200842,0.4622222222222222,0.8125,0.32298136645962733,0.49990809871043307,0.0034413535990823058,0.9965586464009177,0.017543859649122806,3.289473684210526,
selectivestream_r01_20261011,pooled_snapshot,22,GATv2_margin,2,128,3648,0.25566189172122866,0,11364,10.953254915000116,,light head training not separately recorded; do not interpret NA as zero,1.958390355438766e-07,0,0.25082236842105265,0.0,341.1320670047644,384.41129400143836,0.0,196.9140070004869,161,52,3475,12,109,0.4323494999226521,0.8773234035200842,0.4622222222222222,0.8125,0.32298136645962733,0.49990809871043307,0.0034413535990823058,0.9965586464009177,0.017543859649122806,3.289473684210526,
selectivestream_r01_20261011,pooled_snapshot,33,degree_logistic,0,128,3648,0.02437913678682778,12,12,,,light head training not separately recorded; do not interpret NA as zero,2.871052902087001e-07,0,0.0,88.04770199549239,0.0,0.0,0.7591789981233887,0.0,161,52,3475,12,109,0.5066910654043318,0.9077612142349489,0.4622222222222222,0.8125,0.32298136645962733,0.49990809871043307,0.0034413535990823058,0.9965586464009177,0.017543859649122806,3.289473684210526,
selectivestream_r01_20261011,pooled_snapshot,33,degree_logistic,1,128,3648,0.023811116228332315,12,12,,,light head training not separately recorded; do not interpret NA as zero,2.871052902087001e-07,0,0.0,85.53728200240585,0.0,0.0,1.2007870000161347,0.0,161,52,3475,12,109,0.5066910654043318,0.9077612142349489,0.4622222222222222,0.8125,0.32298136645962733,0.49990809871043307,0.0034413535990823058,0.9965586464009177,0.017543859649122806,3.289473684210526,
selectivestream_r01_20261011,pooled_snapshot,33,degree_logistic,2,128,3648,0.02456407099796172,12,12,,,light head training not separately recorded; do not interpret NA as zero,2.871052902087001e-07,0,0.0,88.76240500467247,0.0,0.0,0.7069780003803317,0.0,161,52,3475,12,109,0.5066910654043318,0.9077612142349489,0.4622222222222222,0.8125,0.32298136645962733,0.49990809871043307,0.0034413535990823058,0.9965586464009177,0.017543859649122806,3.289473684210526,
selectivestream_r01_20261011,pooled_snapshot,33,degree_MLP,0,128,3648,0.0362217519185187,417,417,,,light head training not separately recorded; do not interpret NA as zero,2.792168719567556e-07,0,0.0,90.27249300106632,0.0,0.0,41.71456300173304,0.0,161,52,3478,9,109,0.5467601772841433,0.9167992205298473,0.46846846846846846,0.8524590163934426,0.32298136645962733,0.5132173021868611,0.0025810151993117293,0.9974189848006882,0.016721491228070175,2.4671052631578947,
selectivestream_r01_20261011,pooled_snapshot,33,degree_MLP,1,128,3648,0.034466034265322604,417,417,,,light head training not separately recorded; do not interpret NA as zero,2.792168719567556e-07,0,0.0,88.16620600100578,0.0,0.0,37.433530002090265,0.0,161,52,3478,9,109,0.5467601772841433,0.9167992205298473,0.46846846846846846,0.8524590163934426,0.32298136645962733,0.5132173021868611,0.0025810151993117293,0.9974189848006882,0.016721491228070175,2.4671052631578947,
selectivestream_r01_20261011,pooled_snapshot,33,degree_MLP,2,128,3648,0.03623977055879055,417,417,,,light head training not separately recorded; do not interpret NA as zero,2.792168719567556e-07,0,0.0,91.0165010000128,0.0,0.0,41.032629999790515,0.0,161,52,3478,9,109,0.5467601772841433,0.9167992205298473,0.46846846846846846,0.8524590163934426,0.32298136645962733,0.5132173021868611,0.0025810151993117293,0.9974189848006882,0.016721491228070175,2.4671052631578947,
selectivestream_r01_20261011,pooled_snapshot,33,relational_MLP,0,128,3648,0.49916494435271425,4225,9634,6.082135459000028,,light head training not separately recorded; do not interpret NA as zero,3.396425939383718e-07,0,0.0,0.0,291.92533499735873,1485.5544569991253,43.151068000952364,0.0,161,58,3472,15,103,0.5688447955552345,0.905814320092197,0.49572649572649574,0.7945205479452054,0.36024844720496896,0.5220649019180544,0.004301691998852882,0.9956983080011471,0.0200109649122807,4.1118421052631575,
selectivestream_r01_20261011,pooled_snapshot,33,relational_MLP,1,128,3648,0.4970753018087854,4225,9634,6.082135459000028,,light head training not separately recorded; do not interpret NA as zero,3.396425939383718e-07,0,0.0,0.0,277.4153109976396,1492.7096269975664,42.89384799722029,0.0,161,58,3472,15,103,0.5688447955552345,0.905814320092197,0.49572649572649574,0.7945205479452054,0.36024844720496896,0.5220649019180544,0.004301691998852882,0.9956983080011471,0.0200109649122807,4.1118421052631575,
selectivestream_r01_20261011,pooled_snapshot,33,relational_MLP,2,128,3648,0.48827314226959095,4225,9634,6.082135459000028,,light head training not separately recorded; do not interpret NA as zero,3.396425939383718e-07,0,0.0,0.0,307.0064330031528,1428.0743549979888,45.85795700040762,0.0,161,58,3472,15,103,0.5688447955552345,0.905814320092197,0.49572649572649574,0.7945205479452054,0.36024844720496896,0.5220649019180544,0.004301691998852882,0.9956983080011471,0.0200109649122807,4.1118421052631575,
selectivestream_r01_20261011,pooled_snapshot,33,knn_mean,0,128,3648,0.4678340534530191,0,5409,6.082135459000028,,light head training not separately recorded; do not interpret NA as zero,0.0,0,0.0,0.0,312.55465099911817,1392.9373240043788,0.8924709991333657,0.0,161,70,3459,28,91,0.5798828033416262,0.9111135058878852,0.5405405405405406,0.7142857142857143,0.43478260869565216,0.5421108006415406,0.00802982506452538,0.9919701749354746,0.0268640350877193,7.675438596491228,
selectivestream_r01_20261011,pooled_snapshot,33,knn_mean,1,128,3648,0.460986036731663,0,5409,6.082135459000028,,light head training not separately recorded; do not interpret NA as zero,0.0,0,0.0,0.0,305.51925799773016,1375.0805450008556,0.843548998091137,0.0,161,70,3459,28,91,0.5798828033416262,0.9111135058878852,0.5405405405405406,0.7142857142857143,0.43478260869565216,0.5421108006415406,0.00802982506452538,0.9919701749354746,0.0268640350877193,7.675438596491228,
selectivestream_r01_20261011,pooled_snapshot,33,knn_mean,2,128,3648,0.467645251096845,0,5409,6.082135459000028,,light head training not separately recorded; do not interpret NA as zero,0.0,0,0.0,0.0,311.7045870021684,1393.1142530000216,0.8760890023040702,0.0,161,70,3459,28,91,0.5798828033416262,0.9111135058878852,0.5405405405405406,0.7142857142857143,0.43478260869565216,0.5421108006415406,0.00802982506452538,0.9919701749354746,0.0268640350877193,7.675438596491228,
selectivestream_r01_20261011,pooled_snapshot,33,GATv2_local,0,128,3648,0.12107365515384229,0,4609,10.958465867000086,,light head training not separately recorded; do not interpret NA as zero,0.0,0,0.0,0.0,438.1848940029158,0.21267200190777658,0.0,0.08260799859272083,161,71,3339,148,90,0.28771676820827036,0.8433177712426101,0.3736842105263158,0.3242009132420091,0.4409937888198758,0.34460088726754307,0.04244336105534844,0.9575566389446516,0.060032894736842105,40.57017543859649,
selectivestream_r01_20261011,pooled_snapshot,33,GATv2_local,1,128,3648,0.08355869215991238,0,4609,10.958465867000086,,light head training not separately recorded; do not interpret NA as zero,0.0,0,0.0,0.0,301.3275809989864,0.22655800057691522,0.0,0.07340200136241037,161,71,3339,148,90,0.28771676820827036,0.8433177712426101,0.3736842105263158,0.3242009132420091,0.4409937888198758,0.34460088726754307,0.04244336105534844,0.9575566389446516,0.060032894736842105,40.57017543859649,
selectivestream_r01_20261011,pooled_snapshot,33,GATv2_local,2,128,3648,0.07782315268643783,0,4609,10.958465867000086,,light head training not separately recorded; do not interpret NA as zero,0.0,0,0.0,0.0,280.2904180016412,0.19160599913448095,0.0,0.06856499840068864,161,71,3339,148,90,0.28771676820827036,0.8433177712426101,0.3736842105263158,0.3242009132420091,0.4409937888198758,0.34460088726754307,0.04244336105534844,0.9575566389446516,0.060032894736842105,40.57017543859649,
selectivestream_r01_20261011,pooled_snapshot,33,GATv2_margin,0,128,3648,0.23027541365101506,0,11364,10.958465867000086,,light head training not separately recorded; do not interpret NA as zero,3.4520838620988314e-07,0,0.2604166666666667,0.0,289.4586860002164,364.7199529959835,0.0,175.83650300184672,161,53,3468,19,108,0.4008948655073517,0.8525855573585652,0.45493562231759654,0.7361111111111112,0.32919254658385094,0.4780521586050679,0.0054488098652136505,0.9945511901347863,0.019736842105263157,5.208333333333333,
selectivestream_r01_20261011,pooled_snapshot,33,GATv2_margin,1,128,3648,0.23136142379430288,0,11364,10.958465867000086,,light head training not separately recorded; do not interpret NA as zero,3.4520838620988314e-07,0,0.2604166666666667,0.0,286.6053890002149,372.1377640022183,0.0,175.06920300183992,161,53,3468,19,108,0.4008948655073517,0.8525855573585652,0.45493562231759654,0.7361111111111112,0.32919254658385094,0.4780521586050679,0.0054488098652136505,0.9945511901347863,0.019736842105263157,5.208333333333333,
selectivestream_r01_20261011,pooled_snapshot,33,GATv2_margin,2,128,3648,0.2478291513151968,0,11364,10.958465867000086,,light head training not separately recorded; do not interpret NA as zero,3.4520838620988314e-07,0,0.2604166666666667,0.0,330.58725700084324,373.3733899980507,0.0,190.20842899954005,161,53,3468,19,108,0.4008948655073517,0.8525855573585652,0.45493562231759654,0.7361111111111112,0.32919254658385094,0.4780521586050679,0.0054488098652136505,0.9945511901347863,0.019736842105263157,5.208333333333333,
selectivestream_r01_20261011,pooled_snapshot,44,degree_logistic,0,128,3648,0.02509393832302689,12,12,,,light head training not separately recorded; do not interpret NA as zero,2.871052902087001e-07,0,0.0,90.68801100147539,0.0,0.0,0.7400699996651383,0.0,161,52,3475,12,109,0.5066910654043318,0.9077612142349489,0.4622222222222222,0.8125,0.32298136645962733,0.49990809871043307,0.0034413535990823058,0.9965586464009177,0.017543859649122806,3.289473684210526,
selectivestream_r01_20261011,pooled_snapshot,44,degree_logistic,1,128,3648,0.02398787253261553,12,12,,,light head training not separately recorded; do not interpret NA as zero,2.871052902087001e-07,0,0.0,86.46321800097212,0.0,0.0,0.9267129998988821,0.0,161,52,3475,12,109,0.5066910654043318,0.9077612142349489,0.4622222222222222,0.8125,0.32298136645962733,0.49990809871043307,0.0034413535990823058,0.9965586464009177,0.017543859649122806,3.289473684210526,
selectivestream_r01_20261011,pooled_snapshot,44,degree_logistic,2,128,3648,0.0254203349768252,12,12,,,light head training not separately recorded; do not interpret NA as zero,2.871052902087001e-07,0,0.0,91.80182899672218,0.0,0.0,0.8049740008573281,0.0,161,52,3475,12,109,0.5066910654043318,0.9077612142349489,0.4622222222222222,0.8125,0.32298136645962733,0.49990809871043307,0.0034413535990823058,0.9965586464009177,0.017543859649122806,3.289473684210526,
selectivestream_r01_20261011,pooled_snapshot,44,degree_MLP,0,128,3648,0.03521112061483771,417,417,,,light head training not separately recorded; do not interpret NA as zero,2.7593528251212973e-07,0,0.0,88.12584400402557,0.0,0.0,40.1765130000058,0.0,161,52,3479,8,109,0.5330582374508316,0.9155131660274988,0.47058823529411764,0.8666666666666667,0.32298136645962733,0.5178674338648214,0.002294235732721537,0.9977057642672784,0.01644736842105263,2.192982456140351,
selectivestream_r01_20261011,pooled_snapshot,44,degree_MLP,1,128,3648,0.03727628234572509,417,417,,,light head training not separately recorded; do not interpret NA as zero,2.7593528251212973e-07,0,0.0,87.92918699873553,0.0,0.0,47.89275200255361,0.0,161,52,3479,8,109,0.5330582374508316,0.9155131660274988,0.47058823529411764,0.8666666666666667,0.32298136645962733,0.5178674338648214,0.002294235732721537,0.9977057642672784,0.01644736842105263,2.192982456140351,
selectivestream_r01_20261011,pooled_snapshot,44,degree_MLP,2,128,3648,0.034981343476733616,417,417,,,light head training not separately recorded; do not interpret NA as zero,2.7593528251212973e-07,0,0.0,86.30765800262452,0.0,0.0,41.13955299999361,0.0,161,52,3479,8,109,0.5330582374508316,0.9155131660274988,0.47058823529411764,0.8666666666666667,0.32298136645962733,0.5178674338648214,0.002294235732721537,0.9977057642672784,0.01644736842105263,2.192982456140351,
selectivestream_r01_20261011,pooled_snapshot,44,relational_MLP,0,128,3648,0.5120994618975697,4225,9634,6.582666679999875,,light head training not separately recorded; do not interpret NA as zero,2.778265850711392e-07,0,0.0,0.0,312.37480100207904,1505.5592389971935,49.924037000891985,0.0,161,105,3399,88,56,0.5558116119710145,0.9121234683571812,0.5932203389830508,0.5440414507772021,0.6521739130434783,0.5752549367411557,0.025236593059936908,0.9747634069400631,0.05290570175438596,24.12280701754386,
selectivestream_r01_20261011,pooled_snapshot,44,relational_MLP,1,128,3648,0.5047885956685648,4225,9634,6.582666679999875,,light head training not separately recorded; do not interpret NA as zero,2.778265850711392e-07,0,0.0,0.0,286.2123560025793,1507.1480599990537,47.82243700174149,0.0,161,105,3399,88,56,0.5558116119710145,0.9121234683571812,0.5932203389830508,0.5440414507772021,0.6521739130434783,0.5752549367411557,0.025236593059936908,0.9747634069400631,0.05290570175438596,24.12280701754386,
selectivestream_r01_20261011,pooled_snapshot,44,relational_MLP,2,128,3648,0.513229364310014,4225,9634,6.582666679999875,,light head training not separately recorded; do not interpret NA as zero,2.778265850711392e-07,0,0.0,0.0,297.4403580028593,1525.5497180014572,48.96480600018549,0.0,161,105,3399,88,56,0.5558116119710145,0.9121234683571812,0.5932203389830508,0.5440414507772021,0.6521739130434783,0.5752549367411557,0.025236593059936908,0.9747634069400631,0.05290570175438596,24.12280701754386,
selectivestream_r01_20261011,pooled_snapshot,44,knn_mean,0,128,3648,0.5044659089907498,0,5409,6.582666679999875,,light head training not separately recorded; do not interpret NA as zero,0.0,0,0.0,0.0,313.91098799849715,1525.2400090012088,0.8791449999989709,0.0,161,97,3422,65,64,0.5465822361848743,0.9026882457824714,0.6006191950464397,0.5987654320987654,0.6024844720496895,0.5821225065794312,0.01864066532836249,0.9813593346716375,0.044407894736842105,17.81798245614035,
selectivestream_r01_20261011,pooled_snapshot,44,knn_mean,1,128,3648,0.5015554931471717,0,5409,6.582666679999875,,light head training not separately recorded; do not interpret NA as zero,0.0,0,0.0,0.0,324.05187400036084,1504.4668639975498,0.9141429982264526,0.0,161,97,3422,65,64,0.5465822361848743,0.9026882457824714,0.6006191950464397,0.5987654320987654,0.6024844720496895,0.5821225065794312,0.01864066532836249,0.9813593346716375,0.044407894736842105,17.81798245614035,
selectivestream_r01_20261011,pooled_snapshot,44,knn_mean,2,128,3648,0.5110665863482385,0,5409,6.582666679999875,,light head training not separately recorded; do not interpret NA as zero,0.0,0,0.0,0.0,319.18204599605815,1543.9729209992947,0.9404109996467014,0.0,161,97,3422,65,64,0.5465822361848743,0.9026882457824714,0.6006191950464397,0.5987654320987654,0.6024844720496895,0.5821225065794312,0.01864066532836249,0.9813593346716375,0.044407894736842105,17.81798245614035,
selectivestream_r01_20261011,pooled_snapshot,44,GATv2_local,0,128,3648,0.1271081236291338,0,4609,10.484289019000016,,light head training not separately recorded; do not interpret NA as zero,0.0,0,0.0,0.0,459.99702799963416,0.33624100251472555,0.0,0.07386699962808052,161,60,3401,86,101,0.34395970030176437,0.8764452527310844,0.39087947882736157,0.410958904109589,0.37267080745341613,0.3646643914855201,0.024663034126756526,0.9753369658732435,0.0400219298245614,23.57456140350877,
selectivestream_r01_20261011,pooled_snapshot,44,GATv2_local,1,128,3648,0.09335926781853973,0,4609,10.484289019000016,,light head training not separately recorded; do not interpret NA as zero,0.0,0,0.0,0.0,336.38052200331003,0.2490030019544065,0.0,0.10447199929330964,161,60,3401,86,101,0.34395970030176437,0.8764452527310844,0.39087947882736157,0.410958904109589,0.37267080745341613,0.3646643914855201,0.024663034126756526,0.9753369658732435,0.0400219298245614,23.57456140350877,
selectivestream_r01_20261011,pooled_snapshot,44,GATv2_local,2,128,3648,0.0869278662285049,0,4609,10.484289019000016,,light head training not separately recorded; do not interpret NA as zero,0.0,0,0.0,0.0,313.27556000269396,0.2553140002419241,0.0,0.09366500125906896,161,60,3401,86,101,0.34395970030176437,0.8764452527310844,0.39087947882736157,0.410958904109589,0.37267080745341613,0.3646643914855201,0.024663034126756526,0.9753369658732435,0.0400219298245614,23.57456140350877,
selectivestream_r01_20261011,pooled_snapshot,44,GATv2_margin,0,128,3648,0.2392307601422373,0,11364,10.484289019000016,,light head training not separately recorded; do not interpret NA as zero,3.096458525142509e-07,0,0.24643640350877194,0.0,314.34443799753353,372.6466520010945,0.0,175.4044770004839,161,61,3415,72,100,0.3969281384593431,0.8689052683703623,0.41496598639455784,0.45864661654135336,0.37888198757763975,0.39256996246407194,0.020648121594493835,0.9793518784055062,0.036458333333333336,19.736842105263158,
selectivestream_r01_20261011,pooled_snapshot,44,GATv2_margin,1,128,3648,0.25482475794946,0,11364,10.484289019000016,,light head training not separately recorded; do not interpret NA as zero,3.096458525142509e-07,0,0.24643640350877194,0.0,326.2040999979945,402.07738100161805,0.0,189.85195299956104,161,61,3415,72,100,0.3969281384593431,0.8689052683703623,0.41496598639455784,0.45864661654135336,0.37888198757763975,0.39256996246407194,0.020648121594493835,0.9793518784055062,0.036458333333333336,19.736842105263158,
selectivestream_r01_20261011,pooled_snapshot,44,GATv2_margin,2,128,3648,0.2586624956131501,0,11364,10.484289019000016,,light head training not separately recorded; do not interpret NA as zero,3.096458525142509e-07,0,0.24643640350877194,0.0,353.091224002128,365.29776900169963,0.0,215.18730000025243,161,61,3415,72,100,0.3969281384593431,0.8689052683703623,0.41496598639455784,0.45864661654135336,0.37888198757763975,0.39256996246407194,0.020648121594493835,0.9793518784055062,0.036458333333333336,19.736842105263158,
selectivestream_r01_20261011,pooled_snapshot,55,degree_logistic,0,128,3648,0.024397529879132362,12,12,,,light head training not separately recorded; do not interpret NA as zero,2.871052902087001e-07,0,0.0,88.12185000078898,0.0,0.0,0.7548869980382733,0.0,161,52,3475,12,109,0.5066910654043318,0.9077612142349489,0.4622222222222222,0.8125,0.32298136645962733,0.49990809871043307,0.0034413535990823058,0.9965586464009177,0.017543859649122806,3.289473684210526,
selectivestream_r01_20261011,pooled_snapshot,55,degree_logistic,1,128,3648,0.024489569627524344,12,12,,,light head training not separately recorded; do not interpret NA as zero,2.871052902087001e-07,0,0.0,88.5362389990405,0.0,0.0,0.6929319988557836,0.0,161,52,3475,12,109,0.5066910654043318,0.9077612142349489,0.4622222222222222,0.8125,0.32298136645962733,0.49990809871043307,0.0034413535990823058,0.9965586464009177,0.017543859649122806,3.289473684210526,
selectivestream_r01_20261011,pooled_snapshot,55,degree_logistic,2,128,3648,0.02493486842119932,12,12,,,light head training not separately recorded; do not interpret NA as zero,2.871052902087001e-07,0,0.0,90.12859300037235,0.0,0.0,0.7225959989227704,0.0,161,52,3475,12,109,0.5066910654043318,0.9077612142349489,0.4622222222222222,0.8125,0.32298136645962733,0.49990809871043307,0.0034413535990823058,0.9965586464009177,0.017543859649122806,3.289473684210526,
selectivestream_r01_20261011,pooled_snapshot,55,degree_MLP,0,128,3648,0.03603005071252945,417,417,,,light head training not separately recorded; do not interpret NA as zero,2.74347480511139e-07,0,0.0,87.5335240016284,0.0,0.0,43.75420700216637,0.0,161,52,3478,9,109,0.5381119451611467,0.9196474215675972,0.46846846846846846,0.8524590163934426,0.32298136645962733,0.5132173021868611,0.0025810151993117293,0.9974189848006882,0.016721491228070175,2.4671052631578947,
selectivestream_r01_20261011,pooled_snapshot,55,degree_MLP,1,128,3648,0.03599320257707037,417,417,,,light head training not separately recorded; do not interpret NA as zero,2.74347480511139e-07,0,0.0,88.2526150026024,0.0,0.0,42.895089999547054,0.0,161,52,3478,9,109,0.5381119451611467,0.9196474215675972,0.46846846846846846,0.8524590163934426,0.32298136645962733,0.5132173021868611,0.0025810151993117293,0.9974189848006882,0.016721491228070175,2.4671052631578947,
selectivestream_r01_20261011,pooled_snapshot,55,degree_MLP,2,128,3648,0.03720445422254869,417,417,,,light head training not separately recorded; do not interpret NA as zero,2.74347480511139e-07,0,0.0,87.90223000050901,0.0,0.0,47.66921900136367,0.0,161,52,3478,9,109,0.5381119451611467,0.9196474215675972,0.46846846846846846,0.8524590163934426,0.32298136645962733,0.5132173021868611,0.0025810151993117293,0.9974189848006882,0.016721491228070175,2.4671052631578947,
selectivestream_r01_20261011,pooled_snapshot,55,relational_MLP,0,128,3648,0.44696724671118254,4225,9634,5.970579175000012,,light head training not separately recorded; do not interpret NA as zero,2.1978663367061557e-07,0,0.0,0.0,309.7239130011076,1270.030454999869,50.48383800294687,0.0,161,87,3420,67,74,0.5541377960473377,0.9153546357633588,0.5523809523809524,0.564935064935065,0.5403726708074534,0.5323372807579033,0.019214224261542873,0.9807857757384572,0.042214912280701754,18.36622807017544,
selectivestream_r01_20261011,pooled_snapshot,55,relational_MLP,1,128,3648,0.4439673906243538,4225,9634,5.970579175000012,,light head training not separately recorded; do not interpret NA as zero,2.1978663367061557e-07,0,0.0,0.0,302.8735459993186,1264.8348379998424,51.572238000517245,0.0,161,87,3420,67,74,0.5541377960473377,0.9153546357633588,0.5523809523809524,0.564935064935065,0.5403726708074534,0.5323372807579033,0.019214224261542873,0.9807857757384572,0.042214912280701754,18.36622807017544,
selectivestream_r01_20261011,pooled_snapshot,55,relational_MLP,2,128,3648,0.4343867867322515,4225,9634,5.970579175000012,,light head training not separately recorded; do not interpret NA as zero,2.1978663367061557e-07,0,0.0,0.0,307.4840409999524,1225.4675719977968,51.39660000168078,0.0,161,87,3420,67,74,0.5541377960473377,0.9153546357633588,0.5523809523809524,0.564935064935065,0.5403726708074534,0.5323372807579033,0.019214224261542873,0.9807857757384572,0.042214912280701754,18.36622807017544,
selectivestream_r01_20261011,pooled_snapshot,55,knn_mean,0,128,3648,0.4321089462719061,0,5409,5.970579175000012,,light head training not separately recorded; do not interpret NA as zero,0.0,0,0.0,0.0,303.24728999949,1271.9648660022358,0.8621550005045719,0.0,161,93,3432,55,68,0.5731562160413325,0.9217065337624931,0.6019417475728155,0.6283783783783784,0.577639751552795,0.5849348071791073,0.015772870662460567,0.9842271293375394,0.04057017543859649,15.076754385964913,
selectivestream_r01_20261011,pooled_snapshot,55,knn_mean,1,128,3648,0.4271399451755941,0,5409,5.970579175000012,,light head training not separately recorded; do not interpret NA as zero,0.0,0,0.0,0.0,310.12821100011934,1246.9511150011385,0.8771059974606032,0.0,161,93,3432,55,68,0.5731562160413325,0.9217065337624931,0.6019417475728155,0.6283783783783784,0.577639751552795,0.5849348071791073,0.015772870662460567,0.9842271293375394,0.04057017543859649,15.076754385964913,
selectivestream_r01_20261011,pooled_snapshot,55,knn_mean,2,128,3648,0.4210184259870917,0,5409,5.970579175000012,,light head training not separately recorded; do not interpret NA as zero,0.0,0,0.0,0.0,311.02595800166455,1223.376193997865,1.2392820008244598,0.0,161,93,3432,55,68,0.5731562160413325,0.9217065337624931,0.6019417475728155,0.6283783783783784,0.577639751552795,0.5849348071791073,0.015772870662460567,0.9842271293375394,0.04057017543859649,15.076754385964913,
selectivestream_r01_20261011,pooled_snapshot,55,GATv2_local,0,128,3648,0.11780432428746249,0,4609,11.191239784000118,,light head training not separately recorded; do not interpret NA as zero,0.0,0,0.0,0.0,425.8401450015299,0.25322000055894023,0.0,0.08230200000980403,161,78,3373,114,83,0.3632762655906514,0.8776333390926725,0.44192634560906513,0.40625,0.484472049689441,0.41555417826292995,0.032692859191281905,0.967307140808718,0.05263157894736842,31.25,
selectivestream_r01_20261011,pooled_snapshot,55,GATv2_local,1,128,3648,0.09736856716065297,0,4609,11.191239784000118,,light head training not separately recorded; do not interpret NA as zero,0.0,0,0.0,0.0,351.7541289966175,0.21461000142153352,0.0,0.07284299954335438,161,78,3373,114,83,0.3632762655906514,0.8776333390926725,0.44192634560906513,0.40625,0.484472049689441,0.41555417826292995,0.032692859191281905,0.967307140808718,0.05263157894736842,31.25,
selectivestream_r01_20261011,pooled_snapshot,55,GATv2_local,2,128,3648,0.10077879769716291,0,4609,11.191239784000118,,light head training not separately recorded; do not interpret NA as zero,0.0,0,0.0,0.0,363.9358699947479,0.22812299630459165,0.0,0.07830200138414511,161,78,3373,114,83,0.3632762655906514,0.8776333390926725,0.44192634560906513,0.40625,0.484472049689441,0.41555417826292995,0.032692859191281905,0.967307140808718,0.05263157894736842,31.25,
selectivestream_r01_20261011,pooled_snapshot,55,GATv2_margin,0,128,3648,0.24766229331175924,0,11364,11.191239784000118,,light head training not separately recorded; do not interpret NA as zero,1.6938095637186734e-07,0,0.2538377192982456,0.0,356.68131100192113,336.24937500007945,0.0,200.3344360000483,161,53,3476,11,108,0.4118135118228211,0.856798187411272,0.4711111111111111,0.828125,0.32919254658385094,0.5100739073534921,0.0031545741324921135,0.9968454258675079,0.017543859649122806,3.0153508771929824,
selectivestream_r01_20261011,pooled_snapshot,55,GATv2_margin,1,128,3648,0.248322945723133,0,11364,11.191239784000118,,light head training not separately recorded; do not interpret NA as zero,1.6938095637186734e-07,0,0.2538377192982456,0.0,350.4431149985976,331.5302259979944,0.0,213.51930999935576,161,53,3476,11,108,0.4118135118228211,0.856798187411272,0.4711111111111111,0.828125,0.32919254658385094,0.5100739073534921,0.0031545741324921135,0.9968454258675079,0.017543859649122806,3.0153508771929824,
selectivestream_r01_20261011,pooled_snapshot,55,GATv2_margin,2,128,3648,0.25420167269791755,0,11364,11.191239784000118,,light head training not separately recorded; do not interpret NA as zero,1.6938095637186734e-07,0,0.2538377192982456,0.0,365.7178500025111,325.9974759994293,0.0,225.58379899874126,161,53,3476,11,108,0.4118135118228211,0.856798187411272,0.4711111111111111,0.828125,0.32919254658385094,0.5100739073534921,0.0031545741324921135,0.9968454258675079,0.017543859649122806,3.0153508771929824,
