dataset,model,rank,view_name,metric
Amazon,AnomalyDAE,5.0,broad_complete_case,roc_auc
BitcoinOTC,AnomalyDAE,5.0,broad_complete_case,roc_auc
CiteSeer,AnomalyDAE,5.0,broad_complete_case,roc_auc
Cora,AnomalyDAE,5.0,broad_complete_case,roc_auc
PubMed,AnomalyDAE,1.0,broad_complete_case,roc_auc
Amazon,CONAD,1.0,broad_complete_case,roc_auc
BitcoinOTC,CONAD,4.0,broad_complete_case,roc_auc
CiteSeer,CONAD,1.0,broad_complete_case,roc_auc
Cora,CONAD,2.5,broad_complete_case,roc_auc
PubMed,CONAD,3.0,broad_complete_case,roc_auc
Amazon,CoLA,6.0,broad_complete_case,roc_auc
BitcoinOTC,CoLA,7.0,broad_complete_case,roc_auc
CiteSeer,CoLA,8.0,broad_complete_case,roc_auc
Cora,CoLA,7.0,broad_complete_case,roc_auc
PubMed,CoLA,7.0,broad_complete_case,roc_auc
Amazon,DLG-Aug,3.0,broad_complete_case,roc_auc
BitcoinOTC,DLG-Aug,2.0,broad_complete_case,roc_auc
CiteSeer,DLG-Aug,3.0,broad_complete_case,roc_auc
Cora,DLG-Aug,4.0,broad_complete_case,roc_auc
PubMed,DLG-Aug,5.0,broad_complete_case,roc_auc
Amazon,DLG-Base,4.0,broad_complete_case,roc_auc
BitcoinOTC,DLG-Base,1.0,broad_complete_case,roc_auc
CiteSeer,DLG-Base,4.0,broad_complete_case,roc_auc
Cora,DLG-Base,1.0,broad_complete_case,roc_auc
PubMed,DLG-Base,2.0,broad_complete_case,roc_auc
Amazon,DOMINANT,2.0,broad_complete_case,roc_auc
BitcoinOTC,DOMINANT,3.0,broad_complete_case,roc_auc
CiteSeer,DOMINANT,2.0,broad_complete_case,roc_auc
Cora,DOMINANT,2.5,broad_complete_case,roc_auc
PubMed,DOMINANT,4.0,broad_complete_case,roc_auc
Amazon,GADNR,7.0,broad_complete_case,roc_auc
BitcoinOTC,GADNR,6.0,broad_complete_case,roc_auc
CiteSeer,GADNR,6.0,broad_complete_case,roc_auc
Cora,GADNR,6.0,broad_complete_case,roc_auc
PubMed,GADNR,6.0,broad_complete_case,roc_auc
Amazon,OCGNN,8.0,broad_complete_case,roc_auc
BitcoinOTC,OCGNN,8.0,broad_complete_case,roc_auc
CiteSeer,OCGNN,7.0,broad_complete_case,roc_auc
Cora,OCGNN,8.0,broad_complete_case,roc_auc
PubMed,OCGNN,8.0,broad_complete_case,roc_auc
Amazon,AnomalyDAE,1.0,broad_complete_case,pr_auc
BitcoinOTC,AnomalyDAE,5.0,broad_complete_case,pr_auc
CiteSeer,AnomalyDAE,5.0,broad_complete_case,pr_auc
Cora,AnomalyDAE,5.0,broad_complete_case,pr_auc
PubMed,AnomalyDAE,1.0,broad_complete_case,pr_auc
Amazon,CONAD,3.0,broad_complete_case,pr_auc
BitcoinOTC,CONAD,2.0,broad_complete_case,pr_auc
CiteSeer,CONAD,3.0,broad_complete_case,pr_auc
Cora,CONAD,2.5,broad_complete_case,pr_auc
PubMed,CONAD,3.0,broad_complete_case,pr_auc
Amazon,CoLA,6.0,broad_complete_case,pr_auc
BitcoinOTC,CoLA,7.0,broad_complete_case,pr_auc
CiteSeer,CoLA,7.0,broad_complete_case,pr_auc
Cora,CoLA,8.0,broad_complete_case,pr_auc
PubMed,CoLA,7.0,broad_complete_case,pr_auc
Amazon,DLG-Aug,2.0,broad_complete_case,pr_auc
BitcoinOTC,DLG-Aug,4.0,broad_complete_case,pr_auc
CiteSeer,DLG-Aug,2.0,broad_complete_case,pr_auc
Cora,DLG-Aug,4.0,broad_complete_case,pr_auc
PubMed,DLG-Aug,5.0,broad_complete_case,pr_auc
Amazon,DLG-Base,5.0,broad_complete_case,pr_auc
BitcoinOTC,DLG-Base,3.0,broad_complete_case,pr_auc
CiteSeer,DLG-Base,1.0,broad_complete_case,pr_auc
Cora,DLG-Base,1.0,broad_complete_case,pr_auc
PubMed,DLG-Base,2.0,broad_complete_case,pr_auc
Amazon,DOMINANT,4.0,broad_complete_case,pr_auc
BitcoinOTC,DOMINANT,1.0,broad_complete_case,pr_auc
CiteSeer,DOMINANT,4.0,broad_complete_case,pr_auc
Cora,DOMINANT,2.5,broad_complete_case,pr_auc
PubMed,DOMINANT,4.0,broad_complete_case,pr_auc
Amazon,GADNR,7.0,broad_complete_case,pr_auc
BitcoinOTC,GADNR,6.0,broad_complete_case,pr_auc
CiteSeer,GADNR,6.0,broad_complete_case,pr_auc
Cora,GADNR,6.0,broad_complete_case,pr_auc
PubMed,GADNR,6.0,broad_complete_case,pr_auc
Amazon,OCGNN,8.0,broad_complete_case,pr_auc
BitcoinOTC,OCGNN,8.0,broad_complete_case,pr_auc
CiteSeer,OCGNN,8.0,broad_complete_case,pr_auc
Cora,OCGNN,7.0,broad_complete_case,pr_auc
PubMed,OCGNN,8.0,broad_complete_case,pr_auc
Amazon,AnomalyDAE,1.0,broad_complete_case,validation_f1
BitcoinOTC,AnomalyDAE,5.0,broad_complete_case,validation_f1
CiteSeer,AnomalyDAE,5.0,broad_complete_case,validation_f1
Cora,AnomalyDAE,5.0,broad_complete_case,validation_f1
PubMed,AnomalyDAE,1.0,broad_complete_case,validation_f1
Amazon,CONAD,2.5,broad_complete_case,validation_f1
BitcoinOTC,CONAD,1.5,broad_complete_case,validation_f1
CiteSeer,CONAD,3.0,broad_complete_case,validation_f1
Cora,CONAD,3.5,broad_complete_case,validation_f1
PubMed,CONAD,5.0,broad_complete_case,validation_f1
Amazon,CoLA,6.0,broad_complete_case,validation_f1
BitcoinOTC,CoLA,7.0,broad_complete_case,validation_f1
CiteSeer,CoLA,8.0,broad_complete_case,validation_f1
Cora,CoLA,8.0,broad_complete_case,validation_f1
PubMed,CoLA,7.0,broad_complete_case,validation_f1
Amazon,DLG-Aug,4.0,broad_complete_case,validation_f1
BitcoinOTC,DLG-Aug,3.0,broad_complete_case,validation_f1
CiteSeer,DLG-Aug,3.0,broad_complete_case,validation_f1
Cora,DLG-Aug,2.0,broad_complete_case,validation_f1
PubMed,DLG-Aug,4.0,broad_complete_case,validation_f1
Amazon,DLG-Base,5.0,broad_complete_case,validation_f1
BitcoinOTC,DLG-Base,4.0,broad_complete_case,validation_f1
CiteSeer,DLG-Base,1.0,broad_complete_case,validation_f1
Cora,DLG-Base,1.0,broad_complete_case,validation_f1
PubMed,DLG-Base,2.0,broad_complete_case,validation_f1
Amazon,DOMINANT,2.5,broad_complete_case,validation_f1
BitcoinOTC,DOMINANT,1.5,broad_complete_case,validation_f1
CiteSeer,DOMINANT,3.0,broad_complete_case,validation_f1
Cora,DOMINANT,3.5,broad_complete_case,validation_f1
PubMed,DOMINANT,3.0,broad_complete_case,validation_f1
Amazon,GADNR,7.0,broad_complete_case,validation_f1
BitcoinOTC,GADNR,6.0,broad_complete_case,validation_f1
CiteSeer,GADNR,6.0,broad_complete_case,validation_f1
Cora,GADNR,6.0,broad_complete_case,validation_f1
PubMed,GADNR,6.0,broad_complete_case,validation_f1
Amazon,OCGNN,8.0,broad_complete_case,validation_f1
BitcoinOTC,OCGNN,8.0,broad_complete_case,validation_f1
CiteSeer,OCGNN,7.0,broad_complete_case,validation_f1
Cora,OCGNN,7.0,broad_complete_case,validation_f1
PubMed,OCGNN,8.0,broad_complete_case,validation_f1
Amazon,CoLA,4.0,scalable_detector,roc_auc
BitcoinOTC,CoLA,4.0,scalable_detector,roc_auc
CiteSeer,CoLA,5.0,scalable_detector,roc_auc
Cora,CoLA,4.0,scalable_detector,roc_auc
DGraphFin,CoLA,2.0,scalable_detector,roc_auc
Elliptic,CoLA,2.0,scalable_detector,roc_auc
Flickr,CoLA,5.0,scalable_detector,roc_auc
PubMed,CoLA,4.0,scalable_detector,roc_auc
Reddit,CoLA,4.0,scalable_detector,roc_auc
Yelp,CoLA,4.0,scalable_detector,roc_auc
Amazon,DLG-Aug,2.0,scalable_detector,roc_auc
BitcoinOTC,DLG-Aug,2.0,scalable_detector,roc_auc
CiteSeer,DLG-Aug,2.0,scalable_detector,roc_auc
Cora,DLG-Aug,3.0,scalable_detector,roc_auc
DGraphFin,DLG-Aug,1.0,scalable_detector,roc_auc
Elliptic,DLG-Aug,1.0,scalable_detector,roc_auc
Flickr,DLG-Aug,2.0,scalable_detector,roc_auc
PubMed,DLG-Aug,3.0,scalable_detector,roc_auc
Reddit,DLG-Aug,3.0,scalable_detector,roc_auc
Yelp,DLG-Aug,1.0,scalable_detector,roc_auc
Amazon,DLG-Base,3.0,scalable_detector,roc_auc
BitcoinOTC,DLG-Base,1.0,scalable_detector,roc_auc
CiteSeer,DLG-Base,3.0,scalable_detector,roc_auc
Cora,DLG-Base,1.0,scalable_detector,roc_auc
DGraphFin,DLG-Base,4.0,scalable_detector,roc_auc
Elliptic,DLG-Base,3.0,scalable_detector,roc_auc
Flickr,DLG-Base,3.0,scalable_detector,roc_auc
PubMed,DLG-Base,1.0,scalable_detector,roc_auc
Reddit,DLG-Base,2.0,scalable_detector,roc_auc
Yelp,DLG-Base,2.0,scalable_detector,roc_auc
Amazon,DOMINANT,1.0,scalable_detector,roc_auc
BitcoinOTC,DOMINANT,3.0,scalable_detector,roc_auc
CiteSeer,DOMINANT,1.0,scalable_detector,roc_auc
Cora,DOMINANT,2.0,scalable_detector,roc_auc
DGraphFin,DOMINANT,5.0,scalable_detector,roc_auc
Elliptic,DOMINANT,4.0,scalable_detector,roc_auc
Flickr,DOMINANT,1.0,scalable_detector,roc_auc
PubMed,DOMINANT,2.0,scalable_detector,roc_auc
Reddit,DOMINANT,1.0,scalable_detector,roc_auc
Yelp,DOMINANT,3.0,scalable_detector,roc_auc
Amazon,OCGNN,5.0,scalable_detector,roc_auc
BitcoinOTC,OCGNN,5.0,scalable_detector,roc_auc
CiteSeer,OCGNN,4.0,scalable_detector,roc_auc
Cora,OCGNN,5.0,scalable_detector,roc_auc
DGraphFin,OCGNN,3.0,scalable_detector,roc_auc
Elliptic,OCGNN,5.0,scalable_detector,roc_auc
Flickr,OCGNN,4.0,scalable_detector,roc_auc
PubMed,OCGNN,5.0,scalable_detector,roc_auc
Reddit,OCGNN,5.0,scalable_detector,roc_auc
Yelp,OCGNN,5.0,scalable_detector,roc_auc
Amazon,CoLA,4.0,scalable_detector,pr_auc
BitcoinOTC,CoLA,4.0,scalable_detector,pr_auc
CiteSeer,CoLA,4.0,scalable_detector,pr_auc
Cora,CoLA,5.0,scalable_detector,pr_auc
DGraphFin,CoLA,2.0,scalable_detector,pr_auc
Elliptic,CoLA,2.0,scalable_detector,pr_auc
Flickr,CoLA,4.0,scalable_detector,pr_auc
PubMed,CoLA,4.0,scalable_detector,pr_auc
Reddit,CoLA,4.0,scalable_detector,pr_auc
Yelp,CoLA,4.0,scalable_detector,pr_auc
Amazon,DLG-Aug,1.0,scalable_detector,pr_auc
BitcoinOTC,DLG-Aug,3.0,scalable_detector,pr_auc
CiteSeer,DLG-Aug,2.0,scalable_detector,pr_auc
Cora,DLG-Aug,3.0,scalable_detector,pr_auc
DGraphFin,DLG-Aug,1.0,scalable_detector,pr_auc
Elliptic,DLG-Aug,1.0,scalable_detector,pr_auc
Flickr,DLG-Aug,2.0,scalable_detector,pr_auc
PubMed,DLG-Aug,3.0,scalable_detector,pr_auc
Reddit,DLG-Aug,3.0,scalable_detector,pr_auc
Yelp,DLG-Aug,1.0,scalable_detector,pr_auc
Amazon,DLG-Base,3.0,scalable_detector,pr_auc
BitcoinOTC,DLG-Base,2.0,scalable_detector,pr_auc
CiteSeer,DLG-Base,1.0,scalable_detector,pr_auc
Cora,DLG-Base,1.0,scalable_detector,pr_auc
DGraphFin,DLG-Base,5.0,scalable_detector,pr_auc
Elliptic,DLG-Base,3.0,scalable_detector,pr_auc
Flickr,DLG-Base,3.0,scalable_detector,pr_auc
PubMed,DLG-Base,1.0,scalable_detector,pr_auc
Reddit,DLG-Base,2.0,scalable_detector,pr_auc
Yelp,DLG-Base,2.0,scalable_detector,pr_auc
Amazon,DOMINANT,2.0,scalable_detector,pr_auc
BitcoinOTC,DOMINANT,1.0,scalable_detector,pr_auc
CiteSeer,DOMINANT,3.0,scalable_detector,pr_auc
Cora,DOMINANT,2.0,scalable_detector,pr_auc
DGraphFin,DOMINANT,4.0,scalable_detector,pr_auc
Elliptic,DOMINANT,4.0,scalable_detector,pr_auc
Flickr,DOMINANT,1.0,scalable_detector,pr_auc
PubMed,DOMINANT,2.0,scalable_detector,pr_auc
Reddit,DOMINANT,1.0,scalable_detector,pr_auc
Yelp,DOMINANT,3.0,scalable_detector,pr_auc
Amazon,OCGNN,5.0,scalable_detector,pr_auc
BitcoinOTC,OCGNN,5.0,scalable_detector,pr_auc
CiteSeer,OCGNN,5.0,scalable_detector,pr_auc
Cora,OCGNN,4.0,scalable_detector,pr_auc
DGraphFin,OCGNN,3.0,scalable_detector,pr_auc
Elliptic,OCGNN,5.0,scalable_detector,pr_auc
Flickr,OCGNN,5.0,scalable_detector,pr_auc
PubMed,OCGNN,5.0,scalable_detector,pr_auc
Reddit,OCGNN,5.0,scalable_detector,pr_auc
Yelp,OCGNN,5.0,scalable_detector,pr_auc
Amazon,CoLA,4.0,scalable_detector,validation_f1
BitcoinOTC,CoLA,4.0,scalable_detector,validation_f1
CiteSeer,CoLA,5.0,scalable_detector,validation_f1
Cora,CoLA,5.0,scalable_detector,validation_f1
DGraphFin,CoLA,3.0,scalable_detector,validation_f1
Elliptic,CoLA,5.0,scalable_detector,validation_f1
Flickr,CoLA,4.0,scalable_detector,validation_f1
PubMed,CoLA,4.0,scalable_detector,validation_f1
Reddit,CoLA,4.0,scalable_detector,validation_f1
Yelp,CoLA,4.0,scalable_detector,validation_f1
Amazon,DLG-Aug,2.0,scalable_detector,validation_f1
BitcoinOTC,DLG-Aug,2.0,scalable_detector,validation_f1
CiteSeer,DLG-Aug,2.5,scalable_detector,validation_f1
Cora,DLG-Aug,2.0,scalable_detector,validation_f1
DGraphFin,DLG-Aug,1.0,scalable_detector,validation_f1
Elliptic,DLG-Aug,1.0,scalable_detector,validation_f1
Flickr,DLG-Aug,3.0,scalable_detector,validation_f1
PubMed,DLG-Aug,3.0,scalable_detector,validation_f1
Reddit,DLG-Aug,3.0,scalable_detector,validation_f1
Yelp,DLG-Aug,1.0,scalable_detector,validation_f1
Amazon,DLG-Base,3.0,scalable_detector,validation_f1
BitcoinOTC,DLG-Base,3.0,scalable_detector,validation_f1
CiteSeer,DLG-Base,1.0,scalable_detector,validation_f1
Cora,DLG-Base,1.0,scalable_detector,validation_f1
DGraphFin,DLG-Base,4.0,scalable_detector,validation_f1
Elliptic,DLG-Base,3.0,scalable_detector,validation_f1
Flickr,DLG-Base,2.0,scalable_detector,validation_f1
PubMed,DLG-Base,1.0,scalable_detector,validation_f1
Reddit,DLG-Base,2.0,scalable_detector,validation_f1
Yelp,DLG-Base,2.0,scalable_detector,validation_f1
Amazon,DOMINANT,1.0,scalable_detector,validation_f1
BitcoinOTC,DOMINANT,1.0,scalable_detector,validation_f1
CiteSeer,DOMINANT,2.5,scalable_detector,validation_f1
Cora,DOMINANT,3.0,scalable_detector,validation_f1
DGraphFin,DOMINANT,5.0,scalable_detector,validation_f1
Elliptic,DOMINANT,2.0,scalable_detector,validation_f1
Flickr,DOMINANT,1.0,scalable_detector,validation_f1
PubMed,DOMINANT,2.0,scalable_detector,validation_f1
Reddit,DOMINANT,1.0,scalable_detector,validation_f1
Yelp,DOMINANT,3.0,scalable_detector,validation_f1
Amazon,OCGNN,5.0,scalable_detector,validation_f1
BitcoinOTC,OCGNN,5.0,scalable_detector,validation_f1
CiteSeer,OCGNN,4.0,scalable_detector,validation_f1
Cora,OCGNN,4.0,scalable_detector,validation_f1
DGraphFin,OCGNN,2.0,scalable_detector,validation_f1
Elliptic,OCGNN,4.0,scalable_detector,validation_f1
Flickr,OCGNN,5.0,scalable_detector,validation_f1
PubMed,OCGNN,5.0,scalable_detector,validation_f1
Reddit,OCGNN,5.0,scalable_detector,validation_f1
Yelp,OCGNN,5.0,scalable_detector,validation_f1
Amazon,CoLA,4.0,fraud_oriented,roc_auc
BitcoinOTC,CoLA,4.0,fraud_oriented,roc_auc
DGraphFin,CoLA,2.0,fraud_oriented,roc_auc
Elliptic,CoLA,2.0,fraud_oriented,roc_auc
Flickr,CoLA,5.0,fraud_oriented,roc_auc
Reddit,CoLA,4.0,fraud_oriented,roc_auc
Yelp,CoLA,4.0,fraud_oriented,roc_auc
Amazon,DLG-Aug,2.0,fraud_oriented,roc_auc
BitcoinOTC,DLG-Aug,2.0,fraud_oriented,roc_auc
DGraphFin,DLG-Aug,1.0,fraud_oriented,roc_auc
Elliptic,DLG-Aug,1.0,fraud_oriented,roc_auc
Flickr,DLG-Aug,2.0,fraud_oriented,roc_auc
Reddit,DLG-Aug,3.0,fraud_oriented,roc_auc
Yelp,DLG-Aug,1.0,fraud_oriented,roc_auc
Amazon,DLG-Base,3.0,fraud_oriented,roc_auc
BitcoinOTC,DLG-Base,1.0,fraud_oriented,roc_auc
DGraphFin,DLG-Base,4.0,fraud_oriented,roc_auc
Elliptic,DLG-Base,3.0,fraud_oriented,roc_auc
Flickr,DLG-Base,3.0,fraud_oriented,roc_auc
Reddit,DLG-Base,2.0,fraud_oriented,roc_auc
Yelp,DLG-Base,2.0,fraud_oriented,roc_auc
Amazon,DOMINANT,1.0,fraud_oriented,roc_auc
BitcoinOTC,DOMINANT,3.0,fraud_oriented,roc_auc
DGraphFin,DOMINANT,5.0,fraud_oriented,roc_auc
Elliptic,DOMINANT,4.0,fraud_oriented,roc_auc
Flickr,DOMINANT,1.0,fraud_oriented,roc_auc
Reddit,DOMINANT,1.0,fraud_oriented,roc_auc
Yelp,DOMINANT,3.0,fraud_oriented,roc_auc
Amazon,OCGNN,5.0,fraud_oriented,roc_auc
BitcoinOTC,OCGNN,5.0,fraud_oriented,roc_auc
DGraphFin,OCGNN,3.0,fraud_oriented,roc_auc
Elliptic,OCGNN,5.0,fraud_oriented,roc_auc
Flickr,OCGNN,4.0,fraud_oriented,roc_auc
Reddit,OCGNN,5.0,fraud_oriented,roc_auc
Yelp,OCGNN,5.0,fraud_oriented,roc_auc
Amazon,CoLA,4.0,fraud_oriented,pr_auc
BitcoinOTC,CoLA,4.0,fraud_oriented,pr_auc
DGraphFin,CoLA,2.0,fraud_oriented,pr_auc
Elliptic,CoLA,2.0,fraud_oriented,pr_auc
Flickr,CoLA,4.0,fraud_oriented,pr_auc
Reddit,CoLA,4.0,fraud_oriented,pr_auc
Yelp,CoLA,4.0,fraud_oriented,pr_auc
Amazon,DLG-Aug,1.0,fraud_oriented,pr_auc
BitcoinOTC,DLG-Aug,3.0,fraud_oriented,pr_auc
DGraphFin,DLG-Aug,1.0,fraud_oriented,pr_auc
Elliptic,DLG-Aug,1.0,fraud_oriented,pr_auc
Flickr,DLG-Aug,2.0,fraud_oriented,pr_auc
Reddit,DLG-Aug,3.0,fraud_oriented,pr_auc
Yelp,DLG-Aug,1.0,fraud_oriented,pr_auc
Amazon,DLG-Base,3.0,fraud_oriented,pr_auc
BitcoinOTC,DLG-Base,2.0,fraud_oriented,pr_auc
DGraphFin,DLG-Base,5.0,fraud_oriented,pr_auc
Elliptic,DLG-Base,3.0,fraud_oriented,pr_auc
Flickr,DLG-Base,3.0,fraud_oriented,pr_auc
Reddit,DLG-Base,2.0,fraud_oriented,pr_auc
Yelp,DLG-Base,2.0,fraud_oriented,pr_auc
Amazon,DOMINANT,2.0,fraud_oriented,pr_auc
BitcoinOTC,DOMINANT,1.0,fraud_oriented,pr_auc
DGraphFin,DOMINANT,4.0,fraud_oriented,pr_auc
Elliptic,DOMINANT,4.0,fraud_oriented,pr_auc
Flickr,DOMINANT,1.0,fraud_oriented,pr_auc
Reddit,DOMINANT,1.0,fraud_oriented,pr_auc
Yelp,DOMINANT,3.0,fraud_oriented,pr_auc
Amazon,OCGNN,5.0,fraud_oriented,pr_auc
BitcoinOTC,OCGNN,5.0,fraud_oriented,pr_auc
DGraphFin,OCGNN,3.0,fraud_oriented,pr_auc
Elliptic,OCGNN,5.0,fraud_oriented,pr_auc
Flickr,OCGNN,5.0,fraud_oriented,pr_auc
Reddit,OCGNN,5.0,fraud_oriented,pr_auc
Yelp,OCGNN,5.0,fraud_oriented,pr_auc
Amazon,CoLA,4.0,fraud_oriented,validation_f1
BitcoinOTC,CoLA,4.0,fraud_oriented,validation_f1
DGraphFin,CoLA,3.0,fraud_oriented,validation_f1
Elliptic,CoLA,5.0,fraud_oriented,validation_f1
Flickr,CoLA,4.0,fraud_oriented,validation_f1
Reddit,CoLA,4.0,fraud_oriented,validation_f1
Yelp,CoLA,4.0,fraud_oriented,validation_f1
Amazon,DLG-Aug,2.0,fraud_oriented,validation_f1
BitcoinOTC,DLG-Aug,2.0,fraud_oriented,validation_f1
DGraphFin,DLG-Aug,1.0,fraud_oriented,validation_f1
Elliptic,DLG-Aug,1.0,fraud_oriented,validation_f1
Flickr,DLG-Aug,3.0,fraud_oriented,validation_f1
Reddit,DLG-Aug,3.0,fraud_oriented,validation_f1
Yelp,DLG-Aug,1.0,fraud_oriented,validation_f1
Amazon,DLG-Base,3.0,fraud_oriented,validation_f1
BitcoinOTC,DLG-Base,3.0,fraud_oriented,validation_f1
DGraphFin,DLG-Base,4.0,fraud_oriented,validation_f1
Elliptic,DLG-Base,3.0,fraud_oriented,validation_f1
Flickr,DLG-Base,2.0,fraud_oriented,validation_f1
Reddit,DLG-Base,2.0,fraud_oriented,validation_f1
Yelp,DLG-Base,2.0,fraud_oriented,validation_f1
Amazon,DOMINANT,1.0,fraud_oriented,validation_f1
BitcoinOTC,DOMINANT,1.0,fraud_oriented,validation_f1
DGraphFin,DOMINANT,5.0,fraud_oriented,validation_f1
Elliptic,DOMINANT,2.0,fraud_oriented,validation_f1
Flickr,DOMINANT,1.0,fraud_oriented,validation_f1
Reddit,DOMINANT,1.0,fraud_oriented,validation_f1
Yelp,DOMINANT,3.0,fraud_oriented,validation_f1
Amazon,OCGNN,5.0,fraud_oriented,validation_f1
BitcoinOTC,OCGNN,5.0,fraud_oriented,validation_f1
DGraphFin,OCGNN,2.0,fraud_oriented,validation_f1
Elliptic,OCGNN,4.0,fraud_oriented,validation_f1
Flickr,OCGNN,5.0,fraud_oriented,validation_f1
Reddit,OCGNN,5.0,fraud_oriented,validation_f1
Yelp,OCGNN,5.0,fraud_oriented,validation_f1
