comparison,model_a,model_b,metric,test,statistic,p_value,n_datasets,effect_size_dz,adjusted_p,significant,correction,view_name
AnomalyDAE vs CONAD,AnomalyDAE,CONAD,roc_auc,wilcoxon,4.0,0.4375,5,-0.35702538934601213,1.0,False,holm,broad_complete_case
AnomalyDAE vs CoLA,AnomalyDAE,CoLA,roc_auc,wilcoxon,0.0,0.0625,5,1.4203898455301605,1.0,False,holm,broad_complete_case
AnomalyDAE vs DLG-Aug,AnomalyDAE,DLG-Aug,roc_auc,wilcoxon,4.0,0.4375,5,-0.36367778519157357,1.0,False,holm,broad_complete_case
AnomalyDAE vs DLG-Base,AnomalyDAE,DLG-Base,roc_auc,wilcoxon,4.0,0.4375,5,-0.36896595806132765,1.0,False,holm,broad_complete_case
AnomalyDAE vs DOMINANT,AnomalyDAE,DOMINANT,roc_auc,wilcoxon,4.0,0.4375,5,-0.3570175452607102,1.0,False,holm,broad_complete_case
AnomalyDAE vs GADNR,AnomalyDAE,GADNR,roc_auc,wilcoxon,0.0,0.0625,5,1.712088422683531,1.0,False,holm,broad_complete_case
AnomalyDAE vs OCGNN,AnomalyDAE,OCGNN,roc_auc,wilcoxon,0.0,0.0625,5,4.490049620012548,1.0,False,holm,broad_complete_case
CONAD vs CoLA,CONAD,CoLA,roc_auc,wilcoxon,0.0,0.0625,5,1.9686153598918414,1.0,False,holm,broad_complete_case
CONAD vs DLG-Aug,CONAD,DLG-Aug,roc_auc,wilcoxon,5.0,0.625,5,-0.13425830987294005,1.0,False,holm,broad_complete_case
CONAD vs DLG-Base,CONAD,DLG-Base,roc_auc,wilcoxon,6.0,0.8125,5,-0.1908977100192007,1.0,False,holm,broad_complete_case
CONAD vs DOMINANT,CONAD,DOMINANT,roc_auc,wilcoxon,0.0,1.0,5,0.432568161240368,1.0,False,holm,broad_complete_case
CONAD vs GADNR,CONAD,GADNR,roc_auc,wilcoxon,0.0,0.0625,5,1.6259777969745024,1.0,False,holm,broad_complete_case
CONAD vs OCGNN,CONAD,OCGNN,roc_auc,wilcoxon,0.0,0.0625,5,10.69442807643657,1.0,False,holm,broad_complete_case
CoLA vs DLG-Aug,CoLA,DLG-Aug,roc_auc,wilcoxon,0.0,0.0625,5,-1.9766488221804814,1.0,False,holm,broad_complete_case
CoLA vs DLG-Base,CoLA,DLG-Base,roc_auc,wilcoxon,0.0,0.0625,5,-1.9767994986621684,1.0,False,holm,broad_complete_case
CoLA vs DOMINANT,CoLA,DOMINANT,roc_auc,wilcoxon,0.0,0.0625,5,-1.9686148990171353,1.0,False,holm,broad_complete_case
CoLA vs GADNR,CoLA,GADNR,roc_auc,wilcoxon,2.0,0.1875,5,-0.755977323270244,1.0,False,holm,broad_complete_case
CoLA vs OCGNN,CoLA,OCGNN,roc_auc,wilcoxon,1.0,0.125,5,0.8757811080816241,1.0,False,holm,broad_complete_case
DLG-Aug vs DLG-Base,DLG-Aug,DLG-Base,roc_auc,wilcoxon,5.0,0.625,5,-0.3328204773350298,1.0,False,holm,broad_complete_case
DLG-Aug vs DOMINANT,DLG-Aug,DOMINANT,roc_auc,wilcoxon,5.0,0.625,5,0.13474680371027425,1.0,False,holm,broad_complete_case
DLG-Aug vs GADNR,DLG-Aug,GADNR,roc_auc,wilcoxon,0.0,0.0625,5,1.6398079218982202,1.0,False,holm,broad_complete_case
DLG-Aug vs OCGNN,DLG-Aug,OCGNN,roc_auc,wilcoxon,0.0,0.0625,5,10.531967050052183,1.0,False,holm,broad_complete_case
DLG-Base vs DOMINANT,DLG-Base,DOMINANT,roc_auc,wilcoxon,6.0,0.8125,5,0.1913452943961869,1.0,False,holm,broad_complete_case
DLG-Base vs GADNR,DLG-Base,GADNR,roc_auc,wilcoxon,0.0,0.0625,5,1.6447403952933586,1.0,False,holm,broad_complete_case
DLG-Base vs OCGNN,DLG-Base,OCGNN,roc_auc,wilcoxon,0.0,0.0625,5,10.49006966037772,1.0,False,holm,broad_complete_case
DOMINANT vs GADNR,DOMINANT,GADNR,roc_auc,wilcoxon,0.0,0.0625,5,1.6259706582942806,1.0,False,holm,broad_complete_case
DOMINANT vs OCGNN,DOMINANT,OCGNN,roc_auc,wilcoxon,0.0,0.0625,5,10.694285436308078,1.0,False,holm,broad_complete_case
GADNR vs OCGNN,GADNR,OCGNN,roc_auc,wilcoxon,0.0,0.0625,5,2.377207889556289,1.0,False,holm,broad_complete_case
AnomalyDAE vs CONAD,AnomalyDAE,CONAD,pr_auc,wilcoxon,6.0,0.8125,5,0.381038491830185,1.0,False,holm,broad_complete_case
AnomalyDAE vs CoLA,AnomalyDAE,CoLA,pr_auc,wilcoxon,0.0,0.0625,5,2.2492147802661115,1.0,False,holm,broad_complete_case
AnomalyDAE vs DLG-Aug,AnomalyDAE,DLG-Aug,pr_auc,wilcoxon,6.0,0.8125,5,0.44210033543043753,1.0,False,holm,broad_complete_case
AnomalyDAE vs DLG-Base,AnomalyDAE,DLG-Base,pr_auc,wilcoxon,6.0,0.8125,5,0.4352590975372345,1.0,False,holm,broad_complete_case
AnomalyDAE vs DOMINANT,AnomalyDAE,DOMINANT,pr_auc,wilcoxon,6.0,0.8125,5,0.3810436574872342,1.0,False,holm,broad_complete_case
AnomalyDAE vs GADNR,AnomalyDAE,GADNR,pr_auc,wilcoxon,0.0,0.0625,5,1.269687987032724,1.0,False,holm,broad_complete_case
AnomalyDAE vs OCGNN,AnomalyDAE,OCGNN,pr_auc,wilcoxon,0.0,0.0625,5,2.663066534627502,1.0,False,holm,broad_complete_case
CONAD vs CoLA,CONAD,CoLA,pr_auc,wilcoxon,0.0,0.0625,5,1.3053404992651776,1.0,False,holm,broad_complete_case
CONAD vs DLG-Aug,CONAD,DLG-Aug,pr_auc,wilcoxon,4.0,0.4375,5,0.4666161672559287,1.0,False,holm,broad_complete_case
CONAD vs DLG-Base,CONAD,DLG-Base,pr_auc,wilcoxon,6.0,0.8125,5,0.4506442216576382,1.0,False,holm,broad_complete_case
CONAD vs DOMINANT,CONAD,DOMINANT,pr_auc,wilcoxon,1.0,0.25,5,0.5449525061391743,1.0,False,holm,broad_complete_case
CONAD vs GADNR,CONAD,GADNR,pr_auc,wilcoxon,0.0,0.0625,5,1.3364402286690114,1.0,False,holm,broad_complete_case
CONAD vs OCGNN,CONAD,OCGNN,pr_auc,wilcoxon,0.0,0.0625,5,1.345275716234752,1.0,False,holm,broad_complete_case
CoLA vs DLG-Aug,CoLA,DLG-Aug,pr_auc,wilcoxon,0.0,0.0625,5,-1.2768272197699588,1.0,False,holm,broad_complete_case
CoLA vs DLG-Base,CoLA,DLG-Base,pr_auc,wilcoxon,0.0,0.0625,5,-1.2685187594168308,1.0,False,holm,broad_complete_case
CoLA vs DOMINANT,CoLA,DOMINANT,pr_auc,wilcoxon,0.0,0.0625,5,-1.3053242657028337,1.0,False,holm,broad_complete_case
CoLA vs GADNR,CoLA,GADNR,pr_auc,wilcoxon,2.0,0.1875,5,-0.7549370703899546,1.0,False,holm,broad_complete_case
CoLA vs OCGNN,CoLA,OCGNN,pr_auc,wilcoxon,1.0,0.125,5,0.5861778029243191,1.0,False,holm,broad_complete_case
DLG-Aug vs DLG-Base,DLG-Aug,DLG-Base,pr_auc,wilcoxon,5.0,0.625,5,-0.29612350545491767,1.0,False,holm,broad_complete_case
DLG-Aug vs DOMINANT,DLG-Aug,DOMINANT,pr_auc,wilcoxon,4.0,0.4375,5,-0.4665367638610523,1.0,False,holm,broad_complete_case
DLG-Aug vs GADNR,DLG-Aug,GADNR,pr_auc,wilcoxon,0.0,0.0625,5,1.1789577391206296,1.0,False,holm,broad_complete_case
DLG-Aug vs OCGNN,DLG-Aug,OCGNN,pr_auc,wilcoxon,0.0,0.0625,5,1.3904234742704398,1.0,False,holm,broad_complete_case
DLG-Base vs DOMINANT,DLG-Base,DOMINANT,pr_auc,wilcoxon,6.0,0.8125,5,-0.4505671800026878,1.0,False,holm,broad_complete_case
DLG-Base vs GADNR,DLG-Base,GADNR,pr_auc,wilcoxon,0.0,0.0625,5,1.178961699748041,1.0,False,holm,broad_complete_case
DLG-Base vs OCGNN,DLG-Base,OCGNN,pr_auc,wilcoxon,0.0,0.0625,5,1.3805206558036431,1.0,False,holm,broad_complete_case
DOMINANT vs GADNR,DOMINANT,GADNR,pr_auc,wilcoxon,0.0,0.0625,5,1.3364191559769465,1.0,False,holm,broad_complete_case
DOMINANT vs OCGNN,DOMINANT,OCGNN,pr_auc,wilcoxon,0.0,0.0625,5,1.3452638911636785,1.0,False,holm,broad_complete_case
GADNR vs OCGNN,GADNR,OCGNN,pr_auc,wilcoxon,0.0,0.0625,5,0.8019166676728259,1.0,False,holm,broad_complete_case
AnomalyDAE vs CONAD,AnomalyDAE,CONAD,validation_f1,wilcoxon,6.0,0.8125,5,-0.13171231524105734,1.0,False,holm,broad_complete_case
AnomalyDAE vs CoLA,AnomalyDAE,CoLA,validation_f1,wilcoxon,0.0,0.0625,5,2.323336489398814,1.0,False,holm,broad_complete_case
AnomalyDAE vs DLG-Aug,AnomalyDAE,DLG-Aug,validation_f1,wilcoxon,6.0,0.8125,5,-0.12736383301366536,1.0,False,holm,broad_complete_case
AnomalyDAE vs DLG-Base,AnomalyDAE,DLG-Base,validation_f1,wilcoxon,6.0,0.8125,5,-0.12051269952682638,1.0,False,holm,broad_complete_case
AnomalyDAE vs DOMINANT,AnomalyDAE,DOMINANT,validation_f1,wilcoxon,6.0,0.8125,5,-0.13221092969735843,1.0,False,holm,broad_complete_case
AnomalyDAE vs GADNR,AnomalyDAE,GADNR,validation_f1,wilcoxon,0.0,0.0625,5,1.0904206583344498,1.0,False,holm,broad_complete_case
AnomalyDAE vs OCGNN,AnomalyDAE,OCGNN,validation_f1,wilcoxon,0.0,0.0625,5,2.73469210239635,1.0,False,holm,broad_complete_case
CONAD vs CoLA,CONAD,CoLA,validation_f1,wilcoxon,0.0,0.0625,5,1.6128143598518978,1.0,False,holm,broad_complete_case
CONAD vs DLG-Aug,CONAD,DLG-Aug,validation_f1,wilcoxon,5.0,1.0,5,0.3263547832459038,1.0,False,holm,broad_complete_case
CONAD vs DLG-Base,CONAD,DLG-Base,validation_f1,wilcoxon,6.0,0.8125,5,0.3490958863479768,1.0,False,holm,broad_complete_case
CONAD vs DOMINANT,CONAD,DOMINANT,validation_f1,wilcoxon,0.0,1.0,5,-0.4472135954999579,1.0,False,holm,broad_complete_case
CONAD vs GADNR,CONAD,GADNR,validation_f1,wilcoxon,0.0,0.0625,5,1.3571186574186422,1.0,False,holm,broad_complete_case
CONAD vs OCGNN,CONAD,OCGNN,validation_f1,wilcoxon,0.0,0.0625,5,1.9543686288506865,1.0,False,holm,broad_complete_case
CoLA vs DLG-Aug,CoLA,DLG-Aug,validation_f1,wilcoxon,0.0,0.0625,5,-1.605445268148903,1.0,False,holm,broad_complete_case
CoLA vs DLG-Base,CoLA,DLG-Base,validation_f1,wilcoxon,0.0,0.0625,5,-1.5735785257339545,1.0,False,holm,broad_complete_case
CoLA vs DOMINANT,CoLA,DOMINANT,validation_f1,wilcoxon,0.0,0.0625,5,-1.6136524695856507,1.0,False,holm,broad_complete_case
CoLA vs GADNR,CoLA,GADNR,validation_f1,wilcoxon,1.0,0.125,5,-0.8356073978297122,1.0,False,holm,broad_complete_case
CoLA vs OCGNN,CoLA,OCGNN,validation_f1,wilcoxon,3.0,0.3125,5,0.5917955096643338,1.0,False,holm,broad_complete_case
DLG-Aug vs DLG-Base,DLG-Aug,DLG-Base,validation_f1,wilcoxon,6.0,0.8125,5,0.23277181650196963,1.0,False,holm,broad_complete_case
DLG-Aug vs DOMINANT,DLG-Aug,DOMINANT,validation_f1,wilcoxon,3.0,0.625,5,-0.3600048101305741,1.0,False,holm,broad_complete_case
DLG-Aug vs GADNR,DLG-Aug,GADNR,validation_f1,wilcoxon,0.0,0.0625,5,1.337914189368421,1.0,False,holm,broad_complete_case
DLG-Aug vs OCGNN,DLG-Aug,OCGNN,validation_f1,wilcoxon,0.0,0.0625,5,1.9636503870092004,1.0,False,holm,broad_complete_case
DLG-Base vs DOMINANT,DLG-Base,DOMINANT,validation_f1,wilcoxon,6.0,0.8125,5,-0.365949483746562,1.0,False,holm,broad_complete_case
DLG-Base vs GADNR,DLG-Base,GADNR,validation_f1,wilcoxon,0.0,0.0625,5,1.3178183979758884,1.0,False,holm,broad_complete_case
DLG-Base vs OCGNN,DLG-Base,OCGNN,validation_f1,wilcoxon,0.0,0.0625,5,1.9337230479493435,1.0,False,holm,broad_complete_case
DOMINANT vs GADNR,DOMINANT,GADNR,validation_f1,wilcoxon,0.0,0.0625,5,1.3583164001628492,1.0,False,holm,broad_complete_case
DOMINANT vs OCGNN,DOMINANT,OCGNN,validation_f1,wilcoxon,0.0,0.0625,5,1.955421245856812,1.0,False,holm,broad_complete_case
GADNR vs OCGNN,GADNR,OCGNN,validation_f1,wilcoxon,0.0,0.0625,5,1.0087547860758284,1.0,False,holm,broad_complete_case
CoLA vs DLG-Aug,CoLA,DLG-Aug,roc_auc,wilcoxon,0.0,0.001953125,10,-1.439655469538942,0.01953125,True,holm,scalable_detector
CoLA vs DLG-Base,CoLA,DLG-Base,roc_auc,wilcoxon,3.0,0.009765625,10,-1.0483677048376834,0.05859375,False,holm,scalable_detector
CoLA vs DOMINANT,CoLA,DOMINANT,roc_auc,wilcoxon,3.0,0.009765625,10,-1.0399963428896093,0.05859375,False,holm,scalable_detector
CoLA vs OCGNN,CoLA,OCGNN,roc_auc,wilcoxon,7.0,0.037109375,10,0.6468951535474146,0.1484375,False,holm,scalable_detector
DLG-Aug vs DLG-Base,DLG-Aug,DLG-Base,roc_auc,wilcoxon,21.0,0.556640625,10,0.43952563541290623,1.0,False,holm,scalable_detector
DLG-Aug vs DOMINANT,DLG-Aug,DOMINANT,roc_auc,wilcoxon,22.0,0.625,10,0.445059354539038,1.0,False,holm,scalable_detector
DLG-Aug vs OCGNN,DLG-Aug,OCGNN,roc_auc,wilcoxon,0.0,0.001953125,10,2.5434562242416,0.01953125,True,holm,scalable_detector
DLG-Base vs DOMINANT,DLG-Base,DOMINANT,roc_auc,wilcoxon,18.0,0.375,10,0.42647963264707156,1.0,False,holm,scalable_detector
DLG-Base vs OCGNN,DLG-Base,OCGNN,roc_auc,wilcoxon,2.0,0.005859375,10,1.7080589928903274,0.046875,True,holm,scalable_detector
DOMINANT vs OCGNN,DOMINANT,OCGNN,roc_auc,wilcoxon,2.0,0.005859375,10,1.6967915096726913,0.046875,True,holm,scalable_detector
CoLA vs DLG-Aug,CoLA,DLG-Aug,pr_auc,wilcoxon,0.0,0.001953125,10,-1.0216819223540679,0.01953125,True,holm,scalable_detector
CoLA vs DLG-Base,CoLA,DLG-Base,pr_auc,wilcoxon,4.0,0.013671875,10,-1.0090596894531452,0.0546875,False,holm,scalable_detector
CoLA vs DOMINANT,CoLA,DOMINANT,pr_auc,wilcoxon,3.0,0.009765625,10,-1.0141409619588104,0.048828125,True,holm,scalable_detector
CoLA vs OCGNN,CoLA,OCGNN,pr_auc,wilcoxon,2.0,0.005859375,10,0.5441517799285611,0.046875,True,holm,scalable_detector
DLG-Aug vs DLG-Base,DLG-Aug,DLG-Base,pr_auc,wilcoxon,27.0,1.0,10,-0.12019555584453546,1.0,False,holm,scalable_detector
DLG-Aug vs DOMINANT,DLG-Aug,DOMINANT,pr_auc,wilcoxon,25.0,0.845703125,10,-0.25715180874285765,1.0,False,holm,scalable_detector
DLG-Aug vs OCGNN,DLG-Aug,OCGNN,pr_auc,wilcoxon,0.0,0.001953125,10,1.0996376067099447,0.01953125,True,holm,scalable_detector
DLG-Base vs DOMINANT,DLG-Base,DOMINANT,pr_auc,wilcoxon,23.0,0.6953125,10,-0.30226542154664066,1.0,False,holm,scalable_detector
DLG-Base vs OCGNN,DLG-Base,OCGNN,pr_auc,wilcoxon,2.0,0.005859375,10,1.0798274001743102,0.046875,True,holm,scalable_detector
DOMINANT vs OCGNN,DOMINANT,OCGNN,pr_auc,wilcoxon,2.0,0.005859375,10,1.0557159300598546,0.046875,True,holm,scalable_detector
CoLA vs DLG-Aug,CoLA,DLG-Aug,validation_f1,wilcoxon,0.0,0.001953125,10,-1.1253214226069643,0.01953125,True,holm,scalable_detector
CoLA vs DLG-Base,CoLA,DLG-Base,validation_f1,wilcoxon,1.0,0.00390625,10,-1.0927662741543183,0.03125,True,holm,scalable_detector
CoLA vs DOMINANT,CoLA,DOMINANT,validation_f1,wilcoxon,1.0,0.00390625,10,-1.1009166683473237,0.03125,True,holm,scalable_detector
CoLA vs OCGNN,CoLA,OCGNN,validation_f1,wilcoxon,10.0,0.083984375,10,0.6048348239241095,0.3359375,False,holm,scalable_detector
DLG-Aug vs DLG-Base,DLG-Aug,DLG-Base,validation_f1,wilcoxon,23.0,0.6953125,10,0.10305107042204481,1.0,False,holm,scalable_detector
DLG-Aug vs DOMINANT,DLG-Aug,DOMINANT,validation_f1,wilcoxon,22.0,1.0,10,0.04738984231988101,1.0,False,holm,scalable_detector
DLG-Aug vs OCGNN,DLG-Aug,OCGNN,validation_f1,wilcoxon,0.0,0.001953125,10,1.3014789103955318,0.01953125,True,holm,scalable_detector
DLG-Base vs DOMINANT,DLG-Base,DOMINANT,validation_f1,wilcoxon,22.0,0.625,10,-0.15063035453214949,1.0,False,holm,scalable_detector
DLG-Base vs OCGNN,DLG-Base,OCGNN,validation_f1,wilcoxon,2.0,0.005859375,10,1.2582469376592273,0.03125,True,holm,scalable_detector
DOMINANT vs OCGNN,DOMINANT,OCGNN,validation_f1,wilcoxon,1.0,0.00390625,10,1.2578952265392465,0.03125,True,holm,scalable_detector
CoLA vs DLG-Aug,CoLA,DLG-Aug,roc_auc,wilcoxon,0.0,0.015625,7,-1.072920194775805,0.15625,False,holm,fraud_oriented
CoLA vs DLG-Base,CoLA,DLG-Base,roc_auc,wilcoxon,3.0,0.078125,7,-0.7116243742672164,0.46875,False,holm,fraud_oriented
CoLA vs DOMINANT,CoLA,DOMINANT,roc_auc,wilcoxon,3.0,0.078125,7,-0.7038461441118438,0.46875,False,holm,fraud_oriented
CoLA vs OCGNN,CoLA,OCGNN,roc_auc,wilcoxon,3.0,0.078125,7,0.7464533305719959,0.46875,False,holm,fraud_oriented
DLG-Aug vs DLG-Base,DLG-Aug,DLG-Base,roc_auc,wilcoxon,7.0,0.296875,7,0.5401298719566989,0.890625,False,holm,fraud_oriented
DLG-Aug vs DOMINANT,DLG-Aug,DOMINANT,roc_auc,wilcoxon,7.0,0.296875,7,0.5462149802871286,0.890625,False,holm,fraud_oriented
DLG-Aug vs OCGNN,DLG-Aug,OCGNN,roc_auc,wilcoxon,0.0,0.015625,7,2.0263221986023328,0.15625,False,holm,fraud_oriented
DLG-Base vs DOMINANT,DLG-Base,DOMINANT,roc_auc,wilcoxon,8.0,0.375,7,0.48760158490604333,0.890625,False,holm,fraud_oriented
DLG-Base vs OCGNN,DLG-Base,OCGNN,roc_auc,wilcoxon,2.0,0.046875,7,1.3063519333462756,0.375,False,holm,fraud_oriented
DOMINANT vs OCGNN,DOMINANT,OCGNN,roc_auc,wilcoxon,2.0,0.046875,7,1.2965294929597164,0.375,False,holm,fraud_oriented
CoLA vs DLG-Aug,CoLA,DLG-Aug,pr_auc,wilcoxon,0.0,0.015625,7,-0.8830022961123445,0.15625,False,holm,fraud_oriented
CoLA vs DLG-Base,CoLA,DLG-Base,pr_auc,wilcoxon,4.0,0.109375,7,-0.8483457325320589,0.4375,False,holm,fraud_oriented
CoLA vs DOMINANT,CoLA,DOMINANT,pr_auc,wilcoxon,3.0,0.078125,7,-0.8419919343598248,0.390625,False,holm,fraud_oriented
CoLA vs OCGNN,CoLA,OCGNN,pr_auc,wilcoxon,0.0,0.015625,7,0.6351675800181142,0.15625,False,holm,fraud_oriented
DLG-Aug vs DLG-Base,DLG-Aug,DLG-Base,pr_auc,wilcoxon,11.0,0.6875,7,-0.10769247563470082,1.0,False,holm,fraud_oriented
DLG-Aug vs DOMINANT,DLG-Aug,DOMINANT,pr_auc,wilcoxon,13.0,0.9375,7,-0.2963685754104784,1.0,False,holm,fraud_oriented
DLG-Aug vs OCGNN,DLG-Aug,OCGNN,pr_auc,wilcoxon,0.0,0.015625,7,0.8803522856015347,0.15625,False,holm,fraud_oriented
DLG-Base vs DOMINANT,DLG-Base,DOMINANT,pr_auc,wilcoxon,8.0,0.375,7,-0.4049970686862716,1.0,False,holm,fraud_oriented
DLG-Base vs OCGNN,DLG-Base,OCGNN,pr_auc,wilcoxon,2.0,0.046875,7,0.8598956036897346,0.328125,False,holm,fraud_oriented
DOMINANT vs OCGNN,DOMINANT,OCGNN,pr_auc,wilcoxon,2.0,0.046875,7,0.84024702571037,0.328125,False,holm,fraud_oriented
CoLA vs DLG-Aug,CoLA,DLG-Aug,validation_f1,wilcoxon,0.0,0.015625,7,-1.0794050426114845,0.15625,False,holm,fraud_oriented
CoLA vs DLG-Base,CoLA,DLG-Base,validation_f1,wilcoxon,1.0,0.03125,7,-1.001497918523827,0.25,False,holm,fraud_oriented
CoLA vs DOMINANT,CoLA,DOMINANT,validation_f1,wilcoxon,1.0,0.03125,7,-1.0061347037167667,0.25,False,holm,fraud_oriented
CoLA vs OCGNN,CoLA,OCGNN,validation_f1,wilcoxon,3.0,0.078125,7,0.7523263180029689,0.3125,False,holm,fraud_oriented
DLG-Aug vs DLG-Base,DLG-Aug,DLG-Base,validation_f1,wilcoxon,8.0,0.375,7,0.15671082046318954,1.0,False,holm,fraud_oriented
DLG-Aug vs DOMINANT,DLG-Aug,DOMINANT,validation_f1,wilcoxon,13.0,0.9375,7,0.047338415104524086,1.0,False,holm,fraud_oriented
DLG-Aug vs OCGNN,DLG-Aug,OCGNN,validation_f1,wilcoxon,0.0,0.015625,7,1.0157903424481174,0.15625,False,holm,fraud_oriented
DLG-Base vs DOMINANT,DLG-Base,DOMINANT,validation_f1,wilcoxon,8.0,0.375,7,-0.3174818203926086,1.0,False,holm,fraud_oriented
DLG-Base vs OCGNN,DLG-Base,OCGNN,validation_f1,wilcoxon,2.0,0.046875,7,0.9693103507478813,0.25,False,holm,fraud_oriented
DOMINANT vs OCGNN,DOMINANT,OCGNN,validation_f1,wilcoxon,1.0,0.03125,7,0.9687940326175722,0.25,False,holm,fraud_oriented
