dataset,model,n_seeds,roc_auc_mean,roc_auc_std,roc_auc_median,roc_auc_min,roc_auc_max,roc_auc_ci95_low,roc_auc_ci95_high,pr_auc_mean,pr_auc_std,pr_auc_median,pr_auc_min,pr_auc_max,pr_auc_ci95_low,pr_auc_ci95_high,validation_f1_mean,validation_f1_std,validation_f1_median,validation_f1_min,validation_f1_max,validation_f1_ci95_low,validation_f1_ci95_high,mcc_mean,mcc_std,mcc_median,mcc_min,mcc_max,mcc_ci95_low,mcc_ci95_high,balanced_accuracy_mean,balanced_accuracy_std,balanced_accuracy_median,balanced_accuracy_min,balanced_accuracy_max,balanced_accuracy_ci95_low,balanced_accuracy_ci95_high,validation_threshold_mean,validation_threshold_std,validation_threshold_median,validation_threshold_min,validation_threshold_max,validation_threshold_ci95_low,validation_threshold_ci95_high,validation_threshold_percentile_mean,validation_threshold_percentile_std,validation_threshold_percentile_median,validation_threshold_percentile_min,validation_threshold_percentile_max,validation_threshold_percentile_ci95_low,validation_threshold_percentile_ci95_high
Amazon,AnomalyDAE,5,0.6862491812346254,0.09577998625692048,0.7116377490866217,0.5242754836174146,0.7732423836625376,0.567322620550956,0.8051757419182949,0.2734043373532005,0.18593474222326617,0.3409385169641201,0.05367718447914379,0.45186378016662065,0.04253586191927361,0.5042728127871274,0.3332463612647817,0.18414970635177108,0.39805825242718446,0.11205432937181664,0.5382830626450116,0.10459430060799249,0.5618984219215709,0.31514869170443716,0.1884872843658645,0.3794675477795083,0.08007048204163841,0.5239169803538632,0.081110816588148,0.5491865668207263,0.6555809959098121,0.0959989638961332,0.6897337738897541,0.5538602058194204,0.7733824835155239,0.5363825385751205,0.7747794532445037,58.7608154296875,13.308814041376845,66.96507263183594,39.240089416503906,68.60789489746094,42.23574017572113,75.28589068365386,0.968848167539267,0.013806754084598598,0.9710587550901687,0.946044211751018,0.9822571262361838,0.9517048180603681,0.9859915170181658
Amazon,CONAD,5,0.8122926886071526,0.019685446803159427,0.8094190768693322,0.7833590486310243,0.8312069693308685,0.7878499780231142,0.8367353991911911,0.1301424398584997,0.010668189118425549,0.1311396312619239,0.11663533879658838,0.1435360401835431,0.11689613350412154,0.14338874621287784,0.2635912983130805,0.014058988960314519,0.2632258064516129,0.2440944881889764,0.2801120448179272,0.2461347578699138,0.28104783875624717,0.2645579849098713,0.0166422674315673,0.2630579210351293,0.23889693958644867,0.28187732228174145,0.24389388059161518,0.2852220892281275,0.7153186998733643,0.017210447219124875,0.7125653192821065,0.6910205091628943,0.7381682944935299,0.6939491071683909,0.7366882925783377,5.92112169265747,0.11542430336596732,5.968277931213379,5.79547119140625,6.047842502593994,5.777803490650199,6.0644398946647415,0.9154450261780106,0.0076082655547838485,0.9149214659685864,0.9075043630017452,0.9261198371146016,0.9059981167498617,0.9248919356061595
Amazon,CoLA,5,0.6543661664313474,0.04709627683984112,0.6548747470924732,0.5892708985313169,0.7181780468988808,0.5958884150298789,0.7128439178328159,0.09894109584555552,0.015970800453350146,0.09614621608533473,0.08487020895339045,0.1256057017845004,0.07911072790013429,0.11877146379097675,0.1630128663793665,0.035980472959394744,0.1682600382409178,0.1111111111111111,0.1971153846153846,0.118337208467342,0.20768852429139098,0.14384493160742556,0.032520676406969325,0.14036104821670156,0.10643767946297092,0.18132981722042876,0.10346517851565722,0.1842246846991939,0.5671565188279646,0.022136619994799593,0.5707733511884834,0.5338874252194291,0.5868458974396297,0.5396702747385044,0.5946427629174248,0.41311216354370117,0.05367486411026661,0.4409215748310089,0.3315237760543823,0.45505473017692566,0.3464660171695038,0.47975830991789853,0.9730948225712623,0.01124502042934907,0.9698952879581152,0.95826061663758,0.9876381617219313,0.9591322855450738,0.9870573595974509
Amazon,DLG-Aug,5,0.8104353648418507,0.02021241818723208,0.8126708490414986,0.7815381144379265,0.8300395918545581,0.7853383328621257,0.8355323968215758,0.13022378062530296,0.008673903408693747,0.12998741294151608,0.11902367904610275,0.14048015329567357,0.11945370703883103,0.1409938542117749,0.2632530396927839,0.019427178894845035,0.26548672566371684,0.23595505617977527,0.2879177377892031,0.23913101107239085,0.287375068313177,0.26701872797184617,0.01916340507092398,0.26747282692109137,0.24087564269903147,0.29304304522256786,0.24322421781228443,0.2908132381314079,0.7220325759450372,0.009491408114559412,0.7202034904877659,0.7114510705812143,0.7373619015734851,0.7102474361969298,0.7338177156931447,11.816531562805176,0.1181962301972658,11.803738594055176,11.640054702758789,11.949176788330078,11.669771559045827,11.963291566564525,0.9117219313554392,0.009000435396606042,0.9171029668411868,0.8986329261198371,0.9194299011052938,0.9005464147553147,0.9228974479555637
Amazon,DLG-Base,5,0.8098241655871095,0.019543742606681676,0.8080562873902855,0.7809569729698258,0.8283540268700601,0.7855574040022318,0.8340909271719871,0.12447582320378037,0.009642724051260794,0.1263222528441943,0.11436765631840931,0.1381665663057689,0.11250279990471629,0.13644884650284445,0.25130425448471594,0.015251736818927828,0.25125628140703515,0.23641304347826086,0.2757697456492637,0.23236672196657446,0.27024178700285745,0.2516677985242247,0.018141136685605422,0.2507568154264509,0.22748500901415278,0.27500921491599,0.2291426022152149,0.2741929948332345,0.7078592742463719,0.019500782254439495,0.7071680179327812,0.6779566527415903,0.7310184713468508,0.6836458549842235,0.7320726935085202,11.747136497497559,0.27752549870897186,11.876734733581543,11.387910842895508,11.995229721069336,11.402543077167083,12.091729917828035,0.9120418848167539,0.008891322280823975,0.9155031995346131,0.8987783595113438,0.921175101803374,0.9010018500442277,0.92308191958928
Amazon,DOMINANT,5,0.8122900685579542,0.019688317584715124,0.8094037932490066,0.7833561374652479,0.8312135194538652,0.7878437934278113,0.836736343688097,0.13013616245720455,0.010668181944505535,0.13113100824365695,0.11663551549185142,0.14353187589986907,0.1168898650104246,0.14338245990398452,0.2635912983130805,0.014058988960314519,0.2632258064516129,0.2440944881889764,0.2801120448179272,0.2461347578699138,0.28104783875624717,0.2645579849098713,0.0166422674315673,0.2630579210351293,0.23889693958644867,0.28187732228174145,0.24389388059161518,0.2852220892281275,0.7153186998733643,0.017210447219124875,0.7125653192821065,0.6910205091628943,0.7381682944935299,0.6939491071683909,0.7366882925783377,11.842173385620118,0.23097424654861393,11.936519622802734,11.590619087219238,12.095647811889648,11.555380979168463,12.128965792071773,0.9154450261780106,0.0076082655547838485,0.9149214659685864,0.9075043630017452,0.9261198371146016,0.9059981167498617,0.9248919356061595
Amazon,GADNR,5,0.5531984978384594,0.010974669214753215,0.5560759668709334,0.5369157654182617,0.5646438916464098,0.5395716461823051,0.5668253494946137,0.03380233775595515,0.00046505091101927754,0.0338295458958431,0.033039564345880366,0.03424402790486776,0.03322490078241065,0.03437977472949964,0.06496570655152815,0.0025969717149094823,0.06551204819277108,0.06118143459915612,0.06818181818181818,0.06174114026877156,0.06819027283428475,0.03188541168794497,0.011339243975369,0.033401776024999795,0.014600832749550777,0.04253480751226604,0.017805880676880353,0.04596494269900958,0.5408558827382425,0.014823523623580864,0.5425597880671315,0.5184378684444186,0.5552102589481958,0.5224500471283191,0.5592617183481658,125.71932220458984,158.40138377962586,28.804237365722656,18.01238441467285,387.2032165527344,-70.96197330022926,322.40061770940895,0.4624200116346714,0.26573819957299527,0.2817044793484584,0.26090750436300175,0.7595986038394416,0.13246245627739628,0.7923775669919465
Amazon,OCGNN,5,0.4242128935532234,0.020928225591980865,0.42074496732216415,0.40142210448173965,0.44921325744894547,0.39822706928937407,0.4501987178170727,0.024901492643932648,0.0016307217256347408,0.0245438786345826,0.023236416980565423,0.02750941194549324,0.022876684186123274,0.02692630110174202,0.057498743787548524,0.0009342786452601341,0.05741762126997596,0.05650198750709824,0.05896877269426289,0.05633868362943843,0.058658803945658616,-0.029708477345031202,0.034044055578554666,-0.03112143011742613,-0.06745206913524267,0.014840365797670457,-0.07197975550977054,0.01256280081970814,0.4942788314580574,0.008303398723870306,0.4933181467518668,0.4853335468188236,0.5072611752376239,0.4839688001998966,0.5045888627162183,-1.0705934405326842,0.18286266970251455,-1.0310786962509155,-1.3690732717514038,-0.9034147262573242,-1.2976474341177227,-0.8435394469476457,0.016579406631762654,0.01145513011490123,0.017306573589296104,0.0015997673065735892,0.029668411867364748,0.002355983973350047,0.030802829290175263
BitcoinOTC,AnomalyDAE,5,0.9487527177022544,0.024446994999543812,0.9553152534614946,0.9134187740778884,0.9730670938703896,0.9183977641470534,0.9791076712574555,0.7734277021594995,0.012089804029648914,0.7698857768798253,0.7596422571326635,0.7911684156250917,0.7584162277505456,0.7884391765684534,0.8193394735473822,0.020997721433367228,0.826530612244898,0.7835051546391752,0.8383838383838383,0.7932673587992586,0.8454115882955059,0.8156441729421042,0.02202442082133298,0.8230266051746656,0.7784845448916372,0.8366242382103244,0.7882972425269656,0.8429911033572428,0.9369229889003318,0.015092476356972688,0.9351127131250715,0.9174161803410001,0.9568200022885913,0.9181832043641373,0.9556627734365263,20.375850677490234,0.016277556342684584,20.377695083618164,20.350948333740234,20.395112991333008,20.355639421800788,20.39606193317968,0.9658894070619588,0.0014443360019106442,0.9656895403064624,0.9643570952698202,0.9676882078614257,0.9640960270470768,0.9676827870768409
BitcoinOTC,CONAD,5,0.9817568753099135,0.012425966076418217,0.9816626616317655,0.9668249609032307,0.9978487241103101,0.9663280005899237,0.9971857500299033,0.8802113417951535,0.01699762113964335,0.8820294205651692,0.8579388114946149,0.899338479421043,0.8591060075709511,0.9013166760193558,0.9326387258570396,0.00795410248126122,0.93048128342246,0.9239130434782609,0.945054945054945,0.9227624031680343,0.9425150485460448,0.9307806978221962,0.008129999165358328,0.9289439900911927,0.9217413534073291,0.9433987047711332,0.920685970553144,0.9408754250912483,0.9752591829728802,0.0045932130750863664,0.9764046229545715,0.970677423046115,0.9816168898043254,0.9695559556614666,0.9809624102842938,1.1490671157836914,0.05028721149296749,1.1358132362365723,1.0886468887329102,1.201915979385376,1.0866272957028151,1.2115069358645676,0.9674217188540973,0.0014014446347743199,0.9670219853431046,0.966022651565623,0.9693537641572285,0.9656815955056223,0.9691618422025724
BitcoinOTC,CoLA,5,0.8367936834878134,0.043931901719986906,0.8608155013922264,0.7822557882290118,0.873551512377465,0.7822450227494796,0.8913423442261471,0.49846114710449896,0.07621205876363578,0.5398782829022652,0.4133351692958386,0.5737284640307857,0.40383137750870274,0.5930909167002951,0.5454477738277286,0.043361352797522915,0.543046357615894,0.4864864864864865,0.6086956521739131,0.4916075431456323,0.5992880045098249,0.5393692537917067,0.04177128798746189,0.538953856176323,0.4862018218362053,0.602514284410422,0.48750334933907397,0.5912351582443396,0.7377594690468017,0.02823385770248569,0.7450223137658771,0.6962238242361827,0.7684460464584049,0.7027025044072172,0.7728164336863862,-1.0860758543014526,0.16161393580713795,-1.0811947584152222,-1.2699025869369507,-0.8925328254699707,-1.28674606000119,-0.8854056486017152,0.9772818121252499,0.00557103061748683,0.9770153231179214,0.9706862091938707,0.983344437041972,0.9703644639746256,0.9841991602758742
BitcoinOTC,DLG-Aug,5,0.9852721516573215,0.007709059399068605,0.983394362436587,0.9775317542052866,0.9967044284243047,0.9757000901414837,0.9948442131731593,0.8261838112037679,0.021405272541071583,0.8319705091733535,0.8028873036597798,0.8548701052857386,0.7996056549177798,0.8527619674897561,0.9259064024395794,0.006705983623627872,0.9214659685863874,0.9206349206349206,0.9354838709677419,0.9175798240015767,0.9342329808775822,0.9246218721283828,0.006496043136886535,0.9205248850470974,0.919173785041508,0.9339418154150186,0.9165559692345321,0.9326877750222334,0.9835988099324865,0.0027983487210731695,0.9817885341572262,0.9812736010985239,0.9866575123011786,0.9801242010711104,0.9870734187938626,2.394610643386841,0.014375889550560319,2.4000182151794434,2.3693137168884277,2.404918670654297,2.3767606188897563,2.4124606678839253,0.9662891405729512,0.0010896353919917544,0.966688874083944,0.9650233177881412,0.9676882078614257,0.9649361795355464,0.967642101610356
BitcoinOTC,DLG-Base,5,0.9858717625967882,0.007596655504717764,0.981807605751993,0.9789544951748865,0.9967692718465118,0.9764392689498237,0.9953042562437527,0.8312050418199929,0.018819999019989854,0.8296195874779306,0.8108162900407793,0.853738292951353,0.8078369265906413,0.8545731570493444,0.9252096617756671,0.0052889191384063675,0.9263157894736842,0.918918918918919,0.9312169312169312,0.9186426012920971,0.9317767222592371,0.9236263141758384,0.005546921182639816,0.9252829411291752,0.916700463012509,0.9301120372239033,0.9167389018424807,0.9305137265091961,0.9792916809703629,0.008195149198683015,0.9812736010985239,0.9705057786932143,0.9870008010069802,0.9691160592504497,0.989467302690276,2.3736433506011965,0.03972768298891221,2.3890295028686523,2.3028488159179688,2.396099805831909,2.324314916901812,2.422971784300581,0.9664890073284476,0.0008686478887678405,0.966688874083944,0.9653564290473018,0.9676882078614257,0.9654104385178488,0.9675675761390463
BitcoinOTC,DOMINANT,5,0.9817584010374949,0.01242462308943387,0.9816626616317656,0.9668249609032308,0.9978487241103101,0.9663311938560937,0.9971856082188961,0.880211436163769,0.016997753879707672,0.8820294205651692,0.857938811494615,0.8993389512641203,0.8591059371210076,0.9013169352065303,0.9326387258570396,0.00795410248126122,0.93048128342246,0.9239130434782609,0.945054945054945,0.9227624031680343,0.9425150485460448,0.9307806978221962,0.008129999165358328,0.9289439900911927,0.9217413534073291,0.9433987047711332,0.920685970553144,0.9408754250912483,0.9752591829728802,0.0045932130750863664,0.9764046229545715,0.970677423046115,0.9816168898043254,0.9695559556614666,0.9809624102842938,2.2980763912200928,0.1006142455937371,2.271623134613037,2.1772658824920654,2.4038314819335938,2.173147304759918,2.4230054776802676,0.9674217188540973,0.0014014446347743199,0.9670219853431046,0.966022651565623,0.9693537641572285,0.9656815955056223,0.9691618422025724
BitcoinOTC,GADNR,5,0.8537490940992486,0.2944939143672828,0.9822615097074417,0.32701682114658426,0.9904088949917993,0.4880866029392913,1.219411585259206,0.7709834935219781,0.35941629902367295,0.9215247843375843,0.12857117190366074,0.9556651062748489,0.32470921465664476,1.2172577723873115,0.8149827003941315,0.3223956845647461,0.9608938547486033,0.23853211009174313,0.9666666666666667,0.41467558569382923,1.2152898150944336,0.8276527914476451,0.2916786843067483,0.9597084997239521,0.306181290316287,0.9656368005492619,0.46548587010051456,1.1898197127947756,0.8927840714040508,0.180088205931879,0.9772628447190754,0.5711923561048174,0.982818400274631,0.6691750295973311,1.1163931132107705,13.243716931343078,6.383854898608734,16.202762603759766,1.8286243677139282,16.2036190032959,5.317114133983873,21.17031972870228,0.9772151898734178,0.008821475484857802,0.9753497668221186,0.9690206528980679,0.9910059960026649,0.9662618813528328,0.9881684983940029
BitcoinOTC,OCGNN,5,0.5341061143532821,0.08222837770066076,0.5134473814700385,0.4387782736392417,0.6562325971697753,0.43200609813167046,0.6362061305748938,0.032390924953243264,0.006758929916948996,0.029140647140991176,0.02570231088943775,0.042127578300674914,0.02399860500898534,0.04078324489750119,0.0801540677310652,0.014685662510712896,0.07696102614701529,0.06427688504326329,0.1038107752956636,0.061919409301742306,0.0983887261603881,0.08604746508974834,0.042937947109304424,0.08141809056326346,0.024243957692674824,0.14109313197133538,0.03273296200734765,0.13936196817214902,0.6213479803181141,0.06257159476779782,0.6142464812907655,0.5355418240073235,0.7066540794141206,0.5436550837847446,0.6990408768514836,-0.7343900561332702,0.08380555634968082,-0.7517122626304626,-0.8540889620780945,-0.6356664896011353,-0.8384483983021058,-0.6303317139644347,0.4045303131245836,0.10972049782866167,0.3580946035976016,0.30013324450366424,0.5266489007328448,0.26829432110574014,0.540766305143427
CiteSeer,AnomalyDAE,5,0.9762713754646841,0.005771867481643131,0.9740272614622058,0.9706939281288723,0.9846778190830235,0.9691046554103249,0.9834380955190434,0.550710543867505,0.0723343274795559,0.540733137465781,0.4586945399147763,0.656163718330155,0.46089561360185916,0.6405254741331508,0.5618352612607853,0.0464618023647063,0.5413533834586466,0.5148514851485149,0.6290322580645161,0.504145313972871,0.6195252085486996,0.5536682441868789,0.050830813360098114,0.5417941135519012,0.4996946885696078,0.6280176458314474,0.49055345323823013,0.6167830351355276,0.812086741016109,0.054136030564796316,0.8210161090458488,0.7522552664188352,0.8791573729863693,0.7448679808581429,0.8793055011740751,17.646274948120116,0.025385856087432872,17.662939071655273,17.614322662353516,17.666393280029297,17.614754244552767,17.677795651687465,0.9581479254359591,0.007298088477906784,0.9603126879134095,0.947083583884546,0.9669272399278412,0.9490861517172365,0.9672096991546816
CiteSeer,CONAD,5,0.9779727385377942,0.006426704280714236,0.9785873605947956,0.9700495662949195,0.985811648079306,0.9699929312053294,0.985952545870259,0.5989228298624335,0.03486639354365949,0.6074166303241311,0.5581660846163266,0.6469175778716515,0.5556304842520674,0.6422151754727996,0.7489133514257208,0.010878934681162366,0.7476635514018691,0.7394957983193278,0.7666666666666667,0.7354053698933112,0.7624213329581304,0.7475066211450396,0.014030526681372352,0.7410123932408531,0.7342485535905343,0.7697586925515407,0.7300854212889423,0.764927821001137,0.9232465923172242,0.0271376299275026,0.9322552664188353,0.8944237918215614,0.9525650557620817,0.8895507742396671,0.9569424103947812,2.344387149810791,0.026699214491270853,2.343175172805786,2.311850070953369,2.3859784603118896,2.31123569639666,2.3775386032249224,0.9601924233313289,0.005283435390616687,0.9603126879134095,0.9542994588093806,0.9675285628382442,0.9536321718199645,0.9667526748426933
CiteSeer,CoLA,5,0.4962205700123916,0.02338102801200637,0.4934324659231723,0.46831474597273853,0.5319206939281288,0.4671891892888896,0.5252519507358937,0.030369024342743765,0.0024972213084092755,0.030901674040440537,0.02728892817183497,0.03373608746254671,0.02726831454854467,0.03346973413694286,0.0411829077865139,0.01779047940650207,0.039525691699604744,0.019417475728155338,0.059214501510574016,0.019093109996674813,0.06327270557635299,-0.010497870498627477,0.020808263898280003,-0.011828813797967802,-0.03245652783216908,0.014710948565251071,-0.036334742646244866,0.015339001648989914,0.48965551425030973,0.018314901914748122,0.48866171003717473,0.4709169764560099,0.5084386617100372,0.4669145599121338,0.5123964685884856,-19.619052505493165,17.0766590825029,-9.64781665802002,-47.56418991088867,-6.976523399353027,-40.822525297836336,1.5844202868500084,0.6110643415514131,0.3886989619548723,0.8580877931449188,0.039085989176187615,0.9025856885147324,0.12843083435287356,1.0936978487499527
CiteSeer,DLG-Aug,5,0.9778612143742255,0.006497933789199403,0.978364312267658,0.969913258983891,0.985824039653036,0.9697929639254648,0.9859294648229862,0.5991523409501471,0.03449394653725427,0.60734648674475,0.5589239947294042,0.6465589123670747,0.5563224493788731,0.6419822325214212,0.7489133514257208,0.010878934681162366,0.7476635514018691,0.7394957983193278,0.7666666666666667,0.7354053698933112,0.7624213329581304,0.7475066211450396,0.014030526681372352,0.7410123932408531,0.7342485535905343,0.7697586925515407,0.7300854212889423,0.764927821001137,0.9232465923172242,0.0271376299275026,0.9322552664188353,0.8944237918215614,0.9525650557620817,0.8895507742396671,0.9569424103947812,4.689927673339843,0.053411378438882384,4.687862873077393,4.625606536865234,4.7735371589660645,4.623608687637846,4.756246659041841,0.9601924233313289,0.005283435390616687,0.9603126879134095,0.9542994588093806,0.9675285628382442,0.9536321718199645,0.9667526748426933
CiteSeer,DLG-Base,5,0.9777472118959107,0.006436020446658241,0.9775960346964065,0.9702230483271375,0.9858364312267657,0.9697558370155919,0.9857385867762296,0.6004435547534234,0.03677021941800303,0.6073467195722938,0.5589309562149852,0.6532685706702854,0.554787297096036,0.6460998124108107,0.7501667341347366,0.009833441173430506,0.7476635514018691,0.7407407407407407,0.7666666666666667,0.7379569042512333,0.7623765640182398,0.7486514334781212,0.01351872221108548,0.7460145463208996,0.7342485535905343,0.7697586925515407,0.7318657228068988,0.7654371441493437,0.9233085501858735,0.027163680670819482,0.9325650557620817,0.8944237918215614,0.9525650557620817,0.8895803858382135,0.9570367145335336,4.689535903930664,0.05394923834436378,4.686192989349365,4.625019073486328,4.774491786956787,4.622549076947953,4.756522730913375,0.9603126879134095,0.005293691179091723,0.9609140108238123,0.9542994588093806,0.9675285628382442,0.9537397021587225,0.9668856736680965
CiteSeer,DOMINANT,5,0.9779702602230482,0.006424665913039812,0.9785873605947955,0.9700495662949195,0.985811648079306,0.9699929838583398,0.9859475365877567,0.5989221324150906,0.034867412656844454,0.6074166303241311,0.5581625973796129,0.6469175778716514,0.5556285214085727,0.6422157434216086,0.7489133514257208,0.010878934681162366,0.7476635514018691,0.7394957983193278,0.7666666666666667,0.7354053698933112,0.7624213329581304,0.7475066211450396,0.014030526681372352,0.7410123932408531,0.7342485535905343,0.7697586925515407,0.7300854212889423,0.764927821001137,0.9232465923172242,0.0271376299275026,0.9322552664188353,0.8944237918215614,0.9525650557620817,0.8895507742396671,0.9569424103947812,4.6888021469116214,0.0533954028375689,4.686349391937256,4.623702526092529,4.771950721740723,4.622502997538625,4.755101296284618,0.9601924233313289,0.005283435390616687,0.9603126879134095,0.9542994588093806,0.9675285628382442,0.9536321718199645,0.9667526748426933
CiteSeer,GADNR,5,0.9184807930607187,0.033230963622174134,0.9124659231722427,0.8715241635687732,0.9533085501858735,0.8772191019054462,0.9597424842159913,0.3662486214240419,0.1533582907372769,0.35042747595653967,0.14430575230197037,0.5697359168610108,0.17582915298949942,0.5566680898585844,0.5421662272214822,0.17775600246874507,0.5714285714285714,0.23972602739726026,0.6890756302521008,0.32145299849142206,0.7628794559515424,0.5580814188553915,0.16569327592228758,0.5804320501037151,0.2768747437582659,0.6873201251766599,0.3523460433982445,0.7638167943125386,0.8839603469640643,0.06145677702671394,0.8926517967781908,0.7858736059479554,0.9554399008674102,0.8076516794843575,0.9602690144437712,7.086705386638641,10.01810694903559,3.4647843837738037,0.7877034544944763,24.87198257446289,-5.352417342133801,19.525828115411084,0.9306073361395069,0.03834960138419844,0.9452796151533374,0.8628983764281419,0.957907396271798,0.8829900167552824,0.9782246555237313
CiteSeer,OCGNN,5,0.49944237918215606,0.0020711914064989894,0.5,0.4959727385377943,0.501548946716233,0.49687065537931724,0.5020141029849948,0.03007705641398588,4.725589753637602e-05,0.030048076923076924,0.030048076923076924,0.030156815440289506,0.03001838046731216,0.030135732360659605,0.05839767916990812,8.906889522313768e-05,0.058343057176196034,0.058343057176196034,0.0585480093676815,0.05828708552934977,0.05850827281046648,0.003338745306747058,0.004838649660709358,0.0,0.0,0.010588065007161213,-0.002669231776876611,0.009346722390370727,0.5004956629491946,0.0008078317726397133,0.5,0.5,0.5018587360594795,0.4994926073205027,0.5014987185778864,-0.055466903001070024,0.008692036045309368,-0.050283342599868774,-0.06819578260183334,-0.04852926358580589,-0.06625949122962009,-0.04467431477251996,0.9986770895971138,0.0023443882970075654,1.0,0.994588093806374,1.0,0.9957661470509093,1.0015880321433184
Cora,AnomalyDAE,5,0.961866044323726,0.004114773903067335,0.9631267066669142,0.9570776255707762,0.9660768645357687,0.9567568777075389,0.9669752109399131,0.44940190781577166,0.041216813170911706,0.46392724882163294,0.3924769543061313,0.4873665583170261,0.39822447478075984,0.5005793408507835,0.43985908167695253,0.05937782011069481,0.4444444444444444,0.3561643835616438,0.5225225225225225,0.3661317801536833,0.5135863832002218,0.42858610519261076,0.06510925884213245,0.4273519379102868,0.3401509540375067,0.5232362604095003,0.3477422825386048,0.5094299278466167,0.7447092787037063,0.06691448376411523,0.7549644270243159,0.6548896499238965,0.8380454368138502,0.6616239732554141,0.8277945841519985,15.459638404846192,0.012208831669238309,15.454689979553223,15.445841789245605,15.473366737365723,15.44447913810237,15.474797671590014,0.9624815361890693,0.005682535911867416,0.9593796159527327,0.9579025110782866,0.9697193500738552,0.9554257359288035,0.969537336449335
Cora,CONAD,5,0.984350732864286,0.0018463723213176055,0.98308599695586,0.9829147640791478,0.9866818873668189,0.982058158825626,0.986643306902946,0.4739860995399267,0.03544894627050074,0.4649330652581019,0.44194305667963474,0.5238198972627255,0.42997041918158635,0.5180017798982671,0.685203439137267,0.026193700221751014,0.6909090909090909,0.6548672566371682,0.7102803738317757,0.6526796645921769,0.7177272136823571,0.7013884132668761,0.0234159370149456,0.7037871780049446,0.6729392392253424,0.7244630035035815,0.6723136872912112,0.7304631392425409,0.9578964717708504,0.007207144025027766,0.9609208523592085,0.9488013698630138,0.9641855367525496,0.9489476205051041,0.9668453230365966,1.9744710445404052,0.014482785749522718,1.9764220714569092,1.9513756036758423,1.9869096279144287,1.9564882908815244,1.992453798199286,0.9508124076809453,0.0036779614765106846,0.9534711964549483,0.9460856720827179,0.9534711964549483,0.9462456153287816,0.955379200033109
Cora,CoLA,5,0.5078438981809719,0.014872286960169165,0.5091324200913242,0.48966247469024576,0.5288949157579923,0.4893775148915745,0.5263102814703692,0.029901300213188552,0.0004344764945745505,0.030100359175934566,0.02934168326791544,0.030367386761445254,0.02936182639180956,0.030440774034567544,0.04497369487978938,0.018037370129696778,0.047337278106508875,0.019230769230769232,0.06547619047619048,0.022577341767468933,0.06737004799210983,-0.0031969527767340966,0.02303695132104695,-0.016482217549966437,-0.018573519052402884,0.03547369796168425,-0.031801105860450735,0.025407200306982545,0.4992199367139161,0.02807169397339493,0.4885850686381959,0.4768645357686454,0.5467649954488882,0.46436432493855806,0.5340755484892742,-9.072845458984375,6.361800679058331,-8.05677318572998,-17.650901794433594,-1.8636341094970703,-16.972064325919362,-1.173626592049386,0.6338257016248153,0.2953856145750646,0.689069423929099,0.25406203840472674,0.9519940915805022,0.26705601841966453,1.0005953848299662
Cora,DLG-Aug,5,0.984226421832602,0.0018840287084890858,0.9830479452054794,0.9825532724505328,0.9867199391171994,0.9818870912136888,0.9865657524515152,0.47199739510602995,0.03608864812587206,0.4634766898085138,0.4370004342072181,0.523711608938842,0.4271874199842909,0.516807370227769,0.6865435907860061,0.02791249186216591,0.6909090909090909,0.6548672566371682,0.7169811320754716,0.6518856545405992,0.721201527031413,0.7025449581822065,0.024934134976428844,0.7037871780049446,0.6729392392253424,0.7302457280802338,0.6715851404556216,0.7335047759087915,0.9579725752716113,0.007288790905936445,0.9609208523592085,0.9488013698630138,0.964345509893455,0.948922346013275,0.9670228045299476,3.9502586841583254,0.027960129068031154,3.9527664184570312,3.9054951667785645,3.974331855773926,3.9155415985094204,3.9849757698072303,0.9508124076809453,0.0037148526853646364,0.9527326440177253,0.9460856720827179,0.9542097488921714,0.9461998088428974,0.9554250065189932
Cora,DLG-Base,5,0.9844869352711825,0.0017644756967574377,0.9842290045139599,0.9825342465753425,0.9867389649923897,0.9822960493228132,0.9866778212195517,0.4758137463544309,0.03362221298980694,0.4656651714587453,0.4368961353604078,0.5242550871997116,0.4340662549450487,0.5175612377638131,0.6891844925573427,0.026828125713371013,0.7037037037037037,0.6548672566371682,0.7169811320754716,0.6558729747197652,0.7224960103949202,0.7040341969002115,0.0232905376957352,0.7148626084317032,0.6729392392253424,0.7302457280802338,0.6751151747446095,0.7329532190558136,0.9558381387690288,0.00662905340666592,0.9523712221128304,0.9488013698630138,0.964345509893455,0.9476070818118016,0.9640691957262559,3.9500380992889403,0.028790447067414494,3.950963258743286,3.9048023223876953,3.9786272048950195,3.9142900376731404,3.9857861609047402,0.95096011816839,0.003894069815794393,0.9527326440177253,0.9460856720827179,0.9549483013293943,0.9461249918716261,0.9557952444651538
Cora,DOMINANT,5,0.984350732864286,0.0018463723213176487,0.98308599695586,0.9829147640791476,0.9866818873668189,0.982058158825626,0.986643306902946,0.4739860995399267,0.03544894627050074,0.4649330652581019,0.44194305667963474,0.5238198972627255,0.42997041918158635,0.5180017798982671,0.685203439137267,0.026193700221751014,0.6909090909090909,0.6548672566371682,0.7102803738317757,0.6526796645921769,0.7177272136823571,0.7013884132668761,0.0234159370149456,0.7037871780049446,0.6729392392253424,0.7244630035035815,0.6723136872912112,0.7304631392425409,0.9578964717708504,0.007207144025027766,0.9609208523592085,0.9488013698630138,0.9641855367525496,0.9489476205051041,0.9668453230365966,3.948939085006714,0.028968091267163366,3.9528489112854004,3.9027349948883057,3.973811149597168,3.912970448983596,3.9849077210298316,0.9508124076809453,0.0036779614765106846,0.9534711964549483,0.9460856720827179,0.9534711964549483,0.9462456153287816,0.955379200033109
Cora,GADNR,5,0.6800163581600135,0.1691445158064761,0.6257685806104062,0.5256069697025988,0.9662100456621004,0.4699957023895046,0.8900370139305224,0.09506139510777731,0.107136919218426,0.0437608530525686,0.038542126638561824,0.28572761129668295,-0.037966660364207205,0.22808945057976182,0.1596752469749922,0.2127286074093287,0.059587471352177235,0.032,0.5352112676056338,-0.10446220623319374,0.4238127001831781,0.13770098064269787,0.25241723167430646,0.027173005531590553,-0.024960420543461148,0.5782182460768717,-0.1757164084535473,0.45111836973894304,0.6124906349703567,0.19996492359027215,0.5194634703196347,0.463600393810488,0.9506468797564688,0.36420138844474925,0.8607798814959642,4.947174335084855,10.123572160507441,0.45742931962013245,0.00882235448807478,23.04560661315918,-7.622900749835133,17.517249420004845,0.6624815361890695,0.3708779884213526,0.827178729689808,0.07163958641063516,0.9453471196454948,0.20197569024004342,1.1229873821380956
Cora,OCGNN,5,0.4916122706458366,0.00839500992628762,0.4901065449010655,0.4799286682889678,0.5026284992476734,0.481188489055802,0.5020360522358712,0.03018634581482214,0.0007556205381493502,0.02982848620432513,0.02942928542482777,0.03135287644822757,0.029248118996298738,0.031124572633345542,0.0584579385102507,0.0008241822059884353,0.05792903692976104,0.05772005772005772,0.05937726285300507,0.0574345811371147,0.059481295883386694,0.01665385515447219,0.001826704840703134,0.01717867250202062,0.013451006315622129,0.018062222338979063,0.014385701518426566,0.018922008790517815,0.5046438785079773,0.0009095553223446457,0.5049467275494672,0.5030441400304414,0.5053313023610053,0.5035145164098473,0.5057732406061073,-0.023375218361616136,0.003885315489291618,-0.021925941109657288,-0.027794048190116882,-0.019060611724853516,-0.028199474726332982,-0.01855096199689929,0.9617429837518463,0.033109067703134064,0.9785819793205317,0.9091580502215657,0.9867060561299852,0.9206326463707737,1.002853321132919
DGraphFin,CONAD,5,0.4087632595790195,0.005460064809763548,0.4089402212636048,0.40004720352007034,0.41381467265242056,0.4019836936768768,0.41554282548116217,0.01023214540970569,0.00017282888127753392,0.010182241986977526,0.010038183882220494,0.010496036327485515,0.010017550009973543,0.010446740809437836,0.02499310027231341,3.246721973032549e-05,0.024987097884052983,0.024957489399255257,0.0250463319207968,0.024952786894452492,0.025033413650174325,5.479848403731977e-06,0.002220600161768671,-0.00017411944830786737,-0.0032476675515528916,0.002907995885678676,-0.0027517594268698813,0.002762719123677345,0.5001101241775598,0.0006721558968914884,0.49997775943814365,0.49938500938381175,0.5012187638414338,0.4992755323992093,0.5009447159559104,13.392811393737793,4.3847773117536635,14.311386108398438,7.700431823730469,19.13564109802246,7.948391265592586,18.837231521882998,0.009640926346934114,0.009513848453246074,0.008827272628384331,8.702178808019058e-05,0.02128770490911662,-0.0021720767618281026,0.02145392945569633
DGraphFin,CoLA,5,0.49936101373608366,0.00988720509740364,0.5044572063688517,0.4874963454659301,0.5077842380991275,0.4870844271237808,0.5116376003483865,0.012676875778330904,0.00032668053604110005,0.012849748091066546,0.012246072629332251,0.012989089960733918,0.012271248317814763,0.013082503238847045,0.0252748307966994,0.0006424767979375105,0.025346301208370173,0.024394717534849595,0.026028745816105533,0.024477090487019158,0.02607257110637964,0.0037113818278210523,0.001360516441495871,0.0038872577731664934,0.0019060234058989277,0.005281979467679068,0.0020220775434513314,0.005400686112190773,0.5065700457708394,0.0027718084380799657,0.5065611978642505,0.5031671175903081,0.5104108756925401,0.5031283910233582,0.5100117005183207,-0.11320393085479737,0.227104857620998,-0.020978331565856934,-0.5189014673233032,0.0,-0.3951918563799823,0.16878399467038757,0.8146642590638631,0.04479368738481898,0.8297908213769022,0.7371180559332543,0.8486092830492434,0.7590455500913392,0.8702829680363869
DGraphFin,DLG-Aug,5,0.518548157486219,0.04072998206478264,0.5127828730639188,0.48014720760248064,0.5797887250365562,0.46797520510889334,0.5691211098635446,0.01344244480974346,0.0018563214579821118,0.01261041763417272,0.011860014281670814,0.016458565716208753,0.011137517286273949,0.01574737233321297,0.029561155350495638,0.005882894786130471,0.028672285858367553,0.024416396054163347,0.039588148770750155,0.0222565766893368,0.03686573401165447,0.019435153057765994,0.016587847751635566,0.024432560598559354,4.472563537365228e-05,0.04172016203276696,-0.001161380303125143,0.040031686418657134,0.5391899978845175,0.03293760846530556,0.5519770102035908,0.5000949451717331,0.580403794998732,0.4982925552662161,0.5800874405028189,20.834906578063965,7.711581023858875,24.215734481811523,11.016646385192871,29.4825439453125,11.259714051507078,30.41009910462085,0.5801557690006636,0.22695407114710214,0.6572157378903744,0.33166178982062633,0.7926107624196408,0.2983550696115312,0.861956468389796
DGraphFin,DLG-Base,5,0.4091737417154618,0.009582882498377627,0.40569159639588637,0.39987510325755216,0.4224100624127485,0.3972750215182093,0.42107246191271425,0.010089006987997539,0.0002347832265295467,0.010054829934217295,0.009834407985301392,0.01043438121516353,0.009797485108233682,0.010380528867761396,0.025007983830343507,8.901933765761715e-06,0.025010380548200796,0.024993015709281585,0.025016877751073426,0.024996930619672165,0.02501903704101485,0.0019476380891552615,0.0004405278161831674,0.0018370321689366936,0.001539605337460853,0.00266467135728432,0.0014006505595932969,0.002494625618717226,0.5004116412984201,0.00019086412204506143,0.5004651214413787,0.5000936566876384,0.500607749998766,0.500174652189528,0.5006486304073122,14.701838111877441,3.620997821706318,16.998857498168945,9.346606254577637,17.478694915771484,10.205775479090454,19.19790074466443,0.0026824466175718745,0.0020529105994469016,0.0025562650248555983,0.00021211560844546453,0.005324645658156661,0.00013342143470774842,0.005231471800436
DGraphFin,DOMINANT,5,0.40876355233018513,0.005460565326586342,0.4089398979583126,0.4000472212840974,0.4138136198377512,0.4019833649543231,0.4155437397060472,0.010232161067880515,0.000172927231477358,0.010182238790950482,0.010038189303216727,0.010496266132760237,0.010017443550246032,0.010446878585514999,0.02499310027231341,3.246721973032549e-05,0.024987097884052983,0.024957489399255257,0.0250463319207968,0.024952786894452492,0.025033413650174325,5.479848403731977e-06,0.002220600161768671,-0.00017411944830786737,-0.0032476675515528916,0.002907995885678676,-0.0027517594268698813,0.002762719123677345,0.5001101241775598,0.0006721558968914884,0.49997775943814365,0.49938500938381175,0.5012187638414338,0.4992755323992093,0.5009447159559104,26.785591316223144,8.769481045265888,28.622356414794922,15.40084171295166,38.271339416503906,15.896842419386177,37.67434021306011,0.009640926346934114,0.009513848453246074,0.008827272628384331,8.702178808019058e-05,0.02128770490911662,-0.0021720767618281026,0.02145392945569633
DGraphFin,OCGNN,5,0.49505858391372515,0.05429099529320729,0.4772929334766747,0.4455864474249081,0.5529973368360142,0.4276474096314996,0.5624697581959507,0.01257832427374055,0.0016619095216128513,0.011868158606727758,0.01098995205513843,0.014605436044721698,0.010514791052481832,0.014641857494999267,0.02793724496262267,0.0037543611234760878,0.02535610750716202,0.025056407257641872,0.0329117294634536,0.023275589919346574,0.03259890000589876,0.012368323560438549,0.010429558289636768,0.0070923901062545135,0.002095885924998632,0.025677143272023233,-0.0005816834849710524,0.02531833060584815,0.5219165071591256,0.02411930748965702,0.5073914482230577,0.5015094330631139,0.5567812392092417,0.4919684313876121,0.5518645829306391,-7.849100875854492,1.9510740085693858,-7.102899551391602,-11.09141731262207,-6.227046966552734,-10.2716792301262,-5.4265225215827835,0.3146881900555852,0.37322522426836496,0.06830122591943957,0.026547084226213137,0.839754816112084,-0.14873213413996933,0.7781085142511397
Elliptic,AnomalyDAE,5,0.12955793030158658,0.027460434748247227,0.1184666527843884,0.10737995320806323,0.1770603870725543,0.09546129709966435,0.16365456350350882,0.05376733050077579,0.002074546404114848,0.05285888893004587,0.05253043640792615,0.05745696555440237,0.051191440918183305,0.05634322008336828,0.17781081901989626,8.766762113510498e-05,0.17781951944900995,0.17769775725077303,0.17789778508257023,0.17770196529092463,0.17791967274886789,-0.00654200409558061,0.01013583102960531,0.0,-0.019930034352011287,0.0021557391647354816,-0.01912730057691811,0.006043292385756892,0.49988699652610113,0.0001740131356791962,0.5,0.49963125372894196,0.5000237993240992,0.4996709306803137,0.5001030623718885,53.75529327392578,2.0635387310725757,54.343624114990234,50.48014831542969,55.50446701049805,51.19307152265388,56.31751502519768,8.590327291469805e-05,3.037139340205083e-05,8.590327291469805e-05,4.2951636457349025e-05,0.00012885490937204706,4.8192207152088196e-05,0.0001236143386773079
Elliptic,CONAD,5,0.343192019943765,0.04097885195727894,0.34215896662727474,0.29175199938325813,0.40433023384236877,0.29231005478068994,0.3940739851068401,0.06817041821419999,0.004016393583692331,0.06792981992226517,0.06336101290857284,0.07437174641889979,0.06318340689871263,0.07315742952968735,0.18501941137907013,0.0060175533909551885,0.1834473769957641,0.17893865973289208,0.19203807875378623,0.1775476319762521,0.19249119078188817,0.05561965562266032,0.027570272414605305,0.054823895033100825,0.026591438369436043,0.08718363562686131,0.021386640944774556,0.08985267030054608,0.5233849491878375,0.018895544056941757,0.51875149059889,0.5038256221048327,0.5450256093501252,0.49992303240585984,0.5468468659698151,8.386102485656739,1.3368508844948441,8.588253021240234,7.009434700012207,10.181713104248047,6.726182871412632,10.046022099900846,0.05734902499785242,0.04633003905380219,0.04046044154282278,0.008633278927927155,0.10909715660166652,-0.0001773165306281424,0.11487536652633298
Elliptic,CoLA,5,0.4877650146931643,0.009808395740117229,0.4842611520503315,0.47740859892091164,0.5007623531841894,0.4755862828225256,0.499943746563803,0.0946502240341828,0.0023572867666808886,0.09379341379482102,0.09200436532387529,0.0980390705832569,0.09172326592255299,0.09757718214581261,0.17821566442290931,0.0002933372429674381,0.17834092258958623,0.17784464328133662,0.17855177293812408,0.1778514381289843,0.17857989071683433,0.010560603542331813,0.007106254757403523,0.01063532718822749,0.003727736903293265,0.021214257597763277,0.0017370228479996353,0.019384184236663993,0.5015757204477771,0.0009375320929657702,0.5020205657571556,0.5004413083643348,0.5025167215812725,0.5004116206007809,0.5027398202947733,-20.3792724609375,4.662989651805804,-17.674280166625977,-26.403091430664062,-16.684097290039062,-26.16913883558147,-14.589406086293529,0.008959711365003006,0.0040538245075264516,0.010780860750794605,0.004037453826990808,0.013400910574692896,0.003926223418971307,0.013993199311034705
Elliptic,DLG-Aug,5,0.570530094472471,0.02543919848978831,0.5813454091920507,0.5408927087034343,0.5970419481881699,0.5389431575645414,0.6021170313804007,0.10365343819379536,0.004801547992763811,0.1052852538462892,0.09766265871520141,0.1080458546425486,0.09769152891553298,0.10961534747205773,0.2239361469670577,0.016389528411176156,0.22281618272384887,0.20448281241874253,0.24592804725255057,0.20358585959136252,0.24428643434275285,0.14404209161297649,0.038178785774833364,0.13310190285917142,0.1012704728963174,0.1929845622919265,0.0966368678212319,0.19144731540472107,0.6147899921786836,0.03295771159348961,0.6093909389638534,0.5758997643643872,0.6576113955477612,0.5738675882298647,0.6557123961275024,15.051883316040039,3.3820228014357556,16.04986000061035,11.444596290588379,19.350017547607422,10.852547362393024,19.251219269687056,0.33822695644704065,0.042217783775078385,0.329310196718495,0.2791426853363113,0.38239841937977836,0.28580665424957485,0.39064725864450645
Elliptic,DLG-Base,5,0.3499593154894237,0.024734282394191683,0.3422533472288718,0.3204688013253246,0.3808902618471419,0.3192476475191507,0.38067098345969674,0.0686545048220036,0.002465643955495959,0.06782677081257597,0.06584295318870384,0.07187591227339443,0.06559300349007553,0.07171600615393166,0.1817449028444182,0.0017474632940507385,0.1811500565336779,0.1795892373825824,0.18400196094452162,0.17957514058401283,0.18391466510482354,0.042502905477682325,0.012229472785417755,0.03844657714854336,0.026922895701206165,0.058599555733275945,0.027318009403016395,0.057687801552348254,0.5134211042339654,0.005799644430745362,0.5117283813542847,0.5061133689232175,0.5207294816016518,0.5062198945419258,0.5206223139260049,9.59531078338623,1.6602912676972463,9.338769912719727,8.278740882873535,12.443023681640625,7.533786889754471,11.65683467701799,0.0345073447298342,0.012765151203991213,0.03552100335022764,0.01636457349024998,0.047805171377029464,0.01865731604821088,0.050357373411457525
Elliptic,DOMINANT,5,0.34319194245342177,0.040978816275438534,0.3421589770977209,0.29175204128148235,0.4043301814695886,0.29231002159520325,0.3940738633116403,0.06817041207063056,0.004016391371455192,0.06792983265751475,0.06336101601642077,0.07437174289041952,0.0631834035019984,0.07315742063926271,0.18501941137907013,0.0060175533909551885,0.1834473769957641,0.17893865973289208,0.19203807875378623,0.1775476319762521,0.19249119078188817,0.05561965562266032,0.027570272414605305,0.054823895033100825,0.026591438369436043,0.08718363562686131,0.021386640944774556,0.08985267030054608,0.5233849491878375,0.018895544056941757,0.51875149059889,0.5038256221048327,0.5450256093501252,0.49992303240585984,0.5468468659698151,16.772208786010744,2.6737225623506142,17.17650604248047,14.018835067749023,20.363405227661133,13.452343739154866,20.09207383286662,0.05734902499785242,0.04633003905380219,0.04046044154282278,0.008633278927927155,0.10909715660166652,-0.0001773165306281424,0.11487536652633298
Elliptic,OCGNN,5,0.3140422472716629,0.05213418283418166,0.29631046332732236,0.2653359630068248,0.39927307628493475,0.24930910937068684,0.378775385172639,0.06666657363820841,0.00516360809167416,0.06547566031149615,0.061511090664081856,0.07493309643854923,0.06025510736994297,0.07307803990647385,0.17959016176250955,0.0025823080052814083,0.1785784680884614,0.17793119679912134,0.18417342262953826,0.17638380288007827,0.18279652064494084,0.019879784765236587,0.013812127207063155,0.018239878428811234,0.005528980733421706,0.0427395950201327,0.002729763673615559,0.03702980585685761,0.5064858889632411,0.00964703443037782,0.502743181482996,0.5004762152160942,0.5236311431176301,0.4945075136216088,0.5184642643048734,-23.402890777587892,1.7426630891702128,-23.783273696899414,-25.42227554321289,-20.72672462463379,-25.5666927964091,-21.239088758766684,0.030719010394296024,0.049642824324348876,0.009062795292500644,0.003564985825959969,0.1193196460785156,-0.03092069733840208,0.09235871812699413
Flickr,AnomalyDAE,5,0.9814484675883957,0.004415438972748796,0.9830221024256549,0.9739854968885283,0.9855817178827899,0.9759659759796676,0.9869309591971237,0.47612059165674625,0.02065378729755221,0.47479438536348717,0.45371210802097706,0.5088274472113201,0.45047552754281744,0.501765655770675,0.5302553430889317,0.01954643244232618,0.5242528172464478,0.5104640582347588,0.5625294950448325,0.5059852416319732,0.5545254445458903,0.5257350209138231,0.019967334741227246,0.5176118463487774,0.508099312723178,0.5594462026499837,0.500942300225558,0.5505277416020882,0.8054713167745694,0.013116642273032076,0.8058750490517315,0.7928680217983998,0.8265036434379043,0.7891848542868278,0.821757779262311,176.90191040039062,32.170384167685455,190.46005249023438,119.39410400390625,193.3126983642578,136.95710257099122,216.84671822979,0.9728985994397759,0.0010640836837885735,0.9726386554621849,0.9720112044817927,0.974655462184874,0.9715773650385395,0.9742198338410122
Flickr,CONAD,5,0.9813198306242992,0.0007107453399340533,0.9814406038518081,0.9802917653896314,0.982058217317294,0.980437323723812,0.9822023375247864,0.46099919371180204,0.00887660425031471,0.4629242089778669,0.4464833899885909,0.46850610832950107,0.44997743378788374,0.47202095363572033,0.516263529682072,0.0049033778206976865,0.5149051490514905,0.5105782792665726,0.5222007722007722,0.5101751819725209,0.5223518773916231,0.5142962338668733,0.0052629111098101,0.5161809191995389,0.5058895011117505,0.5198892844675401,0.5077614666160755,0.5208310011176711,0.8087138643107219,0.017339061316955773,0.8027293680496375,0.7959454251486728,0.8378714303726587,0.7871845761108104,0.8302431525106334,21.603422164916992,0.8318632488590219,21.835676193237305,20.39467430114746,22.64592742919922,20.570527517379926,22.63631681245406,0.9710386554621848,0.003497614984404875,0.9713389355742297,0.9659159663865546,0.9750812324929972,0.9666957928564712,0.9753815180678984
Flickr,CoLA,5,0.3293749171532344,0.12049033342427629,0.2935696140839966,0.18502406851709727,0.5089534453413641,0.17976640800874288,0.47898342629772594,0.044724838077647794,0.02127248810100147,0.048504855069228955,0.017080815508567083,0.07162876447669952,0.018311555450416312,0.07113812070487928,0.11411183062936088,0.04536527092777248,0.12998522895125553,0.051587301587301584,0.16678058783321942,0.05778340694958591,0.17044025430913584,0.1025832830627749,0.046928278705924434,0.11802455698877712,0.036412160096095,0.15753684754564123,0.0443141288959562,0.16085243722959358,0.5427229281307477,0.02098433980352525,0.5450514070348822,0.5152052064242665,0.563252226951172,0.5166674288706362,0.5687784273908593,0.5739922523498535,0.037575358456340545,0.5927368402481079,0.5321545004844666,0.6094443798065186,0.5273362825350141,0.620648222164693,0.9862005602240898,0.005075256755632355,0.9870252100840337,0.9777927170868347,0.9905658263305323,0.9798987966289806,0.9925023238191989
Flickr,DLG-Aug,5,0.9811896309869313,0.0005437746235323607,0.9813628392584416,0.9804089666001159,0.9817946940356272,0.9805144456137544,0.9818648163601083,0.4599189380860402,0.011989830855397201,0.45463971510475293,0.450955952371591,0.4793657690294874,0.4450315967683408,0.47480627940373954,0.5109500890882608,0.005284139105461292,0.5091575091575091,0.5066273932253313,0.5195698924731182,0.5043889637995088,0.5175112143770128,0.5070855583641788,0.008922079465443924,0.5044575646703325,0.49933264201935024,0.5223988243275094,0.496007333502824,0.5181637832255336,0.7985593461489,0.01926445926808373,0.7973529675951471,0.7817715896062727,0.8287191382224357,0.7746393606308576,0.8224793316669424,43.850205993652345,2.5354407487330306,43.34333801269531,40.87919616699219,47.243839263916016,40.702040496371744,46.998371490932946,0.9719260504201681,0.003582961332125718,0.970733893557423,0.9673501400560224,0.9757086834733893,0.9674772163271114,0.9763748845132248
Flickr,DLG-Base,5,0.980993394419408,0.0011400233231657734,0.9803763338046333,0.9801343179192037,0.9827369832479599,0.9795778685019205,0.9824089203368955,0.4569491255877187,0.013975862689050943,0.4540119845011228,0.4436414250549003,0.4758626109207553,0.4395958000428849,0.47430245113255254,0.5138378144409124,0.0070051751528298544,0.5117117117117117,0.5075921908893709,0.5238095238095238,0.505139740652532,0.5225358882292928,0.5126430147001017,0.0073828688639985965,0.5101824304968634,0.5036113321131231,0.5216368777297132,0.503475972228215,0.5218100571719883,0.8111344572167383,0.01358510967201433,0.8096965596061465,0.796861027562382,0.8302273703343659,0.7942663156253483,0.8280025988081282,42.25891647338867,1.3492150351025045,42.585514068603516,40.67472839355469,44.1278190612793,40.58364473846667,43.93418820831068,0.9704515406162464,0.002223947105763288,0.970532212885154,0.9670812324929972,0.9728627450980392,0.9676901455611107,0.9732129356713821
Flickr,DOMINANT,5,0.9813225335671196,0.00071545612133903,0.9814405782172477,0.980291791024192,0.9820765588453126,0.9804341774589584,0.9822108896752808,0.46103536742714163,0.008957421369939524,0.4628670096450373,0.44645739813319124,0.46883437139232953,0.4499132597953467,0.47215747505893657,0.5161790035746923,0.0049503320190830945,0.5146726862302483,0.5105782792665726,0.5222007722007722,0.5100323545274414,0.5223256526219431,0.5141877852391847,0.005186359119615318,0.5161809191995389,0.5058895011117505,0.5195541420250621,0.5077480698386027,0.5206275006397668,0.8086041688829362,0.017113156590544958,0.8027293680496375,0.7959454251486728,0.8373343865091345,0.7873553784488331,0.8298529593170393,43.217942810058595,1.6578673346726152,43.67173385620117,40.823822021484375,45.31317901611328,41.15942862679758,45.27645699331961,0.9710879551820728,0.0035255645743224044,0.9713389355742297,0.965983193277311,0.9752605042016806,0.9667103885767941,0.9754655217873515
Flickr,OCGNN,5,0.5013761711734461,0.08536929855042312,0.5140325122105103,0.3768210150896302,0.5865935965483167,0.39537618661147694,0.6073761557354154,0.02471378291716682,0.005135119928367941,0.02451630849200044,0.017978908226889183,0.032101491544198835,0.018337689375653655,0.031089876458679982,0.06049942331661993,0.01372072109810485,0.053742802303262956,0.04534005037783375,0.0778655050367547,0.04346289789970832,0.07753594873353153,0.041384829957953784,0.014082433329356454,0.04581422890237812,0.02398114490583428,0.0578449264059405,0.023899179485787105,0.05887048043012046,0.5392702712305173,0.026340179170516533,0.5335043493562387,0.5132424166048789,0.5792337219771957,0.5065646190482502,0.5719759234127844,0.7374032020568848,0.693549104031188,0.6105706691741943,-0.12379574775695801,1.8009145259857178,-0.1237517514051184,1.5985581555188881,0.8927327731092436,0.14988594441324615,0.9620616246498599,0.6256134453781512,0.9745882352941176,0.7066247920945452,1.078840754123942
PubMed,AnomalyDAE,5,0.9885986177016711,0.0002655487998448322,0.9884521141448883,0.9883756298911062,0.9890147061732861,0.9882688953171376,0.9889283400862047,0.6836831529964005,0.017023139533068395,0.6863033433652321,0.6652728868361747,0.705218430230961,0.6625461335017903,0.7048201724910107,0.6778702415540409,0.00640775425280986,0.6780715396578538,0.6676691729323309,0.6838124054462935,0.6699139637889898,0.6858265193190919,0.6702834620608049,0.006628896369673433,0.6695434532512213,0.6604869968262645,0.6769259102457559,0.6620526000907578,0.678514324030852,0.8678369758444002,0.006501957876695742,0.8673141273658893,0.8614462130226013,0.8744891629054549,0.8597637288310698,0.8759102228577307,35.4399658203125,0.00084903198660861,35.440250396728516,35.43875503540039,35.44096755981445,35.43891160786141,35.441020032763596,0.9619395414891458,0.0009472605015158317,0.9616555082166768,0.9611483059444106,0.9635828768512883,0.9607633622274931,0.9631157207507985
PubMed,CONAD,5,0.9264735141918035,0.0029479487246100817,0.925833236771227,0.9232458433545959,0.9299022697276382,0.9228131523919044,0.9301338759917025,0.16071256902180445,0.0062519694443858315,0.15934757710972527,0.15430649808918512,0.16830046046877106,0.15294972364484058,0.16847541439876831,0.3538586141604926,0.004925587618802853,0.35316217908578584,0.3495260663507109,0.3621853898096992,0.34774268934422686,0.3599745389767583,0.43395612397000194,0.0059686557727314845,0.43346870019183315,0.42664193817266965,0.44320682736127653,0.4265450589793302,0.4413671889606737,0.937685363916672,0.008360964709518517,0.940954332718162,0.9230730913910878,0.9440391387413765,0.9273038550466107,0.9480668727867333,0.9335566639900208,0.0036025225852921302,0.9324358105659485,0.9311188459396362,0.9398971796035767,0.9290835413931476,0.938029786586894,0.8656522621221343,0.002052258478313254,0.8667072428484479,0.8623453033069588,0.8673158855751674,0.8631040466546043,0.8682004775896643
PubMed,CoLA,5,0.5559705763485958,0.02594159759314147,0.5446721033487738,0.5345878399574939,0.5932754620143516,0.5237598285613027,0.588181324135889,0.07046513312443813,0.020789851770597074,0.06420837953036122,0.047831128293271956,0.10229960799318373,0.04465112265289496,0.09627914359598129,0.11112500426389108,0.017226361233884147,0.10301953818827708,0.09663865546218488,0.13793103448275862,0.08973565169972415,0.13251435682805798,0.08996594343636308,0.019098264010509666,0.0781173446180002,0.07602805461345588,0.11928998447765536,0.0662523165863226,0.11367957028640356,0.5379833522218235,0.007109311127318268,0.5365426926979264,0.5306426302387298,0.5489100022327044,0.529155976543003,0.546810727900644,1.3825451374053954,0.10057148349612435,1.3665647506713867,1.2400710582733154,1.5120816230773926,1.2576691471023138,1.507421127708477,0.9786772164739297,0.004687932070580219,0.9804219922905255,0.9706837086630148,0.9822479204706837,0.9728563799958654,0.984498052951994
PubMed,DLG-Aug,5,0.9263726538940906,0.0030246002932477114,0.9258247581472513,0.9232564416345654,0.9298807198916997,0.9226171166010084,0.9301281911871728,0.16050077638134005,0.006434406872684246,0.15934195779632637,0.15432446016266044,0.16827170546672754,0.15251140501773316,0.16849014774494694,0.35431001421593616,0.004486454310121992,0.35336538461538464,0.3507728894173603,0.3619631901840491,0.3487393454194716,0.3598806830124007,0.43448407588852545,0.005585943648511735,0.43383360403769683,0.42741067671867167,0.4430144904054693,0.42754821076417343,0.44141994101287746,0.9380859435719312,0.008380300558370097,0.9412680418052686,0.9232822307824922,0.9439868538935254,0.9276804260744762,0.9484914610693862,1.867977547645569,0.0072281589560226865,1.8650964498519897,1.863986849784851,1.8808594942092896,1.8590026028965814,1.8769524923945564,0.8653885169405559,0.0020300766987410464,0.8657942787583688,0.8620409819435991,0.8672144451207141,0.8628678437901367,0.867909190090975
PubMed,DLG-Base,5,0.9271838462429803,0.003043698672984554,0.9260812365225206,0.9242099335558499,0.9308969183028056,0.9234045951793548,0.9309630973066059,0.162318363943243,0.0066849070023242705,0.15996346098680814,0.15631775059955438,0.17077112303901337,0.1540179555871167,0.1706187722993693,0.3560533768408036,0.005638363147800654,0.3553668890236507,0.34973325429756963,0.36363636363636365,0.3490524243113807,0.3630543293702265,0.43653134855985876,0.0045823016390349365,0.4359438851225606,0.4323784554264778,0.4437861252896648,0.430841669585759,0.44222102753395853,0.9396568912842571,0.0025328125316316724,0.9395104937102741,0.9361683261217926,0.9429250828785494,0.9365119891495307,0.9428017934189835,1.863326907157898,0.0030060654640898755,1.8642241954803467,1.8582032918930054,1.8656814098358154,1.8595943838948938,1.867059430420902,0.8660580239399472,0.0026516542555394956,0.8668086833029012,0.8632582673970379,0.8687360519375127,0.86276556031516,0.8693504875647344
PubMed,DOMINANT,5,0.9264732668986042,0.002947309731091103,0.9258328834952279,0.9232463732685944,0.9299015631756403,0.9228136985139528,0.9301328352832556,0.1607120781811407,0.006251629493264762,0.15934915257421567,0.15430462511370696,0.16829924724964548,0.152949654909245,0.16847450145303638,0.35431777291119615,0.004526991609378154,0.35316217908578584,0.35119047619047616,0.3621853898096992,0.3486967704096608,0.3599387754127315,0.4343569734928394,0.005886910025353895,0.43383360403769683,0.42664193817266965,0.44320682736127653,0.42704740925369267,0.44166653773198616,0.9378003905819444,0.008416975919859225,0.9413726115009708,0.9230730913910878,0.9440391387413765,0.9273493346085072,0.9482514465553816,1.8675537824630737,0.006860482534556191,1.8648840188980103,1.8632214069366455,1.8797374963760376,1.8590353682896095,1.876072196636538,0.8657739906674783,0.0021607054920359746,0.8667072428484479,0.8623453033069588,0.8675187664840739,0.8630911204472961,0.8684568608876605
PubMed,GADNR,5,0.8221504404645156,0.13370215702823499,0.8982554524617685,0.593250379418423,0.9057332455324718,0.6561372856003698,0.9881635953286614,0.10142639431758176,0.03925289492821604,0.12038691400347099,0.03890498796431251,0.13592300391670264,0.05268748785994077,0.15016530077522275,0.245511536391061,0.1118983535262217,0.3143313798614811,0.07694157249338783,0.33503691084611015,0.1065713793592743,0.3844516934228477,0.29932070190707166,0.16003739437692843,0.4009540436493632,0.05359763470333185,0.4194572807347948,0.1006080309429021,0.4980333728712412,0.8260972045976752,0.1597059877789381,0.9310724964743056,0.5766594786776738,0.9371375388250323,0.6277960292749974,1.024398379920353,15.975537127256393,13.447929337191765,23.247791290283203,0.4132572114467621,28.417768478393555,-0.7222725811228283,32.67334683563561,0.7886386691012376,0.10491977916636347,0.8438831405964698,0.6043822276323798,0.8489551633191317,0.6583635566108748,0.9189137815916004
PubMed,OCGNN,5,0.49998954303042975,0.0004725925562470761,0.4999477151521489,0.49937258182578687,0.5006797030220642,0.49940274186751865,0.5005763441933408,0.030048944739918614,2.2701695954439025e-05,0.030044660982541615,0.030029420716242265,0.030087416141492174,0.030020756861353817,0.03007713261848341,0.05834469226882237,4.279203737631434e-05,0.05833661805281829,0.05830788929380479,0.058417209394118805,0.058291558936602414,0.05839782560104233,0.004776432980302293,0.0021196598528440557,0.004689597786051371,0.0025060596107875643,0.008128399040278355,0.002144527652587941,0.007408338308016646,0.5004391927219493,0.0003888108845044303,0.5003659939349576,0.5001045696957022,0.501097981804873,0.49995642024455034,0.5009219651993482,-0.0005020940210670233,0.0006648000822808187,-0.00018836790695786476,-0.0015721431700512767,4.408310633152723e-05,-0.001327552349238016,0.00032336430710396945,0.9987015621829987,0.0006782111848426505,0.9989855954554676,0.9976668695475756,0.9992899168188274,0.9978594517716004,0.9995436725943969
Reddit,CoLA,5,0.7657278900853229,0.028650628791257737,0.7690697737984287,0.7209964140063657,0.8004273272423438,0.730153435789318,0.8013023443813279,0.1606324861806951,0.046875949464475423,0.1606386860736269,0.0953702380563198,0.22740096392754677,0.10242830734903693,0.21883666501235324,0.2806382792066205,0.0595836030449869,0.27835999264570693,0.19984744469870327,0.36662043458159965,0.20665546442239607,0.3546210939908449,0.2672261652232918,0.06032958053428742,0.26432635365687795,0.18709629001197053,0.3558117780620515,0.1923170970471325,0.34213523339945107,0.6465632887327748,0.014508120902188037,0.6467448288380676,0.6249210315543303,0.6649024299102526,0.6285490773269404,0.6645775001386092,1.1777692675590514,0.3361182809769442,1.0653347969055176,0.8429381251335144,1.7382841110229492,0.7604232989318427,1.5951152361862602,0.9736233924554867,0.007078336716954416,0.9733950309919129,0.9630930100788104,0.9826754348311327,0.9648344765868806,0.9824123083240928
Reddit,DLG-Aug,5,0.9656729119178917,0.0006200078488998981,0.965824674955294,0.9646875199383224,0.9662840463831972,0.9649030704933089,0.9664427533424745,0.338826879759909,0.010212235415951003,0.34210217579403257,0.3219965371842825,0.3485027869235471,0.3261467147027412,0.3515070448170768,0.42886847057792854,0.006922545430208254,0.4320211710221634,0.41924398625429554,0.43619568936024633,0.42027299514130895,0.43746394601454813,0.4249053917109914,0.007053905399711118,0.4275942520069531,0.4146500636369673,0.43172648450945567,0.416146811329435,0.4336639720925478,0.7610434331996787,0.015413759562343149,0.7637893766475374,0.7356999128005637,0.7760251968134477,0.7419047228741482,0.7801821435252092,39.358445739746095,0.8049501854764011,39.39619064331055,38.38194274902344,40.58171844482422,38.35896807409261,40.35792340539958,0.9694236019299118,0.002810387769961555,0.9691626174001133,0.9657629504987895,0.9736096564276026,0.9659340446149585,0.9729131592448652
Reddit,DLG-Base,5,0.9690417228229457,0.0005018894906829095,0.9693189969534526,0.9684757908490335,0.9694741234460235,0.9684185447112879,0.9696649009346034,0.40443865931923045,0.010351128235969221,0.3990134275148458,0.3949563476560001,0.4206254737056953,0.39158603604783704,0.41729128259062387,0.46417502496496754,0.005536104118625637,0.46438482886216464,0.4579242636746143,0.4723746798390048,0.4573010437905625,0.47104900613937256,0.45830793353799654,0.004553635413968161,0.45807655637094813,0.4528135062465814,0.46530961189031766,0.45265384838352657,0.4639620186924665,0.7700486418931236,0.009550491092757492,0.7689573672470074,0.761341547517978,0.7855332458143198,0.7581901409380809,0.7819071428481663,38.55922012329101,0.5841346146503623,38.79766845703125,37.672645568847656,39.1351318359375,37.83392120217503,39.284519044407,0.9721210144056591,0.0017919833258936908,0.9727253996325612,0.9694545079926512,0.9738328668807198,0.9698959732245155,0.9743460555868028
Reddit,DOMINANT,5,0.9699741526027357,0.0007189645388081548,0.969740248470833,0.9693534755647012,0.9709926862332832,0.9690814402189124,0.9708668649865589,0.40692288073744975,0.00913747294107659,0.40327947542379083,0.4004305378544221,0.422777275560546,0.3955772095519539,0.4182685519229456,0.4684674669583601,0.008344350538620711,0.4691739653099777,0.45852577129133565,0.47786973731558113,0.4581065873061626,0.4788283466105576,0.4628175226896666,0.009190615091480756,0.4659830527398879,0.450488125071436,0.47195093454588266,0.45140586680922673,0.47422917857010644,0.7733665031822925,0.00963074798332741,0.7766563766594559,0.7582408937722278,0.7838166034900302,0.7614083501356214,0.7853246562289636,38.455814361572266,0.43321555099013115,38.4368896484375,37.902427673339844,39.109092712402344,37.917906208445814,38.99372251469872,0.9719235590048247,0.0009880530833267368,0.9717638776806717,0.970742260606789,0.9734637111313336,0.9706967290629437,0.9731503889467058
Reddit,OCGNN,5,0.5154739326772828,0.005258115607530015,0.5182220917344988,0.5091465922420436,0.520439763303892,0.5089451198290195,0.5220027455255462,0.02049832924336429,0.00045641327079603335,0.020471143686405308,0.01983206093002663,0.021099338569128094,0.01993161731671443,0.021065041170014148,0.040636507688860415,0.0005830890696538705,0.04083917336497772,0.040002371213468495,0.04124231118281738,0.039912506983325075,0.041360508394395756,0.008131932150505918,0.002142776531977178,0.008313863234812204,0.0058140343415638935,0.01094480199358371,0.00547132367455394,0.010792540626457896,0.5138673256422025,0.003690088853516081,0.5142805967549989,0.510173589026609,0.5189252553862937,0.5092854751626186,0.5184491761217864,-0.38651150465011597,0.04628891380014293,-0.3615220785140991,-0.4593718349933624,-0.3456302881240845,-0.44398678243171086,-0.3290362268685211,0.49803231400559744,0.16455069774526876,0.5012619975618551,0.29771123435380575,0.6799333802647619,0.29371563673598794,0.702348991275207
Yelp,CONAD,5,0.9347546469478949,0.0012850654635768665,0.9348767851198276,0.9328039405115435,0.9361708236112705,0.9331590274264364,0.9363502664693534,0.07484323923133715,0.0017691466969636757,0.07539070082158948,0.07219519400630078,0.07674699120329129,0.07264655347017625,0.07703992499249805,0.15044557625887575,0.0030389926726535174,0.15005544774050458,0.14652317880794702,0.1543928923988154,0.14667216846643685,0.15421898405131465,0.20609790613163564,0.002228262524142566,0.20545681039424207,0.20412556101633203,0.20946482518678655,0.20333115277686117,0.20886465948641011,0.7593119949937195,0.00915391532666017,0.7609965746634297,0.7448597840123115,0.7694770851198528,0.7479459078899999,0.770678082097439,4.763961315155029,0.16181842565825447,4.715819358825684,4.601759910583496,4.950449466705322,4.563037201769163,4.964885428540896,0.9328614514135534,0.004270519679969206,0.9313743816663551,0.9291981820363091,0.9394709602899367,0.9275589008733149,0.9381640019537918
Yelp,CoLA,5,0.4250134455248693,0.08978099052679338,0.4276279497072122,0.3078703719866952,0.5533701636275705,0.31353562186467676,0.5364912691850618,0.017393640215723656,0.004128576192140582,0.01800077577679405,0.012877030967136115,0.023320612800563738,0.012267335794101508,0.022519944637345805,0.05734826837599164,0.009289301609802902,0.056519983851433184,0.042987745574790896,0.0663441603317208,0.04581407699864311,0.06888245975334018,0.047029232401665504,0.009733501838873403,0.04616953278974029,0.03189420296215089,0.0561306835519304,0.03494349359188627,0.05911497121144474,0.5278346213887144,0.004577681730710952,0.5284347975747621,0.5217048245839171,0.5334008688020355,0.5221506787884556,0.5335185639889732,0.4871283292770386,0.36185565686013355,0.31391748785972595,0.27349990606307983,1.1225306987762451,0.03782518760743592,0.9364314709466413,0.9852905645006039,0.0033601090300251456,0.9860472123719739,0.9811954031967814,0.9891915418374378,0.9811184380879824,0.9894626909132255
Yelp,DLG-Aug,5,0.9399862632221312,0.0015242622292924316,0.9394412421292494,0.9384090942616743,0.9418350653922745,0.938093641688197,0.9418788847560654,0.0832345756681611,0.0028528178265545576,0.08197971428440363,0.08050800702668498,0.08695294083305695,0.07969233447949439,0.08677681685682781,0.16686327514052202,0.004688803678712935,0.16370410618644726,0.1634266354763249,0.17356374743713127,0.16104135641801878,0.17268519386302525,0.22079449506292556,0.004100407917339877,0.22008188264040118,0.21557103405507455,0.22688309791180022,0.21570316617401497,0.22588582395183615,0.7620858401221074,0.005187639744060161,0.7636383840503567,0.7556131875835387,0.7675138228799299,0.7556445346162569,0.768527145627958,9.412825012207032,0.3427574000383754,9.193075180053711,9.134300231933594,9.792501449584961,8.987235488461454,9.838414535952609,0.9404708961199477,0.0027831546538967223,0.9410389400233802,0.9368148807414702,0.9432848896415688,0.9370151531847709,0.9439266390551245
Yelp,DLG-Base,5,0.9384877314706477,0.0013851628077225036,0.9384363107693408,0.9369128779086298,0.9400578032623104,0.9367678246806478,0.9402076382606476,0.08256542896057081,0.002927999042512267,0.08329411620660097,0.07922360129630807,0.08644213120573849,0.07892983796270824,0.08620101995843339,0.16302726604665846,0.0025439012447556362,0.16253273763672776,0.1606148537369618,0.1662951759274001,0.15986859545605964,0.16618593663725728,0.21169447999087324,0.01190073221520904,0.2140298646101999,0.19115562232313077,0.22106193918994985,0.19691776924698445,0.22647119073476202,0.7464751410847142,0.032683441666407305,0.7577157511635022,0.6884510165295827,0.7658016704208739,0.7058932882301434,0.7870569939392851,9.210435676574708,0.3874372397614363,9.066576957702637,8.88465690612793,9.86879825592041,8.729368804399492,9.691502548749924,0.9430349056840661,0.009075210300396187,0.9396969502515184,0.9371999006760169,0.9591488269446994,0.9317665437779362,0.954303267590196
Yelp,DOMINANT,5,0.9347645493139763,0.0012857152211145006,0.9348910658740055,0.9328111966742808,0.9361802272144538,0.9331681230119758,0.9363609756159769,0.07485847185237979,0.0017716173937112572,0.07541183183377582,0.07220518981943642,0.07676359296342505,0.07265871831601693,0.07705822538874264,0.15052171707174863,0.0030399680189242186,0.15008665511265165,0.14653328734046223,0.15447154471544716,0.1467470982269596,0.15429633591653766,0.20639863964500912,0.0021802828223592835,0.20672215375480255,0.20428811822500148,0.2094943808767553,0.2036914609585835,0.20910581833143474,0.7599664234987198,0.009282275798833214,0.7635106290360243,0.7451233019258177,0.7694855396345637,0.7484409558179105,0.7714918911795291,9.520580101013184,0.3151587706330265,9.431559562683105,9.203277587890625,9.897835731506348,9.129258801799997,9.911901400226371,0.932692935442201,0.004324450934573262,0.9305457518072222,0.9292205020325146,0.9393984203022685,0.9273234204047428,0.9380624504796592
Yelp,OCGNN,5,0.34609569488436437,0.03168542197239015,0.3485821133261017,0.3123180934729637,0.38056781140418416,0.306753047153353,0.38543834261537574,0.006941440929926611,0.0003468533984195045,0.006966506939626952,0.006544585015971941,0.007281576584080369,0.006510765552454486,0.0073721163073987355,0.01996123417144966,0.00032995627572327663,0.019807187659114944,0.01975517387141021,0.020542169755467448,0.019551539342902675,0.020370928999996648,0.00039868758064382675,0.010087628974043347,0.0004044804344608468,-0.01464035607036889,0.01333465461741427,-0.01212675814366297,0.012924133304950623,0.5039556648771277,0.00790460493049844,0.5002278567201314,0.4990840973849381,0.5178573473003929,0.49414080151490386,0.5137705282393517,-2.6517485618591308,0.5709963654625081,-2.7309372425079346,-3.218719720840454,-2.0322675704956055,-3.3607341919591263,-1.9427629317591353,0.03009349288410621,0.02930587654790416,0.022585046160542153,2.7899995257000806e-06,0.07582381710995109,-0.006294558961230393,0.06648154472944282
