dataset,display_name,num_nodes,num_edges,positive_ratio,avg_degree,edge_homophily,fraud_homophily,normal_homophily,mix_fraud_to_normal,mix_normal_to_fraud,adjusted_homophily,label_assortativity,directed
Elliptic,Elliptic,46564,83188,0.09760759384932566,1.7865303668069754,0.9796124441025148,0.8583152678847941,0.9898214518441287,0.14168473211520594,0.010178548155871237,0.8562726260301773,0.8562726260301773,True
DGraphFin,DGraphFin,1225601,746271,0.012654199857865651,0.6089020815093983,0.9867997014489375,0.08196181698485847,0.9904982690488716,0.9180381830151415,0.00950173095112838,0.04261395128248299,0.04261395128248299,True
Yelp,Yelp-Syn,716847,14004995,0.00999934435102609,19.536937449692893,0.9820255558820263,0.31714806536316487,0.9908929168489721,0.6828519346368351,0.009107083151027906,0.30804098221213044,0.30804098221213044,True
Amazon,Amazon-Syn,13752,507378,0.029959278650378125,36.89485165794066,0.9484881094568547,0.17133798351299936,0.973417845112366,0.8286620164870007,0.02658215488763405,0.14475582862536826,0.14475582862536826,True
BitcoinOTC,BitcoinOTC,6005,7409,0.02997502081598668,1.2338051623646962,0.9986502901876096,0.995768688293371,0.99933233183108,0.004231311706629055,0.0006676681689200467,0.9956369730757249,0.9956369730757249,True
Flickr,Flickr-Syn,89250,1001494,0.02,11.221221288515407,0.9640517067501153,0.44853256540653147,0.981420278845479,0.5514674345934686,0.01857972115452102,0.4299528442520099,0.4299528442520099,True
Reddit,Reddit-Syn,232965,114869737,0.01999871225291353,493.077230485266,0.9614587783029398,0.030578930427185357,0.9803385495333171,0.9694210695728146,0.019661450466682884,0.010917479960504569,0.010917479960504569,True
Cora,Cora-Syn,2708,11276,0.029911373707533235,4.163958641063515,0.9505143667967364,0.7229394240317776,0.9728308501314636,0.2770605759682224,0.02716914986853637,0.695770274163241,0.695770274163241,True
CiteSeer,CiteSeer-Syn,3327,9914,0.029756537421100092,2.9798617373008716,0.9465402461166028,0.7557603686635944,0.9699852757956734,0.24423963133640553,0.030014724204326652,0.725745644459268,0.725745644459268,True
PubMed,PubMed-Syn,19717,93958,0.02997413399604402,4.765329411168028,0.943591817620639,0.6712158808933002,0.9691494563319286,0.32878411910669975,0.030850543668071433,0.6403653372252293,0.6403653372252293,True
