model,seed,run_id,pr_auc,roc_auc,test_f1,threshold_policy,threshold_value,score_status,confusion_matrix,normalization
DLG-Aug,42,644b9456-ec7b-52b1-8cae-f84bfda1c621,0.976183,0.982556,0.664804,max validation F1; percentiles 80..99.5 (40),NOT_RECORDED,MISSING_NOT_STORED_BY_SOURCE_RUN,NOT_RECORDED,no split-wise normalization in archived runner
DLG-Aug,43,5ab83338-745b-5a70-bb4d-b9cb333b5a0d,0.974805,0.976696,0.639401,max validation F1; percentiles 80..99.5 (40),NOT_RECORDED,MISSING_NOT_STORED_BY_SOURCE_RUN,NOT_RECORDED,no split-wise normalization in archived runner
DLG-Aug,44,15a8d267-c805-592f-9417-db075a9692d7,0.981095,0.983854,0.659563,max validation F1; percentiles 80..99.5 (40),NOT_RECORDED,MISSING_NOT_STORED_BY_SOURCE_RUN,NOT_RECORDED,no split-wise normalization in archived runner
DLG-Aug,45,d99fe791-fe88-5a89-9362-fa9921db8ae5,0.975911,0.982569,0.650113,max validation F1; percentiles 80..99.5 (40),NOT_RECORDED,MISSING_NOT_STORED_BY_SOURCE_RUN,NOT_RECORDED,no split-wise normalization in archived runner
DLG-Aug,46,9845f06f-ae63-5120-98f3-78c15ef28e56,0.986191,0.987967,0.638843,max validation F1; percentiles 80..99.5 (40),NOT_RECORDED,MISSING_NOT_STORED_BY_SOURCE_RUN,NOT_RECORDED,no split-wise normalization in archived runner
DLG-Base,42,5cb66f82-6917-4474-8d3b-7a6dfbaa9054,0.9774440707557919,0.9826486310436221,0.9683333333333334,validation prevalence percentile,NOT_RECORDED,MISSING_NOT_STORED_BY_SOURCE_RUN,NOT_RECORDED,no split-wise normalization in archived runner
DLG-Base,43,3f797c36-181b-4cc8-b2cb-e6e2d61250b7,0.9797148323575532,0.9819743162611383,0.9686440677966102,validation prevalence percentile,NOT_RECORDED,MISSING_NOT_STORED_BY_SOURCE_RUN,NOT_RECORDED,no split-wise normalization in archived runner
DLG-Base,44,d62c1482-4847-4cd9-8b94-c002e13dc99e,0.9826094015669546,0.9831819906714356,0.9810046433094133,validation prevalence percentile,NOT_RECORDED,MISSING_NOT_STORED_BY_SOURCE_RUN,NOT_RECORDED,no split-wise normalization in archived runner
DLG-Base,45,ef9fe246-d80f-4e89-ac15-9161b602c908,0.9743404885959261,0.9829800051779419,0.978021978021978,validation prevalence percentile,NOT_RECORDED,MISSING_NOT_STORED_BY_SOURCE_RUN,NOT_RECORDED,no split-wise normalization in archived runner
DLG-Base,46,9fa60c3a-defb-4827-a4d6-960d444e0fa4,0.9874483078750796,0.9899400388530823,0.981625153123724,validation prevalence percentile,NOT_RECORDED,MISSING_NOT_STORED_BY_SOURCE_RUN,NOT_RECORDED,no split-wise normalization in archived runner
