view,model,mean_rank
S1,DOMINANT,2.4
S1,AnomalyDAE,3.0
S1,CoLA,6.0
S1,GADNR,5.0
S1,OCGNN,6.8
S1,DLG-Base,2.0
S1,DLG-Aug,2.8
S2,DOMINANT,2.1538461538461537
S2,CoLA,3.6923076923076925
S2,OCGNN,4.6923076923076925
S2,DLG-Base,2.3076923076923075
S2,DLG-Aug,2.1538461538461537
S3,DOMINANT,2.3333333333333335
S3,CoLA,3.1666666666666665
S3,OCGNN,4.5
S3,DLG-Base,2.8333333333333335
S3,DLG-Aug,2.1666666666666665
S4,DOMINANT,2.0
S4,CoLA,4.142857142857143
S4,OCGNN,4.857142857142857
S4,DLG-Base,1.8571428571428572
S4,DLG-Aug,2.142857142857143
