path,case,dtype,measure,max_abs,max_rel,atol,rtol,status
Gram,N=120; d=32; undirected binary,float64,loss,0.0,0.0,1e-10,1e-08,PASS
Gram,N=120; d=32; undirected binary,float64,node squared score,3.637978807091713e-12,5.074487387610587e-16,1e-10,1e-08,PASS
Gram,N=120; d=32; undirected binary,float64,gradient,1.2434497875801753e-14,7.712179172289684e-13,1e-10,1e-08,PASS
Gram,N=120; d=32; undirected binary,float32,loss,0.0,0.0,1e-05,0.0001,PASS
Gram,N=120; d=32; undirected binary,float32,node squared score,0.00146484375,2.3344975375039212e-07,1e-05,0.0001,PASS
Gram,N=120; d=32; undirected binary,float32,gradient,3.814697265625e-06,5.5888016504468396e-05,1e-05,0.0001,PASS
GCN,N=150; 32/64/32; 2 layers; dropout=0,float64,forward,2.220446049250313e-16,1.1626675934307407e-13,1e-09,1e-07,PASS
GCN,N=150; 32/64/32; 2 layers; dropout=0,float64,input gradient,4.996003610813204e-16,3.8585752042179327e-13,1e-09,1e-07,PASS
GCN,N=150; 32/64/32; 2 layers; dropout=0,float64,weight gradient,1.4210854715202004e-14,NOT_RECORDED,1e-09,1e-07,PASS
GCN,N=150; 32/64/32; 2 layers; dropout=0,float32,forward,8.940696716308594e-08,4.789455124409869e-05,1e-05,0.0001,PASS
GCN,N=150; 32/64/32; 2 layers; dropout=0,float32,input gradient,3.5762786865234375e-07,9.940088057192042e-05,1e-05,0.0001,PASS
GCN,N=150; 32/64/32; 2 layers; dropout=0,float32,weight gradient,5.7220458984375e-06,NOT_RECORDED,1e-05,0.0001,PASS
AnomalyDAE,Cora-Syn; N=2708; B=256,float32,attribute_reconstruction,2.9802322387695312e-08,0.0038999132812023163,1e-05,0.0001,PASS
AnomalyDAE,Cora-Syn; N=2708; B=256,float32,attribute_score,4.76837158203125e-07,1.357423400349944e-07,1e-05,0.0001,PASS
AnomalyDAE,Cora-Syn; N=2708; B=256,float32,structure_score,3.814697265625e-06,1.4209220466909755e-07,1e-05,0.0001,PASS
AnomalyDAE,Cora-Syn; N=2708; B=256,float32,total_score,1.9073486328125e-06,1.3318400249318074e-07,1e-05,0.0001,PASS
AnomalyDAE,Cora-Syn; N=2708; B=256,float32,mean_loss,9.5367431640625e-07,6.066397162385329e-08,1e-05,0.0001,PASS
AnomalyDAE,Cora-Syn; N=2708; B=256,float32,final_score,3.814697265625e-06,2.464170165694668e-07,1e-05,0.0001,PASS
AnomalyDAE,Cora-Syn; N=2708; B=256,float32,gradient,1.1920928955078125e-07,0.00014370016288012266,1e-05,0.0001,PASS
AnomalyDAE,Cora-Syn; N=2708; B=256,float32,Adam update,4.244036972522736e-06,0.0008940616971813142,1e-05,0.0001,PASS
AnomalyDAE,BitcoinOTC; N=6005; B=256,float32,attribute_reconstruction,1.7881393432617188e-07,0.0004167035804130137,1e-05,0.0001,PASS
AnomalyDAE,BitcoinOTC; N=6005; B=256,float32,attribute_score,9.5367431640625e-07,1.1485273176958799e-07,1e-05,0.0001,PASS
AnomalyDAE,BitcoinOTC; N=6005; B=256,float32,structure_score,7.62939453125e-06,1.635850992443011e-07,1e-05,0.0001,PASS
AnomalyDAE,BitcoinOTC; N=6005; B=256,float32,total_score,3.814697265625e-06,1.727643876847651e-07,1e-05,0.0001,PASS
AnomalyDAE,BitcoinOTC; N=6005; B=256,float32,mean_loss,1.9073486328125e-06,7.973046933784644e-08,1e-05,0.0001,PASS
AnomalyDAE,BitcoinOTC; N=6005; B=256,float32,final_score,3.814697265625e-06,1.7815207797866606e-07,1e-05,0.0001,PASS
AnomalyDAE,BitcoinOTC; N=6005; B=256,float32,gradient,2.384185791015625e-07,0.0005875335773453116,1e-05,0.0001,PASS
AnomalyDAE,BitcoinOTC; N=6005; B=256,float32,Adam update,8.078757673501968e-06,0.0017280045431107283,1e-05,0.0001,PASS
AnomalyDAE,Cora-Syn; N=2708; B=256,float64,attribute_reconstruction,4.85722573273506e-17,1.0408340855860843e-11,1e-08,1e-08,PASS
AnomalyDAE,Cora-Syn; N=2708; B=256,float64,attribute_score,8.881784197001252e-16,2.190224973828186e-16,1e-08,1e-08,PASS
AnomalyDAE,Cora-Syn; N=2708; B=256,float64,structure_score,1.4210854715202004e-14,5.282498005412831e-16,1e-08,1e-08,PASS
AnomalyDAE,Cora-Syn; N=2708; B=256,float64,total_score,7.105427357601002e-15,4.508282789398128e-16,1e-08,1e-08,PASS
AnomalyDAE,Cora-Syn; N=2708; B=256,float64,mean_loss,0.0,0.0,1e-08,1e-08,PASS
AnomalyDAE,Cora-Syn; N=2708; B=256,float64,final_score,7.105427357601002e-15,4.512629238145453e-16,1e-08,1e-08,PASS
AnomalyDAE,Cora-Syn; N=2708; B=256,float64,gradient,2.220446049250313e-16,6.844026213814747e-13,1e-08,1e-08,PASS
AnomalyDAE,Cora-Syn; N=2708; B=256,float64,Adam update,2.7183116868556567e-14,3.467771283891972e-12,1e-08,1e-08,PASS
