dataset,category,DOMINANT,AnomalyDAE,CoLA,GADNR,OCGNN,DLG-Base,DLG-Aug
Elliptic,real,0.0682 ± 0.0036,0.0538 ± 0.0019,0.0947 ± 0.0021,N/A,0.0667 ± 0.0046,0.0687 ± 0.0022,0.1037 ± 0.0043
DGraphFin,real,0.0102 ± 0.0002,0.0119 ± 0.0031,0.0127 ± 0.0003,N/A,0.0126 ± 0.0015,0.0101 ± 0.0002,0.0134 ± 0.0017
BitcoinOTC,synthetic_injection_on_real_trust_graph,0.8810 ± 0.0261,0.7948 ± 0.0176,0.4936 ± 0.0359,0.8125 ± 0.2296,0.0290 ± 0.0050,0.8274 ± 0.0164,0.8211 ± 0.0163
Ethereum,real,0.9792 ± 0.0039,OOM,0.5445 ± 0.0963,OOM,0.2506 ± 0.0047,0.9803 ± 0.0045,0.9788 ± 0.0043
BSC,real,0.5451 ± 0.0131,0.1739 ± 0.0158,0.1564 ± 0.0108,FAIL,0.1396 ± 0.0065,0.6161 ± 0.1079,0.4179 ± 0.0182
Polygon,real,0.0465 ± 0.0076,0.0269 ± 0.0053,0.0348 ± 0.0087,FAIL,0.0340 ± 0.0066,0.0330 ± 0.0066,0.0385 ± 0.0055
Yelp-Syn,synthetic,0.0749 ± 0.0016,N/A,0.0174 ± 0.0037,N/A,0.0069 ± 0.0003,0.0826 ± 0.0026,0.0832 ± 0.0026
Amazon-Syn,synthetic,0.1301 ± 0.0095,0.2734 ± 0.1663,0.0989 ± 0.0143,0.0338 ± 0.0004,0.0249 ± 0.0015,0.1245 ± 0.0086,0.1302 ± 0.0078
Reddit-Syn,synthetic,0.4069 ± 0.0082,N/A,0.1606 ± 0.0419,N/A,0.0205 ± 0.0004,0.4044 ± 0.0093,0.3388 ± 0.0091
Flickr-Syn,synthetic,0.4610 ± 0.0080,0.4761 ± 0.0185,0.0447 ± 0.0190,FAIL,0.0247 ± 0.0046,0.4569 ± 0.0125,0.4599 ± 0.0107
Cora-Syn,synthetic,0.4740 ± 0.0317,0.4494 ± 0.0369,0.0299 ± 0.0004,0.0951 ± 0.0958,0.0302 ± 0.0007,0.4758 ± 0.0301,0.4720 ± 0.0323
CiteSeer-Syn,synthetic,0.5989 ± 0.0312,0.5507 ± 0.0647,0.0304 ± 0.0022,0.3662 ± 0.1372,0.0301 ± 0.0000,0.6004 ± 0.0329,0.5992 ± 0.0309
PubMed-Syn,synthetic,0.1607 ± 0.0056,0.6837 ± 0.0152,0.0705 ± 0.0186,0.1014 ± 0.0351,0.0300 ± 0.0000,0.1623 ± 0.0060,0.1605 ± 0.0058
LANL-RedTeam,external,0.1348 ± 0.0395,0.0450 ± 0.0224,0.0200 ± 0.0041,0.1806 ± 0.0346,0.0454 ± 0.0196,0.1367 ± 0.0210,0.1114 ± 0.0425
