experiment_id,run_id,seed,backbone,chain_scope,coverage,N_direct,N_deep,selective_error,selective_error_numerator,selective_error_denominator,direct_fraud_FNR,direct_fraud_FNR_numerator,direct_fraud_FNR_denominator,population_direct_fraud_miss,population_direct_fraud_miss_numerator,population_direct_fraud_miss_denominator,false_omission_rate,false_omission_rate_numerator,false_omission_rate_denominator
loco_bsc,selectivestream_r01_20261011,11,GIN,pooled,0.9031111111111111,1016,109,0.007874015748031496,8,1016,1.0,8,8,0.32,8,25,0.007874015748031496,8,1016
loco_bsc,selectivestream_r01_20261011,11,GIN,bsc,0.9031111111111111,1016,109,0.007874015748031496,8,1016,1.0,8,8,0.32,8,25,0.007874015748031496,8,1016
loco_bsc,selectivestream_r01_20261011,22,GIN,pooled,0.9093333333333333,1023,102,0.008797653958944282,9,1023,1.0,9,9,0.36,9,25,0.008797653958944282,9,1023
loco_bsc,selectivestream_r01_20261011,22,GIN,bsc,0.9093333333333333,1023,102,0.008797653958944282,9,1023,1.0,9,9,0.36,9,25,0.008797653958944282,9,1023
loco_bsc,selectivestream_r01_20261011,33,GIN,pooled,0.8853333333333333,996,129,0.010040160642570281,10,996,1.0,10,10,0.4,10,25,0.010040160642570281,10,996
loco_bsc,selectivestream_r01_20261011,33,GIN,bsc,0.8853333333333333,996,129,0.010040160642570281,10,996,1.0,10,10,0.4,10,25,0.010040160642570281,10,996
loco_bsc,selectivestream_r01_20261011,44,GIN,pooled,0.8026666666666666,903,222,0.012181616832779624,11,903,0.8,8,10,0.32,8,25,0.008908685968819599,8,898
loco_bsc,selectivestream_r01_20261011,44,GIN,bsc,0.8026666666666666,903,222,0.012181616832779624,11,903,0.8,8,10,0.32,8,25,0.008908685968819599,8,898
loco_bsc,selectivestream_r01_20261011,55,GIN,pooled,0.8497777777777777,956,169,0.008368200836820083,8,956,1.0,6,6,0.24,6,25,0.006289308176100629,6,954
loco_bsc,selectivestream_r01_20261011,55,GIN,bsc,0.8497777777777777,956,169,0.008368200836820083,8,956,1.0,6,6,0.24,6,25,0.006289308176100629,6,954
loco_ethereum,selectivestream_r01_20261011,11,GIN,pooled,0.5695852534562212,1236,934,0.012135922330097087,15,1236,0.9166666666666666,11,12,0.08088235294117647,11,136,0.008935824532900082,11,1231
loco_ethereum,selectivestream_r01_20261011,11,GIN,ethereum,0.5695852534562212,1236,934,0.012135922330097087,15,1236,0.9166666666666666,11,12,0.08088235294117647,11,136,0.008935824532900082,11,1231
loco_ethereum,selectivestream_r01_20261011,22,GIN,pooled,0.6963133640552995,1511,659,0.007941760423560556,12,1511,1.0,12,12,0.08823529411764706,12,136,0.007941760423560556,12,1511
loco_ethereum,selectivestream_r01_20261011,22,GIN,ethereum,0.6963133640552995,1511,659,0.007941760423560556,12,1511,1.0,12,12,0.08823529411764706,12,136,0.007941760423560556,12,1511
loco_ethereum,selectivestream_r01_20261011,33,GIN,pooled,0.5622119815668203,1220,950,0.01639344262295082,20,1220,0.8571428571428571,12,14,0.08823529411764706,12,136,0.009917355371900827,12,1210
loco_ethereum,selectivestream_r01_20261011,33,GIN,ethereum,0.5622119815668203,1220,950,0.01639344262295082,20,1220,0.8571428571428571,12,14,0.08823529411764706,12,136,0.009917355371900827,12,1210
loco_ethereum,selectivestream_r01_20261011,44,GIN,pooled,0.6755760368663595,1466,704,0.0723055934515689,106,1466,0.24324324324324326,27,111,0.19852941176470587,27,136,0.02072141212586339,27,1303
loco_ethereum,selectivestream_r01_20261011,44,GIN,ethereum,0.6755760368663595,1466,704,0.0723055934515689,106,1466,0.24324324324324326,27,111,0.19852941176470587,27,136,0.02072141212586339,27,1303
loco_ethereum,selectivestream_r01_20261011,55,GIN,pooled,0.6147465437788019,1334,836,0.026986506746626688,36,1334,0.14102564102564102,11,78,0.08088235294117647,11,136,0.008856682769726247,11,1242
loco_ethereum,selectivestream_r01_20261011,55,GIN,ethereum,0.6147465437788019,1334,836,0.026986506746626688,36,1334,0.14102564102564102,11,78,0.08088235294117647,11,136,0.008856682769726247,11,1242
loco_polygon,selectivestream_r01_20261011,11,GIN,pooled,0.6997167138810199,247,106,0.004048582995951417,1,247,,0,0,,0,0,0.0,0,246
loco_polygon,selectivestream_r01_20261011,11,GIN,polygon,0.6997167138810199,247,106,0.004048582995951417,1,247,,0,0,,0,0,0.0,0,246
loco_polygon,selectivestream_r01_20261011,22,GIN,pooled,0.6883852691218131,243,110,0.00411522633744856,1,243,,0,0,,0,0,0.0,0,242
loco_polygon,selectivestream_r01_20261011,22,GIN,polygon,0.6883852691218131,243,110,0.00411522633744856,1,243,,0,0,,0,0,0.0,0,242
loco_polygon,selectivestream_r01_20261011,33,GIN,pooled,0.5892351274787535,208,145,0.009615384615384616,2,208,,0,0,,0,0,0.0,0,206
loco_polygon,selectivestream_r01_20261011,33,GIN,polygon,0.5892351274787535,208,145,0.009615384615384616,2,208,,0,0,,0,0,0.0,0,206
loco_polygon,selectivestream_r01_20261011,44,GIN,pooled,0.6515580736543909,230,123,0.004347826086956522,1,230,,0,0,,0,0,0.0,0,229
loco_polygon,selectivestream_r01_20261011,44,GIN,polygon,0.6515580736543909,230,123,0.004347826086956522,1,230,,0,0,,0,0,0.0,0,229
loco_polygon,selectivestream_r01_20261011,55,GIN,pooled,0.5949008498583569,210,143,0.01904761904761905,4,210,,0,0,,0,0,0.0,0,206
loco_polygon,selectivestream_r01_20261011,55,GIN,polygon,0.5949008498583569,210,143,0.01904761904761905,4,210,,0,0,,0,0,0.0,0,206
pooled_snapshot,selectivestream_r01_20261011,11,GATv2,pooled,0.737390350877193,2690,958,0.021189591078066915,57,2690,0.6060606060606061,40,66,0.2484472049689441,40,161,0.01511144692104269,40,2647
pooled_snapshot,selectivestream_r01_20261011,11,GATv2,bsc,0.7342222222222222,826,299,0.021791767554479417,18,826,0.9090909090909091,10,11,0.4,10,25,0.012239902080783354,10,817
pooled_snapshot,selectivestream_r01_20261011,11,GATv2,ethereum,0.7465437788018433,1620,550,0.022839506172839506,37,1620,0.5454545454545454,30,55,0.22058823529411764,30,136,0.018891687657430732,30,1588
pooled_snapshot,selectivestream_r01_20261011,11,GATv2,polygon,0.6912181303116147,244,109,0.00819672131147541,2,244,,0,0,,0,0,0.0,0,242
pooled_snapshot,selectivestream_r01_20261011,22,GATv2,pooled,0.7491776315789473,2733,915,0.01500182949140139,41,2733,0.543859649122807,31,57,0.19254658385093168,31,161,0.011494252873563218,31,2697
pooled_snapshot,selectivestream_r01_20261011,22,GATv2,bsc,0.7555555555555555,850,275,0.012941176470588235,11,850,0.9,9,10,0.36,9,25,0.010625737898465172,9,847
pooled_snapshot,selectivestream_r01_20261011,22,GATv2,ethereum,0.7377880184331798,1601,569,0.016864459712679577,27,1601,0.46808510638297873,22,47,0.16176470588235295,22,136,0.014003819223424571,22,1571
pooled_snapshot,selectivestream_r01_20261011,22,GATv2,polygon,0.7988668555240793,282,71,0.010638297872340425,3,282,,0,0,,0,0,0.0,0,279
pooled_snapshot,selectivestream_r01_20261011,33,GATv2,pooled,0.7395833333333334,2698,950,0.01704966641957005,46,2698,0.5689655172413793,33,58,0.20496894409937888,33,161,0.012406015037593985,33,2660
pooled_snapshot,selectivestream_r01_20261011,33,GATv2,bsc,0.728,819,306,0.013431013431013432,11,819,0.9,9,10,0.36,9,25,0.011029411764705883,9,816
pooled_snapshot,selectivestream_r01_20261011,33,GATv2,ethereum,0.7423963133640553,1611,559,0.020484171322160148,33,1611,0.5,24,48,0.17647058823529413,24,136,0.015209125475285171,24,1578
pooled_snapshot,selectivestream_r01_20261011,33,GATv2,polygon,0.7592067988668555,268,85,0.007462686567164179,2,268,,0,0,,0,0,0.0,0,266
pooled_snapshot,selectivestream_r01_20261011,44,GATv2,pooled,0.7535635964912281,2749,899,0.0130956711531466,36,2749,0.52,26,50,0.16149068322981366,26,161,0.009576427255985266,26,2715
pooled_snapshot,selectivestream_r01_20261011,44,GATv2,bsc,0.7466666666666667,840,285,0.014285714285714285,12,840,1.0,9,9,0.36,9,25,0.010752688172043012,9,837
pooled_snapshot,selectivestream_r01_20261011,44,GATv2,ethereum,0.7626728110599078,1655,515,0.013293051359516616,22,1655,0.4146341463414634,17,41,0.125,17,136,0.010455104551045511,17,1626
pooled_snapshot,selectivestream_r01_20261011,44,GATv2,polygon,0.7195467422096318,254,99,0.007874015748031496,2,254,,0,0,,0,0,0.0,0,252
pooled_snapshot,selectivestream_r01_20261011,55,GATv2,pooled,0.7461622807017544,2722,926,0.015062454077883909,41,2722,0.5517241379310345,32,58,0.19875776397515527,32,161,0.01190919240788984,32,2687
pooled_snapshot,selectivestream_r01_20261011,55,GATv2,bsc,0.7368888888888889,829,296,0.018094089264173704,15,829,0.9230769230769231,12,13,0.48,12,25,0.014545454545454545,12,825
pooled_snapshot,selectivestream_r01_20261011,55,GATv2,ethereum,0.7557603686635944,1640,530,0.014634146341463415,24,1640,0.4444444444444444,20,45,0.14705882352941177,20,136,0.012414649286157667,20,1611
pooled_snapshot,selectivestream_r01_20261011,55,GATv2,polygon,0.71671388101983,253,100,0.007905138339920948,2,253,,0,0,,0,0,0.0,0,251
pooled_snapshot,selectivestream_r01_20261011,11,GIN,pooled,0.852796052631579,3111,537,0.00900032144005143,28,3111,1.0,28,28,0.17391304347826086,28,161,0.00900032144005143,28,3111
pooled_snapshot,selectivestream_r01_20261011,11,GIN,bsc,0.8666666666666667,975,150,0.008205128205128205,8,975,1.0,8,8,0.32,8,25,0.008205128205128205,8,975
pooled_snapshot,selectivestream_r01_20261011,11,GIN,ethereum,0.8552995391705069,1856,314,0.010775862068965518,20,1856,1.0,20,20,0.14705882352941177,20,136,0.010775862068965518,20,1856
pooled_snapshot,selectivestream_r01_20261011,11,GIN,polygon,0.7932011331444759,280,73,0.0,0,280,,0,0,,0,0,0.0,0,280
pooled_snapshot,selectivestream_r01_20261011,22,GIN,pooled,0.8231907894736842,3003,645,0.00999000999000999,30,3003,0.5111111111111111,23,45,0.14285714285714285,23,161,0.00773369199731002,23,2974
pooled_snapshot,selectivestream_r01_20261011,22,GIN,bsc,0.8328888888888889,937,188,0.0096051227321238,9,937,1.0,7,7,0.28,7,25,0.0074866310160427805,7,935
pooled_snapshot,selectivestream_r01_20261011,22,GIN,ethereum,0.8248847926267281,1790,380,0.0111731843575419,20,1790,0.42105263157894735,16,38,0.11764705882352941,16,136,0.009070294784580499,16,1764
pooled_snapshot,selectivestream_r01_20261011,22,GIN,polygon,0.7818696883852692,276,77,0.0036231884057971015,1,276,,0,0,,0,0,0.0,0,275
pooled_snapshot,selectivestream_r01_20261011,33,GIN,pooled,0.8418311403508771,3071,577,0.007489417127971344,23,3071,1.0,23,23,0.14285714285714285,23,161,0.007489417127971344,23,3071
pooled_snapshot,selectivestream_r01_20261011,33,GIN,bsc,0.8462222222222222,952,173,0.0063025210084033615,6,952,1.0,6,6,0.24,6,25,0.0063025210084033615,6,952
pooled_snapshot,selectivestream_r01_20261011,33,GIN,ethereum,0.8451612903225807,1834,336,0.009269356597600873,17,1834,1.0,17,17,0.125,17,136,0.009269356597600873,17,1834
pooled_snapshot,selectivestream_r01_20261011,33,GIN,polygon,0.8073654390934845,285,68,0.0,0,285,,0,0,,0,0,0.0,0,285
pooled_snapshot,selectivestream_r01_20261011,44,GIN,pooled,0.8220942982456141,2999,649,0.010003334444814937,30,2999,0.5348837209302325,23,43,0.14285714285714285,23,161,0.007738896366083445,23,2972
pooled_snapshot,selectivestream_r01_20261011,44,GIN,bsc,0.8222222222222222,925,200,0.00972972972972973,9,925,1.0,7,7,0.28,7,25,0.007583965330444204,7,923
pooled_snapshot,selectivestream_r01_20261011,44,GIN,ethereum,0.8262672811059908,1793,377,0.011154489682097044,20,1793,0.4444444444444444,16,36,0.11764705882352941,16,136,0.009044657998869417,16,1769
pooled_snapshot,selectivestream_r01_20261011,44,GIN,polygon,0.7960339943342776,281,72,0.0035587188612099642,1,281,,0,0,,0,0,0.0,0,280
pooled_snapshot,selectivestream_r01_20261011,55,GIN,pooled,0.8149671052631579,2973,675,0.010427177934746047,31,2973,0.48,24,50,0.14906832298136646,24,161,0.00816326530612245,24,2940
pooled_snapshot,selectivestream_r01_20261011,55,GIN,bsc,0.8284444444444444,932,193,0.01072961373390558,10,932,0.8888888888888888,8,9,0.32,8,25,0.008611410118406888,8,929
pooled_snapshot,selectivestream_r01_20261011,55,GIN,ethereum,0.8193548387096774,1778,392,0.01124859392575928,20,1778,0.3902439024390244,16,41,0.11764705882352941,16,136,0.009148084619782733,16,1749
pooled_snapshot,selectivestream_r01_20261011,55,GIN,polygon,0.7450424929178471,263,90,0.0038022813688212928,1,263,,0,0,,0,0,0.0,0,262
