event_id,label,score,p_gnn,u_mc,p_risk
tx_000000,0,0.37526953,0.2808041111970053,0.1522363211307054,0.48795754
tx_000001,0,0.22503802,0.025828676043600035,0.14754192088671061,0.4883887
tx_000002,0,0.37549827,0.21923658585336514,0.18046057460428094,0.4883887
tx_000003,0,0.24088761,0.123805232067508,0.12935086634098036,0.48000687
tx_000004,0,0.40115,0.37137774465985973,0.11520425159848914,0.4883887
tx_000005,0,0.4326108,0.3597955050746843,0.1764178173903062,0.4883887
tx_000006,0,0.37010884,0.2241954601240956,0.17277949441711477,0.4883887
tx_000007,0,0.50554264,0.5303487674396024,0.18370504991791647,0.4883887
tx_000008,0,0.44918272,0.37342110185145533,0.20994551603264516,0.4897159
tx_000009,0,0.39767432,0.2621724333792266,0.18139696535787558,0.4943102
tx_000010,0,0.4327876,0.3735883925928002,0.16423575112228453,0.4883887
tx_000011,1,0.6686363,0.79816207047234,0.14527168633355186,0.4883887
tx_000012,1,0.67756337,0.7343308386993439,0.11140909555573925,0.49420255
tx_000013,0,0.2576255,0.2166956713829387,0.08854249126620702,0.48985007
tx_000014,0,0.37568128,0.21267004167761872,0.18371754217572775,0.4883887
tx_000015,0,0.4591987,0.4506781394172515,0.10910818464240576,0.4883887
tx_000016,0,0.43794465,0.38592702451843763,0.15658550076983546,0.4946125
tx_000017,0,0.23503746,0.17795796333768027,0.0988084099846917,0.4883887
tx_000018,0,0.11406313,0.0,0.11078900244422629,0.4883887
tx_000019,0,0.45133185,0.42451815490197353,0.14453705374355125,0.48927858
tx_000020,0,0.26454157,0.14977724795335487,0.13127388566815526,0.48792127
tx_000021,0,0.2571395,0.15536752854656227,0.1266373647464415,0.47971022
tx_000022,0,0.30856055,0.2672173885037247,0.10200771644018349,0.47805408
tx_000023,1,0.65138996,0.7883947781405458,0.14947858797733532,0.47788796
tx_000024,0,0.42531466,0.3230080723857269,0.1916844629011522,0.489611
tx_000025,0,0.16355959,0.0507118589391668,0.11589720289098734,0.4883887
tx_000026,0,0.24412781,0.14483178063120777,0.11903064680883882,0.507837
tx_000027,0,0.14515764,0.05962570053381591,0.10286224157022217,0.4883887
tx_000028,0,0.32882953,0.19602303049847264,0.1519031674303589,0.4883887
tx_000029,0,0.51180637,0.5412750727438251,0.1575680147882827,0.48033512
tx_000030,0,0.34863624,0.18911330908104987,0.16763068862048863,0.489611
tx_000031,0,0.48164344,0.47261516707071666,0.1781041600402412,0.4883887
tx_000032,1,0.527085,0.5962579272209109,0.2039738948601712,0.4883887
tx_000033,0,0.32379144,0.2761551717108899,0.1087725568222643,0.4883887
tx_000034,0,0.2989709,0.1821843594647923,0.13872959529143666,0.4883887
tx_000035,0,0.29380468,0.14078349571557106,0.14929155916705222,0.4883887
tx_000036,0,0.06767715,0.0,0.08436210966994152,0.48984542
tx_000037,0,0.146683,0.032170303006956474,0.11449625641754736,0.4883887
tx_000038,0,0.5857713,0.6049284585821105,0.0932206449780419,0.4883887
tx_000039,0,0.23502156,0.16476710539345224,0.10709120788704007,0.4883887
tx_000040,0,0.31696174,0.22814262871468252,0.13161278326965403,0.4883887
tx_000041,0,0.33096367,0.23193266559729397,0.1392186241878037,0.4897159
tx_000042,0,0.29009026,0.19590893337232992,0.12822606610249032,0.48795754
tx_000043,0,0.39118302,0.2588249064644997,0.17929423849929693,0.4883887
tx_000044,0,0.2291555,0.08395166077633465,0.13315880783022827,0.49887037
tx_000045,0,0.23163773,0.10720844797719016,0.128941450748779,0.4883887
tx_000046,0,0.33524853,0.2917659142685673,0.10651139204273297,0.49439093
tx_000047,0,0.18565544,0.09241765216664512,0.11109781268083525,0.48922774
tx_000048,0,0.19533539,0.10980061611501464,0.10910471676822203,0.4883887
tx_000049,0,0.20632666,0.11694658912257255,0.1123165079114528,0.4883887
tx_000050,0,0.11390453,0.0,0.11075858417731807,0.48800075
tx_000051,0,0.14908499,0.08347233568333996,0.09250040649844335,0.4883887
tx_000052,0,0.3390167,0.16045972006594109,0.17085069083881516,0.4883887
tx_000053,0,0.36323562,0.18415897405915185,0.18193926604627042,0.49000952
tx_000054,0,0.13112351,0.05166114432016877,0.09828579453130443,0.4883887
tx_000055,0,0.27173182,0.11612988818941239,0.14524707315888952,0.4883887
tx_000056,0,0.23789982,0.18751514751905607,0.0941497635116907,0.4883887
tx_000057,1,0.5137296,0.5828244421694445,0.21320577903355525,0.47754776
tx_000058,0,0.08926096,0.00431459535578807,0.09648464914147711,0.4883887
tx_000059,0,0.3792767,0.3251618819043871,0.12986200715861254,0.4883887
tx_000060,0,0.32254422,0.2807750874477775,0.10299289410574419,0.489611
tx_000061,0,0.30341122,0.177080371240571,0.14554980481319862,0.4781015
tx_000062,0,0.2616547,0.05714505148529039,0.15541717495643487,0.48984537
tx_000063,1,0.60702926,0.7455211830560629,0.17264000790621425,0.49451336
tx_000064,0,0.51405287,0.5210470169778094,0.10640927214184549,0.4883887
tx_000065,0,0.290564,0.25956464138011454,0.083334968729634,0.4883887
tx_000066,0,0.20715229,0.0,0.1480189541238754,0.4781015
tx_000067,0,0.19330376,0.10754620169657393,0.10893594823170052,0.4883887
tx_000068,0,0.3711675,0.34278121932708067,0.10525584043973066,0.4784155
tx_000069,0,0.3728942,0.30404425355864584,0.1412408526541093,0.47809625
tx_000070,0,0.38938278,0.32119686508293105,0.14798510418918387,0.47863534
tx_000071,0,0.2743366,0.06339635506185484,0.16026262456213536,0.48792127
tx_000072,0,0.3706922,0.32668445546605196,0.11875798089940831,0.4883887
tx_000073,0,0.21332008,0.17119449386532148,0.0812465673756863,0.4946854
tx_000074,0,0.45027292,0.3990618333629904,0.16951688199783194,0.49408317
tx_000075,0,0.34602213,0.21770452915447827,0.15936741035603474,0.47824198
tx_000076,0,0.2606871,0.18886407691705245,0.11213711813094486,0.4883887
tx_000077,0,0.40557504,0.28223739737989145,0.18602021947719377,0.4883887
tx_000078,0,0.18251026,0.04133317659040059,0.12625816189344102,0.49423888
tx_000079,0,0.3352061,0.23484518947460659,0.14105016098534223,0.48924726
tx_000080,0,0.19193515,0.06920420622268686,0.1227320209592309,0.4883887
tx_000081,0,0.09515049,0.0,0.10168554171019231,0.4883887
tx_000082,0,0.4738624,0.4454158483030895,0.20499009523518263,0.48964742
tx_000083,1,0.6391814,0.7851322478350208,0.15923130760544518,0.4883887
tx_000084,0,0.25166577,0.13752814954721426,0.12771400107083355,0.49457645
tx_000085,0,0.4368552,0.3814883861427639,0.16472912066098494,0.4883887
tx_000086,0,0.09692525,0.0,0.10260537682535201,0.4883887
tx_000087,0,0.1309645,0.07423093007959894,0.08260029569751923,0.49890614
tx_000088,0,0.44249094,0.36635614188134774,0.19303574325822087,0.48964742
tx_000089,0,0.12660246,0.06704189382726208,0.08560314211613178,0.48795754
tx_000090,0,0.38215825,0.3623864086766865,0.09017390348810635,0.49016744
tx_000091,0,0.42485642,0.41058548074761747,0.09868710392582951,0.4883887
tx_000092,0,0.2332795,0.18042303211327146,0.0968778646641874,0.47926116
tx_000093,0,0.38014412,0.29026671209469446,0.15110053580387361,0.49000952
tx_000094,0,0.5506389,0.6246984608569541,0.17056444772092041,0.4883887
tx_000095,0,0.39838812,0.33273700877357437,0.14454502104119418,0.49128076
tx_000096,0,0.19965743,0.05019380786777758,0.1313584274330917,0.48996451
tx_000097,0,0.14640743,0.07278141473020347,0.09695651654555815,0.4883887
tx_000098,0,0.4893624,0.48830419608780984,0.19425390636718537,0.49000952
tx_000099,0,0.30884498,0.2772149265393581,0.08852237614372661,0.4883887
tx_000100,0,0.31972727,0.1991018295532321,0.14506372956357763,0.4883887
tx_000101,0,0.12889971,0.07365649500427493,0.08244580488032091,0.4883887
tx_000102,0,0.37967968,0.32524463107416424,0.13024547107162698,0.4883887
tx_000103,1,0.77884686,1.0,0.14631500222246205,0.4783024
tx_000104,0,0.34077775,0.20811622755328818,0.15503762062466026,0.48996708
tx_000105,0,0.38853592,0.2676889014970849,0.17160027161575708,0.4883887
tx_000106,0,0.14575505,0.022466348876698933,0.11730194789692794,0.488053
tx_000107,0,0.06132907,0.0,0.08040772067801877,0.4784155
tx_000108,0,0.26201892,0.13011983578618663,0.13536950992310154,0.49406785
tx_000109,0,0.1508849,0.10033215363833185,0.0811113015858372,0.4895243
tx_000110,0,0.22510561,0.18260011773514995,0.08437624759526967,0.49017042
tx_000111,1,0.7199353,0.8787785297539445,0.14325515413923953,0.4883887
tx_000112,1,0.5411905,0.5491444098047367,0.08707136376150697,0.49451336
tx_000113,0,0.35426375,0.2283118958650848,0.15771094679683773,0.4883887
tx_000114,0,0.29000074,0.1709406274425475,0.1376067915483938,0.4883887
tx_000115,0,0.3725372,0.3357901882254233,0.11235455150989751,0.4883887
tx_000116,0,0.43153697,0.33160922046021435,0.20275383125600327,0.48800075
tx_000117,0,0.37633663,0.2115605238092429,0.18500797394283308,0.4883887
tx_000118,0,0.15825205,0.06940018208589951,0.10597175344400818,0.48792127
tx_000119,0,0.39945346,0.3228326936613234,0.1529247619416958,0.4895243
tx_000120,0,0.44010067,0.43039605821812754,0.08850356230645619,0.49521175
tx_000121,0,0.32442513,0.16461943296575468,0.15958501547706724,0.4883887
tx_000122,1,0.6110814,0.7539644503989062,0.16496591675466843,0.47866368
tx_000123,1,0.61894566,0.6973188888916645,0.13761789770962923,0.48838863
tx_000124,0,0.31332213,0.2016623476398645,0.1401513676494645,0.48838863
tx_000125,1,0.85558444,0.9340983955983858,0.09667522319542518,0.48838863
tx_000126,0,0.0898094,0.0,0.09881308590681427,0.4883887
tx_000127,0,0.5785393,0.5977608610166505,0.09655907097011697,0.4883887
tx_000128,0,0.41641554,0.3030083040169882,0.19080016230319052,0.4883887
tx_000129,0,0.28669524,0.1609680163202587,0.13890050658394476,0.48978144
tx_000130,0,0.18561898,0.09806792585078651,0.10873950166384985,0.4883887
tx_000131,0,0.2276164,0.13048919922071323,0.11860680697857445,0.4883887
tx_000132,0,0.13823494,0.0796546940848466,0.08626264801130773,0.4883887
tx_000133,0,0.33236545,0.1411760365226113,0.1717920363107882,0.48984542
tx_000134,0,0.3558417,0.2576811038063389,0.14659859211965331,0.4883887
tx_000135,0,0.36948848,0.21605476298584125,0.1748788203061949,0.48981482
tx_000136,0,0.38356078,0.3398198471025275,0.12303969496437303,0.4883887
tx_000137,0,0.17965463,0.0,0.1361390298396335,0.48984542
tx_000138,0,0.15131181,0.027333035969392988,0.11811731035139951,0.4883887
tx_000139,0,0.40726775,0.27423546303959245,0.1945341979132858,0.4883887
tx_000140,0,0.12898557,0.02308405967095778,0.10952361115925066,0.48795754
tx_000141,1,0.58887136,0.7175258126978418,0.17964694068826068,0.4948577
tx_000142,0,0.24692835,0.20318481624972642,0.0897279064591055,0.4883887
tx_000143,0,0.22247988,0.13342893140627837,0.11597714295108544,0.4782843
tx_000144,0,0.29459423,0.19535225538045142,0.1333895992598344,0.47788796
tx_000145,0,0.20359038,0.0,0.14625367104881767,0.48065156
tx_000146,0,0.18908992,0.12538141786841137,0.09649028820104867,0.4883887
tx_000147,0,0.45936915,0.4070550760046392,0.20503189935342053,0.4883887
tx_000148,0,0.21322364,0.16611045984728004,0.08901667560094517,0.4776162
tx_000149,0,0.2463584,0.14919183417046544,0.12153035239578602,0.4883887
tx_000150,0,0.38290447,0.33806947643109536,0.12322561189816794,0.48984542
tx_000151,0,0.0914041,0.0,0.10075853816818452,0.47798544
tx_000152,0,0.34568045,0.24745864927353764,0.14613422451225558,0.47971022
tx_000153,0,0.39749092,0.28886102606800995,0.17083522426254655,0.4883887
tx_000154,0,0.18718992,0.02781116062112493,0.13246126757085158,0.4883887
tx_000155,0,0.48436272,0.4675265248795851,0.19759602069804094,0.49432364
tx_000156,0,0.36913705,0.26782218900672444,0.15048768850211452,0.49464107
tx_000157,0,0.27534422,0.1952874038719057,0.11895186488429442,0.4883887
tx_000158,0,0.16389816,0.10567543794627217,0.08931425852313991,0.4883887
tx_000159,0,0.3388447,0.22374232712326908,0.1483204249711029,0.4883887
tx_000160,1,0.5781675,0.687113974280627,0.17604311823572577,0.49423888
tx_000161,0,0.07552374,0.007999885232330445,0.08525743204852444,0.4883887
tx_000162,0,0.2724719,0.08885302263351366,0.15291047039142552,0.4883887
tx_000163,0,0.2617531,0.11849747075600821,0.13977244482338816,0.4883887
tx_000164,0,0.08671366,0.0,0.09643467372575881,0.49464107
tx_000165,0,0.36765444,0.29948782299450794,0.1350943686497419,0.4883887
tx_000166,0,0.26273632,0.12917043373492526,0.1370354141260075,0.4883887
tx_000167,0,0.3374617,0.16056791717914204,0.16967415483249013,0.4883887
tx_000168,0,0.4899971,0.49306196803140034,0.21286232965468155,0.4883887
tx_000169,0,0.35798126,0.3066220445726118,0.11638426478052726,0.5039779
tx_000170,0,0.10126728,0.010549187827011142,0.10039915237954788,0.4883887
tx_000171,1,0.6970626,0.8094884560487133,0.13433623117564264,0.49420255
tx_000172,0,0.46473122,0.4391549027739655,0.2118413866700592,0.47824198
tx_000173,0,0.43855903,0.4238562316737847,0.10952995001017449,0.4883887
tx_000174,0,0.32471675,0.14783209665767602,0.16481237225313572,0.4891049
tx_000175,0,0.17577335,0.0,0.13468629336149948,0.4902241
tx_000176,0,0.3260302,0.15149896669957091,0.16848949508300523,0.47798544
tx_000177,0,0.4598778,0.4302982418053969,0.1628414141789104,0.4883887
tx_000178,0,0.48102194,0.478481707130735,0.11560622725313474,0.4883887
tx_000179,0,0.19941984,0.11648472069399529,0.10824766434932682,0.48984542
tx_000180,0,0.23503935,0.08698414147146036,0.1365841366846629,0.48792127
tx_000181,0,0.48897985,0.4901755644888648,0.22382848031371627,0.4883887
tx_000182,0,0.13212591,0.0,0.11826320058165118,0.49000952
tx_000183,0,0.42515737,0.3196710757619049,0.1962420004925033,0.4883887
tx_000184,0,0.44119132,0.4177992922601579,0.13994305934156126,0.4780485
tx_000185,0,0.3127863,0.11036110495914672,0.16870041303955977,0.4883887
tx_000186,1,0.59669423,0.6995975859497786,0.1582961335902598,0.48838863
tx_000187,0,0.1971283,0.09142366502422254,0.11759703987918993,0.48838863
tx_000188,1,0.7429397,0.7810969451695658,0.08146463071499319,0.48927853
tx_000189,0,0.4161868,0.40039257703656783,0.08942903660508875,0.5039779
tx_000190,0,0.23828505,0.175357290104873,0.10494882707138703,0.47788796
tx_000191,0,0.3876684,0.2501087070052822,0.17950722517468493,0.4883887
tx_000192,0,0.26002717,0.10283482439250367,0.14543029973397892,0.47798544
tx_000193,0,0.09939781,0.0,0.10386086192336132,0.4883887
tx_000194,1,0.5426028,0.6288713619944581,0.19358200933294742,0.48947632
tx_000195,0,0.4474505,0.39042141157872423,0.18092101579399616,0.4883887
tx_000196,1,0.602473,0.7719818543162722,0.18083783286369268,0.48065156
tx_000197,0,0.28734806,0.2221048832675349,0.11296438696471184,0.48984542
tx_000198,0,0.30330724,0.27336338625412254,0.08477382023250274,0.4883887
tx_000199,0,0.26602644,0.16027914409145805,0.12819111091724758,0.4883887
tx_000200,0,0.23916523,0.16515589960740376,0.10978097463364286,0.4883887
tx_000201,0,0.30806464,0.2210384970828954,0.12877529995318474,0.4883887
tx_000202,0,0.3359654,0.20020939967649254,0.15511547689175265,0.4883887
tx_000203,0,0.28926075,0.23170893495560085,0.10562574627124516,0.5046758
tx_000204,0,0.4838817,0.4774944293198766,0.1821830141508819,0.4883887
tx_000205,0,0.44163144,0.4219301928829444,0.12342149583069843,0.4883887
tx_000206,0,0.39620033,0.28299070174844543,0.171617635529139,0.4897159
tx_000207,0,0.28235224,0.2461230583923463,0.08844097824285185,0.4883887
tx_000208,0,0.23791835,0.1855088517142117,0.09578539286914245,0.4883887
tx_000209,0,0.4577701,0.43130119314487664,0.15368631252976633,0.4883887
tx_000210,0,0.20772219,0.0,0.14657051534679605,0.4883887
tx_000211,0,0.3860826,0.2951766518951524,0.15907777382566057,0.48028907
tx_000212,0,0.08277483,0.0,0.09416261505366225,0.49416536
tx_000213,0,0.35836622,0.18665947697089505,0.17625327350219522,0.49022347
tx_000214,0,0.23270337,0.19273451932052846,0.08210691209431235,0.49472696
tx_000215,0,0.08992519,0.0,0.09887714630308568,0.4883887
tx_000216,0,0.34577033,0.21984595688717384,0.15433247527344746,0.48947632
tx_000217,0,0.27474546,0.0538418953295125,0.16266156571376836,0.4883887
tx_000218,0,0.3239223,0.2704483623521936,0.11303020127906208,0.489611
tx_000219,0,0.24053913,0.11012603361193343,0.1322343064994124,0.4883887
tx_000220,0,0.45566297,0.4205403110863888,0.19021109665400904,0.4781015
tx_000221,0,0.24469122,0.03688960784121728,0.15303718840387137,0.4883887
tx_000222,0,0.19751598,0.04150819441852588,0.133006952558004,0.4883887
tx_000223,0,0.34914625,0.19799164055366697,0.1652975820605876,0.4883887
tx_000224,0,0.17973474,0.10196307674454104,0.10334736322748167,0.48804748
tx_000225,0,0.42677623,0.33278540809299634,0.18591281940980747,0.48996967
tx_000226,0,0.34693024,0.32187462497317776,0.0870764078234614,0.49395183
tx_000227,0,0.077123635,0.0,0.09105218109881877,0.48984542
tx_000228,0,0.42171454,0.3620498272503508,0.15554462966492394,0.4881133
tx_000229,0,0.3273896,0.14648015821551105,0.1672309691815071,0.4883887
tx_000230,0,0.18299273,0.07974324394402697,0.1148388541059062,0.4883887
tx_000231,0,0.49384925,0.5038168536326281,0.2066561993621765,0.4883887
tx_000232,0,0.07400254,0.0,0.08882590930666236,0.49113232
tx_000233,0,0.22353597,0.14501789645842617,0.10971498745032723,0.4883887
tx_000234,0,0.21915036,0.13264317744511506,0.11285669727106769,0.4883887
tx_000235,1,0.69573665,0.7427987640755791,0.09910854227199031,0.4883887
tx_000236,0,0.22712153,0.0,0.15365748197286191,0.49000952
tx_000237,1,0.5351825,0.6112333879003174,0.19366447714164664,0.4883887
tx_000238,0,0.36021954,0.2372050978996017,0.15823489442930722,0.48985007
tx_000239,0,0.26171672,0.15665159377010765,0.12695534783936088,0.48964742
tx_000240,0,0.24948418,0.19098154941183257,0.10126472938955394,0.49381492
tx_000241,0,0.32833317,0.14879900007295738,0.1671313711416173,0.4883887
tx_000242,0,0.28558916,0.16321195036804487,0.1378343943668556,0.4883887
tx_000243,0,0.46899068,0.4661561745733252,0.08011512053406694,0.4883887
tx_000244,0,0.40253574,0.26342357382249354,0.19128590956451363,0.4903472
tx_000245,0,0.5728537,0.590424614653116,0.09845730201728202,0.49418682
tx_000246,0,0.46428534,0.42001521314627976,0.2074857325565279,0.4883887
tx_000247,0,0.46107233,0.4132280512644867,0.2015286864865054,0.4883887
tx_000248,0,0.48303735,0.47828496408777066,0.12188950930179229,0.49476662
tx_000249,1,0.8026924,0.8846587470829951,0.1048197308422456,0.48957944
tx_000250,0,0.13996467,0.01348729042885713,0.11760530303917976,0.48838863
tx_000251,0,0.25714988,0.18942307609023332,0.10924036408841067,0.48838863
tx_000252,0,0.43669543,0.38028284503945775,0.15966324968984108,0.4944871
tx_000253,0,0.15451613,0.09957736165671166,0.0855288254501961,0.4883887
tx_000254,0,0.06902806,0.0,0.08541372485466321,0.489611
tx_000255,0,0.23702873,0.056115614991243595,0.14512859794045413,0.489611
tx_000256,0,0.42965046,0.3538652188855685,0.17564344717264974,0.4883887
tx_000257,0,0.2301665,0.016271714274244647,0.15147506470871683,0.4895243
tx_000258,1,0.6148584,0.7331942750410732,0.1601848887292524,0.4948577
tx_000259,0,0.35764822,0.20582228539271247,0.16913085271567227,0.4883887
tx_000260,0,0.45303473,0.40391715866696365,0.18072637839946537,0.4883887
tx_000261,0,0.45582628,0.4077112006182963,0.18538865245158453,0.4883887
tx_000262,0,0.30620742,0.18962243718489805,0.1403916428887301,0.48795754
tx_000263,0,0.39829516,0.26927700456985937,0.18296268455788217,0.4883887
tx_000264,0,0.41670364,0.3452885046906743,0.16071089178139622,0.4883887
tx_000265,0,0.31749526,0.27455674741091673,0.10503020102004772,0.48065156
tx_000266,0,0.11670197,0.047558747159839126,0.08936208542550458,0.5016276
tx_000267,0,0.1862498,0.10161295269816902,0.10732000569533151,0.4897159
tx_000268,0,0.24381033,0.17093612666716188,0.10991232650044253,0.4883887
tx_000269,0,0.41810167,0.325014924406857,0.17630953392334475,0.4895243
tx_000270,0,0.29211593,0.2641919343212359,0.08075228844434514,0.48062292
tx_000271,1,0.5600474,0.6876751630024917,0.19135028989984998,0.47954237
tx_000272,0,0.24450995,0.07706058613653617,0.1423014602106058,0.49408317
tx_000273,0,0.10209578,0.0,0.10519860020218891,0.4883887
tx_000274,0,0.40316725,0.38706033628686787,0.09153422267880962,0.4883887
tx_000275,0,0.17815244,0.1150249714713673,0.09462999043785245,0.4883887
tx_000276,0,0.24769764,0.08246806576326386,0.1432847206330296,0.4883887
tx_000277,0,0.20794152,0.15361280464020777,0.09257592539115123,0.4883887
tx_000278,0,0.26963124,0.06366678014002705,0.15751068331441614,0.48984542
tx_000279,0,0.37625542,0.3116895690962063,0.12943627813378006,0.507837
tx_000280,0,0.28619152,0.23777933251947708,0.10108681601398843,0.48927858
tx_000281,0,0.3613542,0.19254947084884674,0.17760962263086127,0.4883887
tx_000282,0,0.5074473,0.529603179603515,0.1952526105957399,0.49403515
tx_000283,0,0.39640358,0.2515578308726659,0.1907420680713723,0.4883887
tx_000284,1,0.606828,0.6411480576242922,0.10552900703876293,0.47805408
tx_000285,0,0.16990235,0.03713556963722334,0.12304062875155022,0.48807856
tx_000286,0,0.3022359,0.13388591468445812,0.15111030034358575,0.50798196
tx_000287,0,0.08393162,0.0,0.0954432013365094,0.4883887
tx_000288,0,0.339993,0.18751737239808589,0.16232763446802173,0.4883887
tx_000289,0,0.22910476,0.1858534532806519,0.08512866549620346,0.49432364
tx_000290,0,0.40706277,0.3056392197139881,0.17346108474205618,0.4883887
tx_000291,0,0.1344518,0.04997113642291015,0.10113850814586083,0.4883887
tx_000292,0,0.4326349,0.3996186598211561,0.1362229367659936,0.4895243
tx_000293,0,0.083026595,0.0,0.09422591742272507,0.49504134
tx_000294,0,0.2772028,0.22131731996850862,0.10524807836967354,0.4883887
tx_000295,0,0.44464153,0.4318196077793407,0.10926770978405462,0.4883887
tx_000296,0,0.49344373,0.4944847076922877,0.09512309356901924,0.4883887
tx_000297,0,0.20330532,0.031423788539510084,0.1377984235416089,0.4883887
tx_000298,0,0.23033547,0.18772675808601808,0.0874558955984974,0.47819763
tx_000299,0,0.29309696,0.2591595633731495,0.08765671628391801,0.489611
tx_000300,0,0.29955676,0.23571509503411836,0.11483923785664325,0.4883887
tx_000301,0,0.27131206,0.19545616882338396,0.11612456186893766,0.4883887
tx_000302,0,0.15549177,0.10659811063020491,0.08035420336613866,0.4883887
tx_000303,0,0.37278908,0.3104492722810928,0.13135083716413132,0.49389622
tx_000304,0,0.18668713,0.0,0.1388800856374588,0.4883887
tx_000305,0,0.065758094,0.0,0.08412748434647435,0.4781015
tx_000306,0,0.36188298,0.21090943862929526,0.17639326262754274,0.4775744
tx_000307,0,0.4823107,0.4697427577317405,0.20130639111177429,0.48950014
tx_000308,0,0.18152453,0.06909610097510172,0.11796598753935242,0.4883887
tx_000309,1,0.53804654,0.6184835980036918,0.20784062171396406,0.49436542
tx_000310,0,0.25718528,0.08872111309208484,0.1458811472608056,0.4883887
tx_000311,0,0.31340528,0.25374236747653406,0.11516884134547509,0.4883887
tx_000312,0,0.30801377,0.1900255625272947,0.1412196601332562,0.48838863
tx_000313,0,0.39516008,0.2496237827245254,0.1889224957284898,0.4895243
tx_000314,0,0.26426467,0.1687982182661426,0.12384729358872887,0.48838863
tx_000315,0,0.15671042,0.07719188731315207,0.1011683008034092,0.489611
tx_000316,0,0.1551786,0.10302628656439093,0.08328101614315703,0.4883887
tx_000317,0,0.3118322,0.1849429788732531,0.14388304829578763,0.49413094
tx_000318,0,0.19165307,0.13106539277217027,0.0926232748627733,0.50405735
tx_000319,0,0.38227326,0.29105762844239136,0.15866578375469917,0.4775744
tx_000320,0,0.33763075,0.3147290107843972,0.08191724881008869,0.4883887
tx_000321,0,0.28981727,0.21386766662315332,0.11940623774372267,0.48958784
tx_000322,0,0.20515269,0.0,0.14477624751941998,0.49389622
tx_000323,1,0.8925525,1.0,0.10543061109683907,0.4883887
tx_000324,0,0.39769968,0.3129617458530792,0.1574622208272576,0.4883887
tx_000325,0,0.29369003,0.13189686031707826,0.15182801735284496,0.4883887
tx_000326,0,0.4163571,0.3319578920387666,0.1685868784562604,0.4897159
tx_000327,0,0.28744414,0.15009237019913887,0.142788653648727,0.48984542
tx_000328,1,0.6369415,0.7256282853891816,0.13779849971692368,0.48984542
tx_000329,0,0.25164616,0.030654392672643277,0.15741381841422308,0.4883887
tx_000330,0,0.3252321,0.19304320315119677,0.15353427359021843,0.47863534
tx_000331,0,0.2324261,0.17470235209655768,0.09848476137352101,0.4906871
tx_000332,0,0.44494307,0.39478054479153357,0.16780077945452593,0.48914164
tx_000333,1,0.75889057,0.8003857515199052,0.08258999821304594,0.4897159
tx_000334,0,0.2858221,0.2148708403205906,0.11621557783936357,0.4883887
tx_000335,0,0.3580982,0.3237517639406192,0.10509635257511216,0.4883887
tx_000336,0,0.31280944,0.11650906734357093,0.17037763338507522,0.47832394
tx_000337,0,0.23033082,0.18068741840731256,0.09228175128219408,0.4883887
tx_000338,0,0.27092668,0.22198977210603343,0.09876134440025913,0.4883887
tx_000339,0,0.32383192,0.18786547696194217,0.1540852748942154,0.47980252
tx_000340,0,0.45983797,0.4262517093862268,0.16989225403472497,0.4883887
tx_000341,0,0.29045525,0.20428879952915158,0.12680453373735537,0.4781015
tx_000342,0,0.39015102,0.2825732582858253,0.16578179038854698,0.4883887
tx_000343,0,0.28335926,0.11322541337843671,0.15125165893670836,0.49065128
tx_000344,0,0.36904103,0.28255849131359845,0.1456381957333413,0.4883887
tx_000345,0,0.40156636,0.3159946854931394,0.16015717742304386,0.4883887
tx_000346,0,0.31286833,0.21935985751689027,0.13273515153697713,0.4883887
tx_000347,0,0.1454645,0.0,0.12353304697749093,0.4897159
tx_000348,1,0.57618964,0.720907005760364,0.19503133985038384,0.4883887
tx_000349,0,0.1823811,0.10388658114368465,0.10401358284930551,0.4883887
tx_000350,0,0.40011796,0.24927421668894845,0.19219713383175568,0.49439093
tx_000351,0,0.46093586,0.4533976555059668,0.10670648059037673,0.4883887
tx_000352,0,0.36020458,0.2621218925097971,0.14805579593981238,0.4883887
tx_000353,0,0.314789,0.24188043076025678,0.1251582201197734,0.48033512
tx_000354,0,0.17852034,0.1197113692447218,0.09316177437425648,0.47788832
tx_000355,0,0.104976974,0.026599791846613624,0.09482092137461391,0.4883887
tx_000356,0,0.1819769,0.0,0.13717392709763104,0.4883887
tx_000357,0,0.07570658,0.0,0.09026558002312932,0.4883887
tx_000358,0,0.39271075,0.2746536759688507,0.17207834432873986,0.48950014
tx_000359,0,0.28621858,0.11926292497619191,0.1511185756853507,0.4902241
tx_000360,1,0.51609147,0.5295358563742196,0.19422324590491807,0.50786704
tx_000361,0,0.20162116,0.15129455014823132,0.08741344629650205,0.49466404
tx_000362,0,0.29284593,0.10253866261343328,0.16235559897278853,0.4779631
tx_000363,0,0.49972048,0.5073591323123419,0.14250204385201742,0.4883887
tx_000364,0,0.15245631,0.0,0.12634045757634604,0.4883887
tx_000365,0,0.10017747,0.011235136311946586,0.09948780573056573,0.4883887
tx_000366,0,0.42598307,0.30385390762444753,0.1928950032964142,0.5017409
tx_000367,0,0.30645064,0.16445989388267143,0.14866489540446104,0.4895243
tx_000368,0,0.36326134,0.273458380470096,0.14521640441622619,0.4883887
tx_000369,0,0.31918082,0.12306836746253284,0.1690161082097011,0.4883887
tx_000370,0,0.39854512,0.2595949432046215,0.18916180044850878,0.4883887
tx_000371,0,0.46155387,0.41177969643995843,0.20884701242967674,0.4883887
tx_000372,0,0.4378953,0.35185639282099,0.19919187420938822,0.48804748
tx_000373,0,0.389172,0.2934718627875124,0.158605272603387,0.48927858
tx_000374,0,0.25609574,0.1339744724801344,0.13187066822558782,0.49029166
tx_000375,0,0.29924282,0.2240123383325029,0.12082230498894378,0.4900631
tx_000376,1,0.75595605,0.8349899182668526,0.10951818009211237,0.48801962
tx_000377,0,0.3940961,0.28234039395564636,0.1703373731804637,0.48838863
tx_000378,0,0.25665045,0.16287577502933337,0.12183984349815871,0.4883887
tx_000379,1,0.52216667,0.5369765393809328,0.12498221708989607,0.4883887
tx_000380,0,0.4034498,0.3048025869101483,0.16814802289601471,0.48984542
tx_000381,0,0.40532544,0.38152426964387676,0.10752355714108433,0.4902241
tx_000382,0,0.44027007,0.36036641406965597,0.19577354202488617,0.4883887
tx_000383,0,0.27756384,0.2344966229823342,0.09447435291314903,0.49000952
tx_000384,0,0.24558645,0.17184594693638938,0.11069725375150266,0.48815262
tx_000385,0,0.43650872,0.3496742098292311,0.19406409843855132,0.4897159
tx_000386,0,0.4193823,0.31954886644935765,0.18373902230050698,0.4883887
tx_000387,0,0.3604531,0.1988095119906355,0.17428783466560116,0.4883887
tx_000388,0,0.2777003,0.1638262753724533,0.1330393982618527,0.48984542
tx_000389,0,0.22118157,0.14366991523586886,0.10886316642403297,0.4883887
tx_000390,0,0.30479205,0.1779670823699909,0.1435542407961047,0.4883887
tx_000391,0,0.3513823,0.27502098499749394,0.13417465997025785,0.4897159
tx_000392,0,0.33450535,0.24817164944014883,0.13483550836611122,0.4883887
tx_000393,0,0.20472676,0.1466454420768343,0.0948888087179856,0.4883887
tx_000394,0,0.22674106,0.1801217174065277,0.0890123156380849,0.4883887
tx_000395,0,0.09405732,0.0,0.10111075189306654,0.4883887
tx_000396,0,0.3761843,0.3302030627229815,0.12031898653883123,0.49432948
tx_000397,0,0.09606846,0.0,0.1021633322462038,0.4883887
tx_000398,0,0.12587437,0.0654858653881274,0.08530380778334164,0.49472696
tx_000399,1,0.47255293,0.4626483687729245,0.21977970374029737,0.47754776
tx_000400,1,0.62597907,0.6874619642046268,0.12304072919029307,0.47863534
tx_000401,0,0.34945348,0.3026811187998206,0.11435645447745135,0.4895243
tx_000402,0,0.30802873,0.23728348304075403,0.11785745505810527,0.50166136
tx_000403,0,0.2943889,0.1879236584611606,0.13365927023150173,0.48972002
tx_000404,0,0.3596762,0.2871772548577447,0.13306914927351762,0.49464107
tx_000405,0,0.24139202,0.152733008372669,0.11716870146455591,0.4883887
tx_000406,0,0.33679008,0.17918289503649706,0.16295190443245725,0.4883887
tx_000407,0,0.38059825,0.3644733606513049,0.08120819756414512,0.4883887
tx_000408,0,0.06322092,0.0,0.08085766449289716,0.4890412
tx_000409,0,0.31627837,0.2840546404903651,0.09113425463261612,0.4883887
tx_000410,0,0.2939093,0.15700932422160363,0.14437158911052167,0.4883887
tx_000411,0,0.2680965,0.07738852804981225,0.15375403581770006,0.4883887
tx_000412,0,0.2425584,0.08348542286319842,0.14076077793783412,0.4883887
tx_000413,0,0.45486712,0.3936633615416727,0.2066872611335322,0.4883887
tx_000414,0,0.38148525,0.35542578831791305,0.10198226437193966,0.4883887
tx_000415,0,0.18228692,0.08748140310980415,0.11128026635118425,0.4895243
tx_000416,0,0.4620529,0.45724210437527646,0.09008394980312749,0.4883887
tx_000417,0,0.30363762,0.13823977372934182,0.15832905725887098,0.47760427
tx_000418,0,0.25401807,0.08655625576918755,0.14502239472933892,0.4883887
tx_000419,0,0.08826019,0.0,0.097947765498435,0.4883887
tx_000420,0,0.23104587,0.08645590546848325,0.1348954472290498,0.4883887
tx_000421,0,0.26456037,0.041532043102883165,0.1607208483548555,0.4883887
tx_000422,0,0.19259863,0.0624061219020251,0.1242909104989039,0.49481136
tx_000423,0,0.37741628,0.23588449644998277,0.17423638745958003,0.4895243
tx_000424,0,0.32267725,0.23651685300661945,0.13175425256669457,0.4883887
tx_000425,0,0.20772687,0.08104913854676088,0.1261246150901671,0.4883887
tx_000426,0,0.3551464,0.2904890454073467,0.12899324714997834,0.4883887
tx_000427,0,0.29258853,0.26375575543045715,0.08010978702819792,0.48992732
tx_000428,0,0.16871494,0.0,0.1316566081615661,0.49399155
tx_000429,1,0.6926154,0.8865363666676652,0.15963963188104008,0.49386168
tx_000430,0,0.24124825,0.07339398642312853,0.1425754466971177,0.4898298
tx_000431,0,0.20346214,0.0,0.1449960305139842,0.4883887
tx_000432,0,0.31995428,0.17152684047944927,0.15460276776091322,0.4883887
tx_000433,0,0.37776333,0.250916671816384,0.16839170951740734,0.4883887
tx_000434,0,0.06712166,0.0,0.08408757908903332,0.4883887
tx_000435,0,0.32235485,0.2907894283403624,0.09178304729433076,0.4883887
tx_000436,0,0.33001998,0.2361271839191344,0.13233183590610126,0.50803167
tx_000437,0,0.2646193,0.19380952867075527,0.11226232441364775,0.4883887
tx_000438,1,0.7822478,1.0,0.14969751235091455,0.50781006
tx_000439,0,0.120230176,0.0,0.11349023950430201,0.48838863
tx_000440,0,0.5181672,0.5247606440369719,0.0981020519931943,0.48838863
tx_000441,0,0.22032535,0.0,0.15131766863516466,0.4883887
tx_000442,1,0.5397911,0.5491176073457626,0.09525916785490907,0.49464715
tx_000443,0,0.4333632,0.4054421306284455,0.13077578241378446,0.4883887
tx_000444,0,0.39281225,0.37773335437461353,0.08364212159149736,0.4883887
tx_000445,0,0.21036169,0.029989214010205573,0.14087017913147107,0.4883887
tx_000446,0,0.35030693,0.2595953278801222,0.14140197875256397,0.4883887
tx_000447,0,0.29548955,0.1631427709388486,0.139168944543563,0.5079007
tx_000448,1,0.43530998,0.42692696655276285,0.08369027294541896,0.4883887
tx_000449,1,0.55410707,0.5981430408700668,0.1432915545421854,0.48996967
tx_000450,0,0.12434477,0.017637284096634537,0.11039785753274028,0.47805408
tx_000451,0,0.33343604,0.1507720818008656,0.1651415009436672,0.5021815
tx_000452,0,0.42819646,0.34120350861589077,0.18366077424816407,0.4883887
tx_000453,0,0.21082243,0.14235257945250218,0.10226650761034778,0.4897159
tx_000454,0,0.17998542,0.11199854412809226,0.097923441036674,0.4883887
tx_000455,0,0.41232008,0.32920136672887335,0.16461516005281512,0.48984542
tx_000456,0,0.39215234,0.3168860663839815,0.15427668263100736,0.47814706
tx_000457,0,0.37209824,0.34251620475960576,0.1036820776503597,0.4883887
tx_000458,0,0.2458874,0.08597956847342533,0.1405595234934921,0.49418682
tx_000459,0,0.32772422,0.1677310140368499,0.1588765603076196,0.49418682
tx_000460,1,0.67533064,0.8705748744010396,0.16503452430997545,0.4946125
tx_000461,0,0.2826824,0.09619971392296964,0.1557638270005367,0.48927858
tx_000462,0,0.16305745,0.1126242230792661,0.08284501162460159,0.4883887
tx_000463,0,0.38147697,0.2222142892246084,0.1860378669666795,0.4883887
tx_000464,0,0.35302475,0.29287892737761545,0.12866876262127358,0.47798544
tx_000465,1,0.5716391,0.694642885451308,0.18538278238161865,0.4883887
tx_000466,0,0.15121531,0.0,0.12509358531941306,0.49512947
tx_000467,0,0.21652065,0.0,0.1498680097756887,0.4883887
tx_000468,0,0.2309267,0.07214231959828948,0.13874139352651133,0.4883887
tx_000469,0,0.27207723,0.16771867332712923,0.12876178088821216,0.4883887
tx_000470,0,0.4059648,0.39038862441670485,0.09694696367843852,0.47833037
tx_000471,0,0.21422228,0.12401723814630723,0.11378055205090257,0.4883887
tx_000472,0,0.22925642,0.08080467577572015,0.13543489383823826,0.49000952
tx_000473,0,0.2151929,0.07590500793829395,0.13217647239760436,0.48028907
tx_000474,1,0.8591323,0.9279866717192922,0.09079036945055732,0.4883887
tx_000475,0,0.31712508,0.25869213514494205,0.1151943975521666,0.4883887
tx_000476,0,0.2589547,0.20641939688560657,0.09707899092717874,0.50224423
tx_000477,1,0.6111266,0.7811158503193879,0.18050149244504893,0.4883887
tx_000478,0,0.36629587,0.23676683098996812,0.1688279980836743,0.4784155
tx_000479,0,0.39340127,0.25504304446241477,0.18426346124438003,0.4883887
tx_000480,1,0.42938048,0.3747001112129936,0.1671625739340063,0.4781015
tx_000481,0,0.34004122,0.27656403913730315,0.12686979132797682,0.4780485
tx_000482,0,0.24038076,0.1963876985414685,0.08776524472729665,0.49448898
tx_000483,0,0.42450976,0.3728169595120199,0.15059956232074856,0.4883887
tx_000484,0,0.1275827,0.0,0.11658518124346573,0.4883887
tx_000485,0,0.23349036,0.11823708996485635,0.12406781297552398,0.50255036
tx_000486,0,0.47162116,0.44868356358341466,0.18165872308852632,0.48792127
tx_000487,0,0.25165582,0.04861732884306366,0.1530473887843828,0.4897159
tx_000488,0,0.32341278,0.2963395211825451,0.08540821551029638,0.4883887
tx_000489,0,0.36531103,0.25709645042903795,0.1544948302952445,0.4883887
tx_000490,0,0.34227553,0.30875709718076005,0.09953938850955968,0.4883887
tx_000491,0,0.122277744,0.04060367597626416,0.09726313986028717,0.49880973
tx_000492,0,0.3756473,0.24306961116004827,0.16703712312472666,0.49403748
tx_000493,0,0.27715343,0.08524228056635542,0.15608007793740303,0.4883887
tx_000494,0,0.30412698,0.23998488074445823,0.11597515920904802,0.4883887
tx_000495,0,0.4932218,0.502976508888338,0.22335937176589277,0.4883887
tx_000496,0,0.2694391,0.13230451573659507,0.1393876392206932,0.4883887
tx_000497,0,0.3555041,0.19260722107495548,0.16994477413113573,0.49385527
tx_000498,1,0.49905378,0.5044917194377091,0.17643992159442154,0.4948896
tx_000499,0,0.20316099,0.09988997506772704,0.11733873300618791,0.489611
tx_000500,0,0.38714665,0.32558624152809534,0.13768751420267777,0.4895243
tx_000501,0,0.32389817,0.29047234263983635,0.09457410023325746,0.48838863
tx_000502,0,0.22995777,0.1816698096893939,0.09078262336390255,0.49000952
tx_000503,0,0.35575348,0.25800041775216,0.14462387119551626,0.4938184
tx_000504,0,0.38545904,0.33892661095724397,0.12528771143414347,0.49076828
tx_000505,0,0.25415915,0.19772188510819863,0.10151659870292863,0.4883887
tx_000506,0,0.29385263,0.22477562444055277,0.11863077799454838,0.47920012
tx_000507,0,0.23297836,0.17029300203445397,0.10225423708606325,0.4883887
tx_000508,0,0.33588633,0.30553593308126314,0.09615912875174465,0.47962365
tx_000509,0,0.1950469,0.13232843937214253,0.09814031674934186,0.47804084
tx_000510,0,0.33202267,0.2755241429286438,0.11742519825486022,0.4883887
tx_000511,0,0.3076661,0.1988564155310107,0.13732212315483644,0.4902241
tx_000512,0,0.3805946,0.2903306809173148,0.1521850684939128,0.4883887
tx_000513,0,0.30987945,0.16023271485477408,0.14748042342650636,0.50798196
tx_000514,0,0.33262825,0.30588741028472033,0.08586896990478425,0.49389622
tx_000515,0,0.21354762,0.14956230822316716,0.10013485710375135,0.4883887
tx_000516,0,0.39046663,0.29090992238755176,0.16710624774744448,0.47926116
tx_000517,0,0.4202478,0.39218920143365227,0.12151580079476708,0.49016446
tx_000518,0,0.20854798,0.16704432535162303,0.08089582235575168,0.48786372
tx_000519,0,0.20663221,0.005929582611029077,0.14488823250839006,0.4883887
tx_000520,0,0.33810344,0.2676367289978244,0.1276305903441542,0.4883887
tx_000521,0,0.27249017,0.16851346685845672,0.12853790853914152,0.48922774
tx_000522,0,0.16073725,0.1046265718089509,0.08645584556835396,0.49466404
tx_000523,0,0.24212101,0.2018520648975911,0.08524856015592923,0.4883887
tx_000524,0,0.3711033,0.3193185266436309,0.12481523977837791,0.4897159
tx_000525,0,0.20458478,0.051663046580766536,0.13319401279242166,0.4883887
tx_000526,0,0.36021054,0.3149854381435578,0.11649987870876244,0.4883887
tx_000527,0,0.28940457,0.200341339555307,0.12469371902717591,0.49403515
tx_000528,0,0.4445423,0.4303635523936362,0.11310677770055641,0.4883887
tx_000529,1,0.60502523,0.6358469704545432,0.10264643147782362,0.48066965
tx_000530,0,0.28025612,0.11529137462641037,0.15208606286949944,0.47767633
tx_000531,0,0.46520913,0.42888573647179,0.1903105080838065,0.4883887
tx_000532,0,0.11588575,0.0,0.11021818520524587,0.5017884
tx_000533,0,0.36675823,0.28814548316929833,0.14071104855545474,0.4883887
tx_000534,0,0.4254761,0.3266514996542359,0.19052428470052324,0.4883887
tx_000535,0,0.3385204,0.3015923078852241,0.10241243526753387,0.4883887
tx_000536,0,0.46485537,0.4396362141006188,0.20922628683169742,0.4784155
tx_000537,0,0.2171015,0.09552825032158417,0.12566542350208174,0.489611
tx_000538,1,0.6361385,0.6799810179284069,0.1141962732145211,0.50430036
tx_000539,0,0.17004758,0.08698445858664322,0.10233420581691488,0.50781006
tx_000540,0,0.4405313,0.3659707965862756,0.18979958101703093,0.4883887
tx_000541,0,0.35105947,0.32832374001907894,0.08579939584844501,0.4883887
tx_000542,0,0.3183872,0.290963090265308,0.08464339461764098,0.4883887
tx_000543,0,0.19631952,0.0,0.1423795301603978,0.4883887
tx_000544,0,0.36871618,0.20450466072261692,0.17983850741002064,0.4883887
tx_000545,0,0.3755092,0.19716855279122122,0.1804593142386311,0.50435275
tx_000546,0,0.4016077,0.3341295856905995,0.1459941747412969,0.4939787
tx_000547,0,0.54862666,0.5839576819913199,0.137579164760616,0.4897159
tx_000548,0,0.28880668,0.15811100099213404,0.14126631902801115,0.4883887
tx_000549,0,0.38965583,0.3532919608348102,0.11605808817205254,0.49389622
tx_000550,0,0.46078348,0.44045551837611596,0.1692862186643569,0.47824198
tx_000551,0,0.4536567,0.4311117636666369,0.140893255940661,0.4883887
tx_000552,0,0.26046678,0.05487414976796942,0.15573081001409844,0.4883887
tx_000553,0,0.2522135,0.12324556692412293,0.1337350943691005,0.4883887
tx_000554,1,0.567413,0.6525768690500987,0.1697614192258256,0.4948577
tx_000555,1,0.6139739,0.685946990046779,0.13278252019794198,0.4790349
tx_000556,0,0.24790387,0.15476540101756034,0.11989292088775122,0.48984542
tx_000557,0,0.28569323,0.23579402025526539,0.10130408157089754,0.49388844
tx_000558,0,0.38954988,0.24871545377553506,0.1825858017881676,0.4883887
tx_000559,0,0.39242506,0.3114679373403033,0.1525333677352113,0.4883887
tx_000560,0,0.33929995,0.20402011932627853,0.15911309249031869,0.47939372
tx_000561,0,0.296338,0.13388522800362024,0.15265912185837707,0.4883887
tx_000562,0,0.41127,0.3845823380459915,0.11501795763089553,0.48984542
tx_000563,0,0.41329518,0.38494116077104956,0.11913879682081358,0.4883887
tx_000564,0,0.2204026,0.15802896953052054,0.09996766266117214,0.4894335
tx_000565,0,0.39688,0.2537776554796988,0.19012812245993205,0.48838863
tx_000566,0,0.31078765,0.27874088463119334,0.08955682086402668,0.48838863
tx_000567,0,0.3938437,0.25940292088961336,0.1824327198246204,0.4883887
tx_000568,0,0.11932106,0.06416543622458135,0.0811621686047415,0.4883887
tx_000569,0,0.30285472,0.19296157288430982,0.13706315927782226,0.4883887
tx_000570,0,0.4512598,0.38496909379377187,0.19934901891518164,0.48984542
tx_000571,0,0.38580325,0.2908296852979035,0.15700540307361466,0.4883887
tx_000572,0,0.10368588,0.0,0.10708536010910215,0.47767633
tx_000573,0,0.16956405,0.1182447461098287,0.08583081226613046,0.47932565
tx_000574,0,0.07461042,0.0,0.08952644204255218,0.4883887
tx_000575,0,0.37820214,0.29469129790486087,0.14704254877004574,0.48984542
tx_000576,0,0.27792126,0.2378025866430045,0.09189467971551205,0.4883887
tx_000577,0,0.11864739,0.0,0.11280688916525092,0.4883887
tx_000578,0,0.35155624,0.3295037196724493,0.0846010454214331,0.4883887
tx_000579,0,0.1608055,0.024434809316228406,0.12392381861200856,0.48033512
tx_000580,0,0.29454806,0.1800788112365716,0.13693919604516244,0.4883887
tx_000581,0,0.44675213,0.3867824506205403,0.18339927128907962,0.4883887
tx_000582,1,0.5537935,0.6569423106312062,0.19087949925814485,0.4883887
tx_000583,0,0.44464737,0.40501517046221525,0.1504193390650218,0.49381492
tx_000584,0,0.5163384,0.5250650066793421,0.1212714742161417,0.4944568
tx_000585,0,0.3181987,0.23838099715558003,0.12763948381712925,0.4883887
tx_000586,0,0.3731376,0.24100325520663557,0.1683845326081651,0.4883887
tx_000587,0,0.3675442,0.19410663846346007,0.18222732682202522,0.48985007
tx_000588,0,0.2120096,0.05939005618250692,0.13418960002370472,0.4883887
tx_000589,0,0.40568078,0.29513566609328273,0.17715431788514086,0.4894335
tx_000590,0,0.42873955,0.3427460872794422,0.18347026909282485,0.4883887
tx_000591,0,0.26018372,0.1838120617264687,0.1144429988575531,0.4883887
tx_000592,0,0.41756606,0.40435718832966916,0.090970401258052,0.4883887
tx_000593,0,0.23787844,0.12415359010022788,0.12635285624865225,0.4883887
tx_000594,0,0.4863016,0.4823170508622145,0.21316325608451925,0.4883887
tx_000595,1,0.58566916,0.5999403697777617,0.08088887782845222,0.489611
tx_000596,0,0.26429322,0.22796965912856604,0.08485727858593518,0.4883887
tx_000597,0,0.21712825,0.06020039350550055,0.13590194708365508,0.48964742
tx_000598,0,0.33213398,0.19735957916464017,0.15357950143347426,0.4883887
tx_000599,0,0.4292683,0.32419772554821386,0.20065445512354987,0.4897159
tx_000600,0,0.087441884,0.005113450771314837,0.09500595592518962,0.4883887
tx_000601,0,0.36492002,0.3016347683804139,0.13117986305289597,0.4883887
tx_000602,0,0.49664137,0.49932354462113626,0.11330348595229917,0.4883887
tx_000603,0,0.36391956,0.24251601002524387,0.15962318043256737,0.4883887
tx_000604,0,0.13932067,0.0,0.12130184266919716,0.4883887
tx_000605,0,0.4355408,0.3755324401860315,0.16624603816223116,0.48988515
tx_000606,0,0.5474397,0.5637002283389784,0.10681779991018432,0.4883887
tx_000607,0,0.38050488,0.21802965216007825,0.18262534984356055,0.49447125
tx_000608,0,0.2986492,0.2560601581389262,0.09865730193887312,0.4883887
tx_000609,0,0.4139377,0.39040755930335613,0.10915250657841155,0.4944568
tx_000610,0,0.44881004,0.3959044765385863,0.20527668431612212,0.4781015
tx_000611,0,0.34139976,0.2765788792251652,0.12520993162499292,0.4883887
tx_000612,1,0.4748392,0.46962126188538067,0.11644885001733254,0.48964742
tx_000613,0,0.27635407,0.2194798371865783,0.10524726863672025,0.49128076
tx_000614,0,0.08088258,0.0,0.09359371157172677,0.4883887
tx_000615,0,0.34153232,0.2819791172901103,0.12157155529188032,0.4897159
tx_000616,0,0.45213246,0.3851317676499356,0.19168742874956113,0.49423888
tx_000617,0,0.41033593,0.3792464759749503,0.12141721827879182,0.48800075
tx_000618,0,0.2910452,0.1469047604692385,0.14191352946222674,0.507837
tx_000619,0,0.35557082,0.31446361373922244,0.11109136590169554,0.4894335
tx_000620,0,0.08412635,0.0,0.09499331668032218,0.49395427
tx_000621,0,0.28535396,0.22584213933834313,0.10810607167665182,0.494508
tx_000622,0,0.15272585,0.048378062826029605,0.11144839340346135,0.4894335
tx_000623,0,0.13245179,0.036161814753149585,0.10611897260139773,0.4883887
tx_000624,1,0.6531776,0.8039255986678387,0.15628893005382602,0.48795754
tx_000625,0,0.40014493,0.28798168573358834,0.1746718550362962,0.4883887
tx_000626,0,0.31148612,0.27006100448748344,0.10277103371344841,0.4781015
tx_000627,0,0.41899636,0.38902368717146785,0.12386208309721103,0.48933595
tx_000628,0,0.41890034,0.36588726707508523,0.1480615496012432,0.4881742
tx_000629,0,0.24242225,0.05526798296375607,0.14780445387005076,0.48838863
tx_000630,0,0.2502267,0.16443205837820274,0.11730809959492275,0.4883887
tx_000631,0,0.43106985,0.36570309634802456,0.1680772028442521,0.4883887
tx_000632,0,0.36887133,0.2710482196471476,0.15081839540177494,0.48918232
tx_000633,0,0.47071505,0.44811975968441264,0.175047432215623,0.4883887
tx_000634,1,0.827531,1.0,0.1308643980480904,0.4883887
tx_000635,0,0.17409909,0.07412325648390639,0.11165913736280622,0.4949617
tx_000636,0,0.22633846,0.12849117956923145,0.12007526552802929,0.47932565
tx_000637,0,0.40473706,0.3432608352337628,0.14311609102403586,0.49464107
tx_000638,0,0.31271207,0.2868568266540159,0.08053254771953898,0.48807856
tx_000639,0,0.18812984,0.1402274214481076,0.08414524715311247,0.4883887
tx_000640,0,0.29684868,0.20965835752339773,0.12645996669928383,0.4883887
tx_000641,0,0.4626381,0.42052360206633677,0.19426977514100613,0.4883887
tx_000642,0,0.12281519,0.0,0.1145926771484366,0.4883887
tx_000643,0,0.4451481,0.3955150667000979,0.16629455011998617,0.4900576
tx_000644,0,0.40898347,0.31274327602041796,0.17168906881353446,0.4883887
tx_000645,0,0.48546278,0.48414561458643396,0.1260211214909007,0.4883887
tx_000646,0,0.17207557,0.11690398359044551,0.08629304846099149,0.5016276
tx_000647,0,0.18579355,0.017854557066415977,0.13439435830807275,0.4883887
tx_000648,0,0.5592024,0.5832456216333272,0.11640095690846755,0.490885
tx_000649,0,0.1864284,0.10901657811910409,0.10399075592920948,0.4883887
tx_000650,0,0.27501968,0.06909253794541406,0.15908601254949226,0.4883887
tx_000651,0,0.37642413,0.25331561731423824,0.16600790707769436,0.4883887
tx_000652,0,0.50113,0.5121054310037235,0.1272960453002555,0.47752386
tx_000653,0,0.29765704,0.11772349112353764,0.16005127434499022,0.48059726
tx_000654,0,0.2763456,0.19278636523430567,0.12080441947937863,0.4883887
tx_000655,0,0.38733983,0.36010361112582256,0.1053455866359546,0.49000952
tx_000656,0,0.51433307,0.5346932605185053,0.19353340710356676,0.5017884
tx_000657,0,0.44637582,0.43732442211842226,0.09567637332664994,0.4897478
tx_000658,0,0.17157896,0.06783436412728064,0.11473477346254393,0.47926116
tx_000659,0,0.10532385,0.0,0.10675857867128064,0.4883887
tx_000660,0,0.20175545,0.04640433042055925,0.1334306439928145,0.4883887
tx_000661,0,0.15111585,0.0,0.12583525848447913,0.4883887
tx_000662,1,0.6475488,0.7014216308698328,0.1164675117424386,0.49473402
tx_000663,0,0.16772228,0.02483493042089374,0.12691091299667667,0.47805408
tx_000664,0,0.3429179,0.31516332722627005,0.09193332051895049,0.4883887
tx_000665,1,0.6488236,0.8041974636151197,0.15926086991376637,0.4883887
tx_000666,0,0.29673195,0.24649976300426021,0.10450418237851937,0.49015382
tx_000667,0,0.40943438,0.3773465714196983,0.12200869275229301,0.4883887
tx_000668,0,0.07410289,0.0,0.0891797821138133,0.4883887
tx_000669,0,0.31644624,0.28844203451011835,0.08507166730721066,0.4883887
tx_000670,0,0.31712544,0.21720893534933639,0.13643871140559932,0.4883887
tx_000671,0,0.45429015,0.42014328542819285,0.15942810714986114,0.4894335
tx_000672,0,0.28001338,0.1419275783812869,0.14060403334701993,0.49420255
tx_000673,0,0.0739811,0.0,0.08909615833289389,0.4883887
tx_000674,0,0.47337046,0.46874032849949726,0.11124572651778428,0.4883887
tx_000675,1,0.7224152,0.7762855921702624,0.09962022549913566,0.488053
tx_000676,1,0.64637005,0.6702474999980601,0.08168327789999656,0.4883887
tx_000677,0,0.392992,0.35465000864210294,0.1215748065765343,0.4883887
tx_000678,1,0.64313304,0.7056752621704437,0.12211137277562314,0.48964742
tx_000679,0,0.44263017,0.3990551808094226,0.1444981193730936,0.50435275
tx_000680,0,0.26632214,0.16085119610873466,0.12814006126316435,0.4883887
tx_000681,0,0.16879672,0.0,0.13238610116947364,0.4883887
tx_000682,0,0.28684497,0.07504990752657248,0.16352766179290928,0.4883887
tx_000683,0,0.46061492,0.4057932658569677,0.1948056859017959,0.49395183
tx_000684,1,0.61157537,0.7053921100050151,0.14784499517764899,0.4883887
tx_000685,0,0.37194148,0.29404583443405485,0.14168963933701928,0.4897159
tx_000686,0,0.3921209,0.35993336308166113,0.1188322734396079,0.47804084
tx_000687,0,0.09158423,0.0,0.09978596337930855,0.4883887
tx_000688,0,0.18127272,0.09506171422284174,0.1089822338087187,0.47756767
tx_000689,1,0.65712273,0.8584389107001902,0.16758991746444887,0.4790872
tx_000690,0,0.25244206,0.21683741666733575,0.08138847465606207,0.4895243
tx_000691,0,0.28311905,0.23097233578625362,0.10001316156975526,0.50778574
tx_000692,0,0.37127048,0.22999691718097948,0.17139839196010492,0.48838863
tx_000693,0,0.41199404,0.28512292045643195,0.19285744080453476,0.4907248
tx_000694,0,0.32977116,0.26537119633739503,0.12043108147573746,0.49476662
tx_000695,0,0.32219267,0.14046602469598918,0.1652932455773234,0.489611
tx_000696,1,0.78081566,0.8323392129832021,0.08694346518653036,0.47756767
tx_000697,0,0.2095022,0.11744935791150066,0.11390545146611544,0.4883887
tx_000698,1,0.5923313,0.6151900879123774,0.09443541815751515,0.4794659
tx_000699,1,0.5628975,0.6387507645507668,0.16304097969502296,0.4900576
tx_000700,0,0.32891083,0.1341499163240245,0.1721544688964523,0.4883887
tx_000701,0,0.4265408,0.36741183208631417,0.15860825292276454,0.4883887
tx_000702,0,0.30198312,0.23610687439574135,0.11523569093272887,0.4948577
tx_000703,0,0.279088,0.17128328110370222,0.13137592038168672,0.4883887
tx_000704,0,0.41205576,0.3245748881790853,0.16836193622884546,0.4883887
tx_000705,0,0.356993,0.24059679996753344,0.15485455252889052,0.4883887
tx_000706,0,0.08119606,0.0,0.09383532352083265,0.48792127
tx_000707,0,0.1941571,0.0,0.1416542008961512,0.48795754
tx_000708,0,0.28872827,0.1057318651856889,0.1565103906274709,0.4883887
tx_000709,0,0.43409112,0.4239503239991287,0.08607756615743767,0.4949605
tx_000710,0,0.071490735,0.0,0.08669821928466692,0.4946125
tx_000711,1,0.6803585,0.7150069717867621,0.09411003747266634,0.50793874
tx_000712,0,0.37660587,0.3482115081478782,0.10362466246928466,0.4883887
tx_000713,0,0.19589931,0.1504134654285921,0.08461425872008126,0.4780485
tx_000714,0,0.25659275,0.21406180946855558,0.08927984854737367,0.4938184
tx_000715,1,0.5541515,0.5900921303483977,0.14875148383905298,0.5079007
tx_000716,0,0.11735239,0.011158270618327665,0.10833626052219256,0.4883887
tx_000717,0,0.11750961,0.0,0.11231156606358807,0.4883887
tx_000718,0,0.20997463,0.1617053435133613,0.08924997966209376,0.47939372
tx_000719,0,0.2563045,0.1806723771315206,0.11340789910406339,0.4883887
tx_000720,0,0.2916902,0.21830815499332734,0.1182514902636589,0.49051678
tx_000721,0,0.18340753,0.12024351024065434,0.09452616229752535,0.49460036
tx_000722,0,0.2166959,0.17349985660552658,0.08399013112135663,0.4883887
tx_000723,0,0.38270214,0.22521083399868203,0.18606535478834685,0.4883887
tx_000724,0,0.44366443,0.4286891526818608,0.11326915454691362,0.48978144
tx_000725,0,0.24118285,0.13851972383576652,0.12072490608237108,0.50223625
tx_000726,0,0.38256878,0.258695013882546,0.16960156264400503,0.4883887
tx_000727,0,0.4137835,0.37122262398711425,0.13551838835030308,0.4883887
tx_000728,0,0.22465017,0.0,0.15190522625907063,0.49454227
tx_000729,0,0.13896878,0.0,0.12120715145416872,0.48800075
tx_000730,0,0.2022265,0.1483481375854327,0.09283570419691671,0.47863534
tx_000731,0,0.3375555,0.2855275306972901,0.1156196927122042,0.4883887
tx_000732,0,0.44554555,0.3864764602230901,0.17784405516025933,0.48984542
tx_000733,0,0.38624707,0.30288868481591946,0.15053494757984853,0.48940128
tx_000734,0,0.4627514,0.4558746073235971,0.09729223520349056,0.49443203
tx_000735,0,0.38002244,0.3598474315270095,0.090894475455818,0.4883887
tx_000736,0,0.12845337,0.01739740500092718,0.1111188028599662,0.48984542
tx_000737,0,0.30556902,0.15685370397099446,0.15093730050693743,0.48800075
tx_000738,0,0.48539755,0.4827717210716857,0.13543698454658346,0.49000952
tx_000739,0,0.24918139,0.18467420431137016,0.10599406657074892,0.4883887
tx_000740,0,0.18252942,0.12954545111448218,0.08583860463997361,0.5022827
tx_000741,0,0.25991488,0.15866752825746933,0.12718622476483477,0.4782843
tx_000742,0,0.2881244,0.12379549859182358,0.15124126032138396,0.4883887
tx_000743,0,0.19275579,0.1478437076528037,0.08191959702619979,0.4883887
tx_000744,0,0.29003003,0.14868031187930855,0.14490479820875474,0.4883887
tx_000745,0,0.35486424,0.30870511895782343,0.11570539176876585,0.4883887
tx_000746,0,0.44410396,0.3618022227972434,0.20912399419725242,0.4883887
tx_000747,0,0.4317543,0.3754434368435744,0.16060966877927135,0.4883887
tx_000748,0,0.39362442,0.3107212800262292,0.15374753943470904,0.48940128
tx_000749,0,0.38695326,0.36413278587275844,0.09826347612108982,0.489611
tx_000750,0,0.39141974,0.25519124203074484,0.18153670210589373,0.4883887
tx_000751,0,0.37865412,0.22823457047090048,0.17976532805962253,0.4883887
tx_000752,0,0.37200028,0.22656844164587397,0.17287143524847307,0.4897159
tx_000753,0,0.09856005,0.023927047860120315,0.09207902136514928,0.48838863
tx_000754,0,0.40109104,0.3554842793013577,0.1319462187494162,0.48838863
tx_000755,0,0.34586924,0.21611087856602917,0.16001545176633183,0.47788796
tx_000756,0,0.3829012,0.31469264592168766,0.1401501903464732,0.48984542
tx_000757,0,0.4565999,0.422193348670737,0.14561651261835373,0.5041051
tx_000758,1,0.9244754,1.0,0.08794256541959082,0.49000952
tx_000759,0,0.5024712,0.5019627138542306,0.11381580145172086,0.5040153
tx_000760,0,0.42184576,0.40174910991248614,0.11044048091141792,0.4883887
tx_000761,0,0.25985485,0.15725266284076744,0.12591486790997364,0.4883887
tx_000762,0,0.25939512,0.07881820816774585,0.1494165537912151,0.4883887
tx_000763,0,0.076490834,0.0,0.09078660697159689,0.4883887
tx_000764,0,0.4820375,0.4712215242426931,0.20470191468522242,0.488053
tx_000765,0,0.22051162,0.0,0.15138907880490565,0.4883887
tx_000766,0,0.2797199,0.14450730259884914,0.14060782812974582,0.4894335
tx_000767,0,0.27434683,0.14336396936871504,0.1371896328056306,0.49481136
tx_000768,0,0.36615133,0.25168666264026385,0.15757024072863796,0.4883887
tx_000769,0,0.4539303,0.3957530055069153,0.1974778271834644,0.4883887
tx_000770,0,0.44715106,0.4002914661257947,0.1678712612258481,0.4883887
tx_000771,0,0.2971472,0.20884859427489483,0.12672066441750443,0.48984542
tx_000772,0,0.21752504,0.12764755876554293,0.11411075324555826,0.4883887
tx_000773,0,0.326791,0.21872492245939829,0.1417664118817905,0.48988748
tx_000774,0,0.11012607,0.019022521152746302,0.10149974901246665,0.4883887
tx_000775,0,0.31160998,0.1851604518798808,0.1450701993739588,0.4883887
tx_000776,0,0.370803,0.21149742957936687,0.17894278031022462,0.4883887
tx_000777,0,0.23595242,0.19295525545909495,0.08705259477615288,0.4883887
tx_000778,0,0.35623825,0.3285019863596584,0.09534192972405899,0.4902241
tx_000779,0,0.37798792,0.2241396567095122,0.18094648586184447,0.4883887
tx_000780,0,0.3133568,0.1784535384920751,0.15130785736233932,0.4775244
tx_000781,0,0.5025951,0.5039336510507356,0.08655531751444369,0.49464715
tx_000782,0,0.39672443,0.2649384820243543,0.18326124230263774,0.4883887
tx_000783,0,0.4406231,0.43318177529396723,0.08306996685317,0.4883887
tx_000784,0,0.28503016,0.23076930670311535,0.10557490762632814,0.4883887
tx_000785,0,0.19736253,0.03884084446508404,0.13363315730756065,0.4883887
tx_000786,0,0.30738664,0.13838733211596244,0.1574254293244671,0.4883887
tx_000787,0,0.34921998,0.32099382600380116,0.09406131362766706,0.48984542
tx_000788,0,0.1842567,0.08935509177973155,0.1115292098948483,0.48985007
tx_000789,0,0.41263035,0.2850300749293286,0.18939344632470262,0.49491456
tx_000790,0,0.22835174,0.16710525549575808,0.10060304286884236,0.4883887
tx_000791,0,0.38099384,0.36451288510349433,0.08238321774688945,0.4883887
tx_000792,0,0.31882894,0.15720842536136967,0.15859630752576048,0.48792127
tx_000793,1,0.47738326,0.4500592145718849,0.19074968300457512,0.49473402
tx_000794,0,0.2083824,0.14516907950235985,0.09889096121288374,0.4883887
tx_000795,0,0.18455453,0.0,0.13726641971746617,0.4946125
tx_000796,0,0.14301138,0.0,0.12273916296944248,0.4883887
tx_000797,0,0.38453573,0.34243757167727734,0.12190792491301378,0.4883887
tx_000798,0,0.3169002,0.1861020856554172,0.14791201225083064,0.4883887
tx_000799,0,0.42184395,0.3626158437751855,0.14339541978370263,0.5079007
tx_000800,0,0.10689429,0.0,0.10750265038496319,0.4883887
tx_000801,0,0.47000897,0.44358652651858904,0.15136785709330902,0.5021216
tx_000802,0,0.37550142,0.2221893317634475,0.17938064628826522,0.48795754
tx_000803,0,0.10233441,0.040492471653826995,0.08437903399065726,0.48795754
tx_000804,0,0.110644534,0.035144264045144785,0.0938849738367123,0.4883887
tx_000805,0,0.25509304,0.04905050190821081,0.15470970819433788,0.4883887
tx_000806,0,0.08499622,0.0,0.09595596145973784,0.4895243
tx_000807,0,0.3911885,0.37365041279126254,0.08974550653478966,0.48795754
tx_000808,0,0.35154563,0.19613934816844006,0.17249371844687714,0.4781015
tx_000809,0,0.1891267,0.12095925274262294,0.09907420209909126,0.4897159
tx_000810,0,0.30997038,0.17009851336366666,0.14915010773892942,0.4883887
tx_000811,0,0.46732923,0.45298411668434146,0.1403475150428259,0.4897159
tx_000812,1,0.5686637,0.6678362061625025,0.17478792772320986,0.4907808
tx_000813,0,0.3728894,0.3050219793832822,0.13685584268499607,0.48804748
tx_000814,0,0.2936001,0.14615988696519513,0.1475704535522021,0.4883887
tx_000815,0,0.24985805,0.19507716766773747,0.09862524105548194,0.49410632
tx_000816,0,0.123919845,0.06853482802906216,0.08193245791625164,0.48838863
tx_000817,0,0.26931474,0.09685952219252082,0.14933772179252258,0.48838863
tx_000818,0,0.2732963,0.14973593504526617,0.1358980086200399,0.4878904
tx_000819,0,0.31517386,0.23505698082651014,0.12709034967566768,0.4883887
tx_000820,0,0.4633115,0.45169671512171417,0.12714413704525676,0.4883887
tx_000821,0,0.1432094,0.05203595156060581,0.10338024847394413,0.50435275
tx_000822,0,0.19502982,0.13753292991638547,0.09287652158521645,0.4897159
tx_000823,0,0.44823515,0.37348346916615216,0.20936757594032784,0.4883887
tx_000824,0,0.34004152,0.16252082885676858,0.1685218732395899,0.49451336
tx_000825,0,0.07286708,0.0,0.08775055549684953,0.49389622
tx_000826,0,0.40283632,0.27001067222932795,0.18949631810738787,0.4883887
tx_000827,0,0.29721978,0.1625291947346808,0.14441063675283516,0.4883887
tx_000828,0,0.31886783,0.12358510709190251,0.1636386521712197,0.5043159
tx_000829,1,0.80616874,0.9986637682904476,0.13793676352309575,0.48795754
tx_000830,0,0.06614495,0.0,0.08332049648646386,0.4883887
tx_000831,0,0.3617228,0.2517924668820208,0.15387329108149667,0.4883887
tx_000832,0,0.36248887,0.32308554769878844,0.11183265337624415,0.4883887
tx_000833,0,0.38640022,0.31069208207976895,0.14404342383102337,0.49476662
tx_000834,0,0.4331495,0.3356173658635764,0.2024743700432614,0.4883887
tx_000835,0,0.17970274,0.0,0.135629078945344,0.49385527
tx_000836,1,0.56097615,0.6074160979218727,0.1440688165381199,0.49454227
tx_000837,0,0.1694012,0.08366803849281568,0.10566132507657275,0.49000952
tx_000838,1,0.7464179,0.839857833338193,0.117512026826911,0.4883887
tx_000839,0,0.2644272,0.14511751721464036,0.13273321237056224,0.4883887
tx_000840,0,0.32247305,0.27733831733641645,0.10633832038673637,0.4883887
tx_000841,0,0.32770088,0.17802150412585274,0.15730866199566915,0.4883887
tx_000842,0,0.12903391,0.0,0.11705926011592932,0.4895243
tx_000843,0,0.2588375,0.20262959378796713,0.10109545052933216,0.49457645
tx_000844,0,0.09723038,0.0,0.10220823286744919,0.49384987
tx_000845,0,0.128465,0.040389267235683174,0.10213623541222709,0.4883887
tx_000846,0,0.24455413,0.08130131443810967,0.14221082083357622,0.4883887
tx_000847,0,0.33802342,0.1454042247788481,0.17286248194474735,0.49395606
tx_000848,0,0.44689685,0.3964692273878682,0.1826196654846304,0.48227143
tx_000849,0,0.22864273,0.09175932256104923,0.13229639897737572,0.4883887
tx_000850,0,0.34997383,0.32331925013989365,0.09232488026336187,0.4883887
tx_000851,0,0.48754728,0.48501998092379234,0.16933868087484188,0.4897159
tx_000852,0,0.3256601,0.17610478103880375,0.15627759063753513,0.489611
tx_000853,0,0.47662628,0.4604199378570323,0.1801303108567857,0.4883887
tx_000854,0,0.36370432,0.2516525898154759,0.15503772572181368,0.4897159
tx_000855,0,0.38191077,0.3283623481346327,0.13041801919945545,0.4883887
tx_000856,0,0.26904672,0.08506763637786267,0.15226338654398108,0.4883887
tx_000857,0,0.49387532,0.49581969416506577,0.11667005430371966,0.4883887
tx_000858,1,0.6733286,0.7385822356127089,0.1168245895708707,0.48992234
tx_000859,1,0.60997176,0.6766167088889072,0.13388905049689007,0.4883887
tx_000860,0,0.31701642,0.14534456702605653,0.16074509120351024,0.4892234
tx_000861,0,0.13227387,0.0,0.11960592050547182,0.4784155
tx_000862,0,0.32194293,0.25412725188103946,0.11972388518427765,0.49887037
tx_000863,0,0.2653414,0.20549622969391731,0.10773363153404492,0.477671
tx_000864,0,0.36897993,0.24280054398897952,0.16382636305795253,0.4883887
tx_000865,0,0.1263863,0.07198304840463449,0.08271569206417262,0.47832394
tx_000866,0,0.2999683,0.22066006333869717,0.12222554159081708,0.49403206
tx_000867,0,0.37294674,0.30791126024009313,0.1344358339114589,0.49000952
tx_000868,1,0.5769651,0.6517454309321685,0.15256805391612155,0.4883887
tx_000869,0,0.4717998,0.442373108583619,0.20303298034571632,0.4883887
tx_000870,0,0.3672011,0.2830842829772976,0.14334985827410168,0.48954967
tx_000871,0,0.38711685,0.27928780315750684,0.1701840406631926,0.47833037
tx_000872,0,0.17830372,0.09607389222993687,0.10533135920901442,0.4883887
tx_000873,0,0.29578686,0.19342487213483484,0.13238919846395314,0.4895795
tx_000874,0,0.22605169,0.0,0.15082729542844647,0.5040153
tx_000875,1,0.75034136,0.7997940727894448,0.08999908738269223,0.4790872
tx_000876,0,0.20994881,0.16625455784033696,0.08028794308468898,0.50786704
tx_000877,0,0.26828855,0.22307530664798236,0.09502334567201871,0.4883887
tx_000878,0,0.18567795,0.13124899807978294,0.08940464552289844,0.4883887
tx_000879,0,0.42250487,0.32332107755711526,0.18551248200592452,0.4895243
tx_000880,0,0.1157481,0.05090694140712321,0.08798543485669966,0.48838863
tx_000881,1,0.583756,0.672389170492434,0.15402904191819503,0.4819628
tx_000882,0,0.28294024,0.12839367759417303,0.1472933434512045,0.4883887
tx_000883,0,0.23975258,0.051668598776284186,0.14754318987491438,0.4883887
tx_000884,1,0.57989997,0.6177442627784984,0.1226895119430589,0.4883887
tx_000885,0,0.42999592,0.33022155448298074,0.1963912653084578,0.4897159
tx_000886,0,0.2806564,0.25102373823332136,0.0810215212265473,0.47954237
tx_000887,0,0.39994317,0.36926795757298625,0.11583212298001008,0.4883887
tx_000888,0,0.28580877,0.12815725890487276,0.14753790625655133,0.4942396
tx_000889,0,0.41973674,0.3125182879424415,0.18800698359698093,0.49000952
tx_000890,0,0.19787665,0.08716574559447375,0.11869586568399014,0.49444002
tx_000891,0,0.105062656,0.03731515858812895,0.08979765302254651,0.4784155
tx_000892,0,0.2893317,0.23421397095700916,0.10703594261142013,0.4883887
tx_000893,0,0.33153588,0.1662127069648074,0.16167538404758688,0.49444002
tx_000894,0,0.4194298,0.31991442772100137,0.18257717876977902,0.48927858
tx_000895,0,0.27647752,0.21850409151124742,0.10549275946318426,0.49420208
tx_000896,0,0.15126608,0.020617679657662147,0.12015299156371873,0.4883887
tx_000897,0,0.40842086,0.3845222431523583,0.11531925356542896,0.47824198
tx_000898,0,0.06423327,0.0,0.08155524902941001,0.49040493
tx_000899,0,0.30039462,0.153893771654855,0.150793841493016,0.48066965
tx_000900,0,0.34740013,0.2586039018039488,0.1391892492548155,0.48984542
tx_000901,0,0.3016756,0.19117617432483303,0.13711048560614048,0.48801962
tx_000902,1,0.78886825,0.9696576250753908,0.1377125108093188,0.4883887
tx_000903,1,0.63674915,0.6991045485798063,0.1233232255331779,0.4883887
tx_000904,0,0.47994298,0.47474529223501133,0.1386526506053722,0.4883887
tx_000905,0,0.17340246,0.09519863381637392,0.10271478202945517,0.4883887
tx_000906,0,0.34470952,0.3167275086400668,0.09279915818145082,0.4883887
tx_000907,0,0.39596826,0.29550053943865534,0.16459138974007587,0.4897159
tx_000908,0,0.19161981,0.0,0.14066931419494622,0.4883887
tx_000909,0,0.37072185,0.34880141104637785,0.09092148184377533,0.4883887
tx_000910,0,0.45225745,0.3861332548570138,0.20700212618743152,0.4883887
tx_000911,1,0.551965,0.584594519903006,0.13123244349350938,0.4883887
tx_000912,0,0.36751816,0.326392113705244,0.11843794700207635,0.4784155
tx_000913,0,0.078417845,0.009130898777090363,0.08657874525805413,0.489611
tx_000914,0,0.27457124,0.21371294278473646,0.10791511582766491,0.48950014
tx_000915,0,0.3290494,0.21012457265279622,0.14694418388567648,0.4883887
tx_000916,0,0.26368737,0.14396327680545862,0.13091103144884073,0.4988384
tx_000917,0,0.27690703,0.2343136086411962,0.09309046898802592,0.4940987
tx_000918,0,0.42324412,0.3819146100860551,0.13992721073649864,0.4883887
tx_000919,0,0.2371797,0.19761860105166662,0.08356036778488564,0.4883887
tx_000920,0,0.54663956,0.5972168563169753,0.15389468963391023,0.4883887
tx_000921,0,0.28069398,0.19269416851161972,0.12363909525697206,0.4883887
tx_000922,0,0.29184228,0.25383507519478876,0.0922394181246293,0.489611
tx_000923,0,0.42656174,0.33955761452139416,0.18165957802810298,0.4883887
tx_000924,0,0.41740638,0.3991575177541105,0.10410306648171412,0.4883887
tx_000925,0,0.2024987,0.14761103462354347,0.092030116276942,0.4895243
tx_000926,0,0.29403305,0.19673995083347842,0.13023369211284752,0.4883887
tx_000927,1,0.4974894,0.5153503020104404,0.21784932332796064,0.4883887
tx_000928,1,0.61194384,0.748098150708042,0.16650154557675167,0.48920086
tx_000929,0,0.078250535,0.008692697149578404,0.08686337235295712,0.4883887
tx_000930,0,0.30098137,0.20923757854917574,0.12934289469354648,0.4883887
tx_000931,0,0.26548305,0.06854344085817532,0.15472761993944534,0.4883887
tx_000932,0,0.42112914,0.33115281254381573,0.19028862940096308,0.47856113
tx_000933,1,0.67915356,0.866035201280706,0.1598465699289072,0.4883887
tx_000934,0,0.12499283,0.06413021469569552,0.087637222494487,0.4775744
tx_000935,0,0.30667678,0.1917167944170969,0.13947384575907676,0.48984542
tx_000936,0,0.26419213,0.15195144807602876,0.12921567562882735,0.49420255
tx_000937,0,0.35375345,0.1866569173343254,0.1725933052610298,0.489611
tx_000938,0,0.28697848,0.22978141599869087,0.1080297119892911,0.4883887
tx_000939,0,0.30812722,0.18150091723251568,0.14428061760734567,0.4883887
tx_000940,0,0.36428392,0.20254827211234422,0.1763042338285722,0.4883887
tx_000941,0,0.26937065,0.09755003419603726,0.14918190602471743,0.4883887
tx_000942,0,0.36579013,0.31456275890750907,0.11733389001977339,0.5079007
tx_000943,1,0.5337191,0.5556169026930409,0.12881316708213725,0.48838863
tx_000944,0,0.20853983,0.14536900854099785,0.09888650192827092,0.48838863
tx_000945,0,0.113051005,0.0,0.11016674643145793,0.49000952
tx_000946,0,0.41922688,0.34126225194245935,0.17620393759134584,0.4791422
tx_000947,0,0.40403944,0.39287968724692707,0.0814003435255735,0.47833037
tx_000948,0,0.44703168,0.38273082422876215,0.19033622843471204,0.488053
tx_000949,0,0.3017928,0.10876404775803297,0.16219879966017242,0.49011487
tx_000950,0,0.1989654,0.12216086719727881,0.10535909894226926,0.4883887
tx_000951,0,0.34635276,0.2597077952309231,0.1382854292535061,0.4883887
tx_000952,1,0.59862125,0.7301450924539896,0.18072002578678448,0.5039444
tx_000953,0,0.447689,0.4301232304516014,0.12436345511261968,0.4883887
tx_000954,0,0.22915564,0.08308824501913534,0.1366735779976762,0.4781015
tx_000955,0,0.3555166,0.23857595452502284,0.14992828401960923,0.50215626
tx_000956,0,0.27865264,0.24697564897726937,0.08140107668963556,0.4895243
tx_000957,0,0.07022959,0.0019398384015159864,0.08519224423760761,0.4883887
tx_000958,0,0.42516,0.3156700248992159,0.19848106041340524,0.48940128
tx_000959,0,0.32730266,0.1915781735814679,0.15247415053709673,0.4883887
tx_000960,0,0.39853603,0.29533842444604075,0.16776288493092983,0.4895243
tx_000961,0,0.45955062,0.40974691548873665,0.19992721103682834,0.4883887
tx_000962,0,0.38470075,0.26360285657099347,0.17631754145599748,0.47760427
tx_000963,0,0.13507253,0.037841743072426326,0.10666716786234937,0.4895243
tx_000964,1,0.52275103,0.555967143756169,0.16119051245342042,0.4897159
tx_000965,0,0.3429044,0.28393988186337515,0.12141331452238938,0.4902188
tx_000966,0,0.47128552,0.4583534533307458,0.14423185030529706,0.4897159
tx_000967,0,0.39683858,0.328739053248686,0.14418595473080126,0.49399453
tx_000968,0,0.21327391,0.06484758331307003,0.13324492922600573,0.4883887
tx_000969,0,0.1393746,0.0,0.12132299011448472,0.4883887
tx_000970,0,0.47391772,0.44716930020630463,0.17791921499199728,0.49395606
tx_000971,0,0.41234064,0.3344177806109379,0.16218126745598582,0.4883887
tx_000972,0,0.203794,0.0,0.1466513806504048,0.47865087
tx_000973,0,0.18144584,0.07117804691022564,0.11720090245429904,0.4883887
tx_000974,1,0.7209326,0.8164941729272864,0.12111190448511938,0.48033512
tx_000975,1,0.59226716,0.7086265518742639,0.16705288203630464,0.4883887
tx_000976,0,0.26382947,0.18454275022825894,0.11652707510384566,0.4883887
tx_000977,0,0.3596235,0.20305996286263484,0.17201366863080908,0.48811752
tx_000978,1,0.6213268,0.7824878347897924,0.1673753221683789,0.47826603
tx_000979,0,0.1229429,0.030800159507730934,0.10332978337248067,0.4883887
tx_000980,0,0.16231811,0.043134675660776556,0.11787407573993926,0.4883887
tx_000981,0,0.27886522,0.16775702900291403,0.13146796610525674,0.49408576
tx_000982,1,0.78357804,0.8355963678050755,0.09146524139908395,0.5079007
tx_000983,0,0.4541763,0.4266010632141121,0.15041575832200138,0.4883887
tx_000984,0,0.13527054,0.033104765051873486,0.10859476510145302,0.48988748
tx_000985,0,0.3205917,0.29060657743803614,0.08913869204679778,0.4883887
tx_000986,0,0.45295882,0.4312959451866845,0.1490519210615252,0.48065156
tx_000987,0,0.304429,0.2052652365527835,0.13321072794140945,0.4883887
tx_000988,0,0.43868828,0.41902986649964324,0.12094979597643307,0.4883887
tx_000989,0,0.25897774,0.18901957198504837,0.11081855745623645,0.4883887
tx_000990,0,0.40209034,0.2887269677515342,0.17683409924118576,0.4883887
tx_000991,0,0.22018385,0.1666143067750108,0.09385620435615391,0.4883887
tx_000992,0,0.40757376,0.2686556955365867,0.19175558765715411,0.49481136
tx_000993,0,0.14532194,0.09264738340231359,0.08222986905913632,0.4897159
tx_000994,1,0.57712924,0.5920940904892353,0.09353535174553657,0.5016276
tx_000995,0,0.40681008,0.39289658614643386,0.08711025172317093,0.4883887
tx_000996,0,0.15842023,0.04583964344916905,0.11503803836807994,0.4897159
tx_000997,0,0.27853075,0.20748653773316256,0.11142051959552463,0.50793874
tx_000998,0,0.3279711,0.2106916531707919,0.1457183323623853,0.4895243
tx_000999,0,0.38735747,0.36156741504647805,0.10382064049203023,0.48838863
