event_id,label,p_gnn,U_t,p_risk,beta_t,score,score_fixed,uncertainty_quartile
tx_000000,0,0.2808041111970053,0.1522363211307054,0.5083379,0.45601687,0.38456333,0.394571,Q3
tx_000001,0,0.025828676043600035,0.14754192088671061,0.48701978,0.430667,0.22444847,0.25642422,Q3
tx_000002,0,0.21923658585336514,0.18046057460428094,0.48701978,0.5805701,0.3747035,0.3531282,Q4
tx_000003,0,0.123805232067508,0.12935086634098036,0.48365763,0.32869694,0.2420876,0.30373144,Q2
tx_000004,0,0.37137774465985973,0.11520425159848914,0.48701978,0.25444004,0.4008017,0.42919874,Q2
tx_000005,0,0.3597955050746843,0.1764178173903062,0.48701978,0.5662452,0.43183565,0.42340764,Q4
tx_000006,0,0.2241954601240956,0.17277949441711477,0.48701978,0.55229795,0.3693528,0.35560763,Q4
tx_000007,0,0.5303487674396024,0.18370504991791647,0.48701978,0.5911838,0.5047334,0.5086843,Q4
tx_000008,0,0.37342110185145533,0.20994551603264516,0.4853883,0.65146166,0.44636345,0.4294047,Q4
tx_000009,0,0.2621724333792266,0.18139696535787558,0.49254125,0.58371323,0.39664176,0.37735683,Q4
tx_000010,0,0.3735883925928002,0.16423575112228453,0.48701978,0.515671,0.4320817,0.43030408,Q4
tx_000011,1,0.79816207047234,0.14527168633355186,0.48701978,0.41813067,0.66806394,0.6425909,Q3
tx_000012,1,0.7343308386993439,0.11140909555573925,0.50425047,0.23640478,0.67993873,0.61929065,Q2
tx_000013,0,0.2166956713829387,0.08854249126620702,0.48409566,0.14984131,0.25676322,0.35039568,Q1
tx_000014,0,0.21267004167761872,0.18371754217572775,0.48701978,0.5912232,0.37487197,0.3498449,Q4
tx_000015,0,0.4506781394172515,0.10910818464240576,0.48701978,0.22594647,0.4588894,0.46884894,Q2
tx_000016,0,0.38592702451843763,0.15658550076983546,0.5037606,0.4786074,0.44232303,0.4448438,Q3
tx_000017,0,0.17795796333768027,0.0988084099846917,0.48701978,0.1838719,0.23478577,0.33248886,Q1
tx_000018,0,0.0,0.11078900244422629,0.48701978,0.2335499,0.11374342,0.24350989,Q2
tx_000019,0,0.42451815490197353,0.14453705374355125,0.4859777,0.41404393,0.44996512,0.45524794,Q3
tx_000020,0,0.14977724795335487,0.13127388566815526,0.50844806,0.3393948,0.27150825,0.32911265,Q2
tx_000021,0,0.15536752854656227,0.1266373647464415,0.4839868,0.3137792,0.2584814,0.31967717,Q2
tx_000022,0,0.2672173885037247,0.10200771644018349,0.48582464,0.19609086,0.31008428,0.37652102,Q1
tx_000023,1,0.7883947781405458,0.14947858797733532,0.49302852,0.4412296,0.65807045,0.64071167,Q3
tx_000024,0,0.3230080723857269,0.1916844629011522,0.4855475,0.61407435,0.42281938,0.4042778,Q4
tx_000025,0,0.0507118589391668,0.11589720289098734,0.48701978,0.25783348,0.16320664,0.26886582,Q2
tx_000026,0,0.14483178063120777,0.11903064680883882,0.4904515,0.27353883,0.2393722,0.31764165,Q2
tx_000027,0,0.05962570053381591,0.10286224157022217,0.48701978,0.19948536,0.14488456,0.27332273,Q1
tx_000028,0,0.19602303049847264,0.1519031674303589,0.48701978,0.45424792,0.3282077,0.3415214,Q3
tx_000029,0,0.5412750727438251,0.1575680147882827,0.49679798,0.48356998,0.5197673,0.51903653,Q3
tx_000030,0,0.18911330908104987,0.16763068862048863,0.4855475,0.5308624,0.3464791,0.3373304,Q4
tx_000031,0,0.47261516707071666,0.1781041600402412,0.48701978,0.5723702,0.48085994,0.47981745,Q4
tx_000032,1,0.5962579272209109,0.2039738948601712,0.48701978,0.6412664,0.52620715,0.54163885,Q4
tx_000033,0,0.2761551717108899,0.1087725568222643,0.48701978,0.22445211,0.32348418,0.38158748,Q2
tx_000034,0,0.1821843594647923,0.13872959529143666,0.48701978,0.38140073,0.2984488,0.33460206,Q3
tx_000035,0,0.14078349571557106,0.14929155916705222,0.48701978,0.4402155,0.29320207,0.31390163,Q3
tx_000036,0,0.0,0.08436210966994152,0.48519173,0.13816021,0.06703419,0.24259587,Q1
tx_000037,0,0.032170303006956474,0.11449625641754736,0.48701978,0.2510041,0.14633939,0.25959504,Q2
tx_000038,0,0.6049284585821105,0.0932206449780419,0.48701978,0.16438262,0.58554626,0.54597414,Q1
tx_000039,0,0.16476710539345224,0.10709120788704007,0.48701978,0.21708828,0.23472439,0.32589343,Q2
tx_000040,0,0.22814262871468252,0.13161278326965403,0.48701978,0.34128895,0.31649452,0.3575812,Q2
tx_000041,0,0.23193266559729397,0.1392186241878037,0.4853883,0.38416377,0.32930115,0.3586605,Q3
tx_000042,0,0.19590893337232992,0.12822606610249032,0.5083379,0.32248518,0.29666263,0.35212344,Q2
tx_000043,0,0.2588249064644997,0.17929423849929693,0.48701978,0.5765636,0.39039376,0.37292236,Q4
tx_000044,0,0.08395166077633465,0.13315880783022827,0.49121785,0.34995732,0.22647744,0.28758475,Q3
tx_000045,0,0.10720844797719016,0.128941450748779,0.48701978,0.32643163,0.23119088,0.2971141,Q2
tx_000046,0,0.2917659142685673,0.10651139204273297,0.4925046,0.21459651,0.33484375,0.39213526,Q2
tx_000047,0,0.09241765216664512,0.11109781268083525,0.48603955,0.23496832,0.18490633,0.2892286,Q2
tx_000048,0,0.10980061611501464,0.10910471676822203,0.48701978,0.22593097,0.1950261,0.2984102,Q2
tx_000049,0,0.11694658912257255,0.1123165079114528,0.48701978,0.2406299,0.20599726,0.30198318,Q2
tx_000050,0,0.0,0.11075858417731807,0.50820684,0.23341055,0.11862084,0.25410342,Q2
tx_000051,0,0.08347233568333996,0.09250040649844335,0.48701978,0.16204,0.14886317,0.28524604,Q1
tx_000052,0,0.16045972006594109,0.17085069083881516,0.48701978,0.544499,0.33827135,0.32373977,Q4
tx_000053,0,0.18415897405915185,0.18193926604627042,0.48494267,0.58550376,0.36026895,0.33455083,Q4
tx_000054,0,0.05166114432016877,0.09828579453130443,0.48701978,0.18194951,0.13087444,0.26934046,Q1
tx_000055,0,0.11612988818941239,0.14524707315888952,0.48701978,0.41799393,0.27115962,0.30157483,Q3
tx_000056,0,0.18751514751905607,0.0941497635116907,0.48701978,0.16746129,0.23767059,0.33726746,Q1
tx_000057,1,0.5828244421694445,0.21320577903355525,0.50805867,0.65631664,0.53375447,0.54544157,Q4
tx_000058,0,0.00431459535578807,0.09648464914147711,0.48701978,0.17548215,0.08902074,0.24566719,Q1
tx_000059,0,0.3251618819043871,0.12986200715861254,0.48701978,0.33153152,0.37882286,0.40609083,Q2
tx_000060,0,0.2807750874477775,0.10299289410574419,0.4855475,0.20000924,0.32173148,0.3831613,Q1
tx_000061,0,0.177080371240571,0.14554980481319862,0.49268475,0.41967434,0.30953142,0.33488256,Q3
tx_000062,0,0.05714505148529039,0.15541717495643487,0.48519173,0.4726358,0.25945523,0.27116838,Q3
tx_000063,1,0.7455211830560629,0.17264000790621425,0.49243775,0.5517434,0.6058841,0.61897945,Q4
tx_000064,0,0.5210470169778094,0.10640927214184549,0.48701978,0.2141602,0.51375973,0.5040334,Q2
tx_000065,0,0.25956464138011454,0.083334968729634,0.48701978,0.13547242,0.29037854,0.3732922,Q1
tx_000066,0,0.0,0.1480189541238754,0.49268475,0.433281,0.21347095,0.24634238,Q3
tx_000067,0,0.10754620169657393,0.10893594823170052,0.48701978,0.22517858,0.19299552,0.297283,Q2
tx_000068,0,0.34278121932708067,0.10525584043973066,0.49217927,0.2092855,0.37404805,0.41748023,Q1
tx_000069,0,0.30404425355864584,0.1412408526541093,0.506937,0.3955711,0.3843028,0.40549064,Q3
tx_000070,0,0.32119686508293105,0.14798510418918387,0.49183202,0.4330957,0.3950982,0.40651444,Q3
tx_000071,0,0.06339635506185484,0.16026262456213536,0.50844806,0.49688542,0.28453606,0.2859222,Q4
tx_000072,0,0.32668445546605196,0.11875798089940831,0.48701978,0.27214962,0.37031966,0.40685213,Q2
tx_000073,0,0.17119449386532148,0.0812465673756863,0.5036806,0.13022184,0.21449144,0.33743754,Q1
tx_000074,0,0.3990618333629904,0.16951688199783194,0.49264422,0.5389432,0.44949743,0.44585302,Q4
tx_000075,0,0.21770452915447827,0.15936741035603474,0.4924586,0.49251106,0.35302395,0.35508156,Q4
tx_000076,0,0.18886407691705245,0.11213711813094486,0.48701978,0.23979017,0.26035887,0.33794194,Q2
tx_000077,0,0.28223739737989145,0.18602021947719377,0.48701978,0.598287,0.40475604,0.3846286,Q4
tx_000078,0,0.04133317659040059,0.12625816189344102,0.4925736,0.31171408,0.18199117,0.26695338,Q2
tx_000079,0,0.23484518947460659,0.14105016098534223,0.4860157,0.39449716,0.33393124,0.36043045,Q3
tx_000080,0,0.06920420622268686,0.1227320209592309,0.48701978,0.29278505,0.19153436,0.278112,Q2
tx_000081,0,0.0,0.10168554171019231,0.48701978,0.19482534,0.09488379,0.24350989,Q1
tx_000082,0,0.4454158483030895,0.20499009523518263,0.48358625,0.6431281,0.46996433,0.46450105,Q4
tx_000083,1,0.7851322478350208,0.15923130760544518,0.48701978,0.4918416,0.63850814,0.636076,Q4
tx_000084,0,0.13752814954721426,0.12771400107083355,0.4924004,0.31967,0.25097016,0.3149643,Q2
tx_000085,0,0.3814883861427639,0.16472912066098494,0.48701978,0.5179293,0.4361462,0.43425408,Q4
tx_000086,0,0.0,0.10260537682535201,0.48701978,0.19845925,0.09665358,0.24350989,Q1
tx_000087,0,0.07423093007959894,0.08260029569751923,0.4911886,0.13359286,0.1299335,0.28270975,Q1
tx_000088,0,0.36635614188134774,0.19303574325822087,0.48358625,0.6175196,0.43874806,0.4249712,Q4
tx_000089,0,0.06704189382726208,0.08560314211613178,0.5083379,0.14150238,0.12948634,0.2876899,Q1
tx_000090,0,0.3623864086766865,0.09017390348810635,0.48470303,0.15473244,0.38131273,0.4235447,Q1
tx_000091,0,0.41058548074761747,0.09868710392582951,0.48701978,0.18342385,0.42460534,0.44880265,Q1
tx_000092,0,0.18042303211327146,0.0968778646641874,0.484485,0.1768732,0.23420346,0.33245403,Q1
tx_000093,0,0.29026671209469446,0.15110053580387361,0.48494267,0.4499658,0.37786424,0.3876047,Q3
tx_000094,0,0.6246984608569541,0.17056444772092041,0.48701978,0.5433178,0.54989517,0.5558591,Q4
tx_000095,0,0.33273700877357437,0.14454502104119418,0.48282626,0.4140883,0.3948872,0.40778163,Q3
tx_000096,0,0.05019380786777758,0.1313584274330917,0.48501095,0.33986714,0.19797386,0.26760238,Q2
tx_000097,0,0.07278141473020347,0.09695651654555815,0.48701978,0.17715284,0.14616492,0.2799006,Q1
tx_000098,0,0.48830419608780984,0.19425390636718537,0.48494267,0.6205237,0.4862183,0.48662344,Q4
tx_000099,0,0.2772149265393581,0.08852237614372661,0.48701978,0.14978218,0.30863994,0.38211733,Q1
tx_000100,0,0.1991018295532321,0.14506372956357763,0.48701978,0.4169752,0.31915647,0.3430608,Q3
tx_000101,0,0.07365649500427493,0.08244580488032091,0.48701978,0.13320214,0.12871736,0.28033814,Q1
tx_000102,0,0.32524463107416424,0.13024547107162698,0.48701978,0.33366248,0.37922293,0.40613222,Q2
tx_000103,1,1.0,0.14631500222246205,0.49236134,0.4239106,0.78480655,0.74618065,Q3
tx_000104,0,0.20811622755328818,0.15503762062466026,0.48500705,0.47067988,0.33844316,0.34656164,Q3
tx_000105,0,0.2676889014970849,0.17160027161575708,0.48701978,0.547563,0.3877864,0.37735432,Q4
tx_000106,0,0.022466348876698933,0.11730194789692794,0.5080482,0.26480293,0.15104984,0.26525727,Q2
tx_000107,0,0.0,0.08040772067801877,0.49217927,0.12819207,0.063093476,0.24608964,Q1
tx_000108,0,0.13011983578618663,0.13536950992310154,0.49265122,0.36241192,0.26150554,0.3113855,Q3
tx_000109,0,0.10033215363833185,0.0811113015858372,0.48567894,0.1298915,0.15038542,0.29300556,Q1
tx_000110,0,0.18260011773514995,0.08437624759526967,0.4836686,0.13819769,0.22420709,0.33313435,Q1
tx_000111,1,0.8787785297539445,0.14325515413923953,0.48701978,0.40688345,0.71937835,0.6828991,Q3
tx_000112,1,0.5491444098047367,0.08707136376150697,0.49243775,0.14559251,0.5408883,0.52079105,Q1
tx_000113,0,0.2283118958650848,0.15771094679683773,0.48701978,0.48428723,0.3536008,0.35766584,Q3
tx_000114,0,0.1709406274425475,0.1376067915483938,0.48701978,0.37505382,0.2894873,0.3289802,Q3
tx_000115,0,0.3357901882254233,0.11235455150989751,0.48701978,0.24080828,0.37220755,0.41140497,Q2
tx_000116,0,0.33160922046021435,0.20275383125600327,0.50820684,0.6389589,0.44444785,0.41990805,Q4
tx_000117,0,0.2115605238092429,0.18500797394283308,0.48701978,0.59522885,0.37552184,0.34929013,Q4
tx_000118,0,0.06940018208589951,0.10597175344400818,0.50844806,0.2122996,0.16260988,0.28892413,Q2
tx_000119,0,0.3228326936613234,0.1529247619416958,0.48567894,0.45965594,0.39768595,0.4042558,Q3
tx_000120,0,0.43039605821812754,0.08850356230645619,0.5030801,0.14972691,0.4412788,0.4667381,Q1
tx_000121,0,0.16461943296575468,0.15958501547706724,0.48701978,0.49357897,0.32374945,0.3258196,Q4
tx_000122,1,0.7539644503989062,0.16496591675466843,0.49178794,0.5190071,0.617893,0.62287617,Q4
tx_000123,1,0.6973188888916645,0.13761789770962923,0.48701978,0.37511665,0.61843216,0.59216934,Q3
tx_000124,0,0.2016623476398645,0.1401513676494645,0.48701978,0.38942987,0.31278905,0.34434107,Q3
tx_000125,1,0.9340983955983858,0.09667522319542518,0.48701978,0.1761549,0.85534334,0.7105591,Q1
tx_000126,0,0.0,0.09881308590681427,0.48701978,0.1838892,0.08955768,0.24350989,Q1
tx_000127,0,0.5977608610166505,0.09655907097011697,0.48701978,0.17574455,0.5782987,0.54239035,Q1
tx_000128,0,0.3030083040169882,0.19080016230319052,0.48701978,0.61175424,0.4155781,0.39501405,Q4
tx_000129,0,0.1609680163202587,0.13890050658394476,0.48418713,0.38236648,0.28455618,0.32257757,Q3
tx_000130,0,0.09806792585078651,0.10873950166384985,0.48701978,0.22430539,0.18531193,0.29254386,Q2
tx_000131,0,0.13048919922071323,0.11860680697857445,0.48701978,0.2713812,0.22724488,0.3087545,Q2
tx_000132,0,0.0796546940848466,0.08626264801130773,0.48701978,0.14332122,0.13803875,0.28333724,Q1
tx_000133,0,0.1411760365226113,0.1717920363107882,0.48519173,0.5483401,0.32981363,0.31318387,Q4
tx_000134,0,0.2576811038063389,0.14659859211965331,0.48701978,0.4254763,0.3552593,0.37235045,Q3
tx_000135,0,0.21605476298584125,0.1748788203061949,0.4841427,0.5604678,0.3663094,0.35009873,Q4
tx_000136,0,0.3398198471025275,0.12303969496437303,0.48701978,0.29441532,0.38315773,0.4134198,Q2
tx_000137,0,0.0,0.1361390298396335,0.48519173,0.36675778,0.17794785,0.24259587,Q3
tx_000138,0,0.027333035969392988,0.11811731035139951,0.48701978,0.26890197,0.15094371,0.2571764,Q2
tx_000139,0,0.27423546303959245,0.1945341979132858,0.48701978,0.6212014,0.40641737,0.38062763,Q4
tx_000140,0,0.02308405967095778,0.10952361115925066,0.5083379,0.22780716,0.13362837,0.26571098,Q2
tx_000141,1,0.7175258126978418,0.17964694068826068,0.50348437,0.57778585,0.59385574,0.6105051,Q4
tx_000142,0,0.20318481624972642,0.0897279064591055,0.48701978,0.15337639,0.24671839,0.3451023,Q1
tx_000143,0,0.13342893140627837,0.11597714295108544,0.4855692,0.2582269,0.22436103,0.30949908,Q2
tx_000144,0,0.19535225538045142,0.1333895992598344,0.49302852,0.3512547,0.29991245,0.3441904,Q3
tx_000145,0,0.0,0.14625367104881767,0.49540338,0.42357165,0.20983882,0.24770169,Q3
tx_000146,0,0.12538141786841137,0.09649028820104867,0.48701978,0.17550203,0.18884969,0.3062006,Q1
tx_000147,0,0.4070550760046392,0.20503189935342053,0.48701978,0.64320356,0.45848867,0.44703743,Q4
tx_000148,0,0.16611045984728004,0.08901667560094517,0.493466,0.15124336,0.21562082,0.3297882,Q1
tx_000149,0,0.14919183417046544,0.12153035239578602,0.48701978,0.28646064,0.24596626,0.31810582,Q2
tx_000150,0,0.33806947643109536,0.12322561189816794,0.48519173,0.2954026,0.38152975,0.4116306,Q2
tx_000151,0,0.0,0.10075853816818452,0.49287155,0.1912278,0.09425074,0.24643578,Q1
tx_000152,0,0.24745864927353764,0.14613422451225558,0.4839868,0.42291126,0.34748906,0.36572272,Q3
tx_000153,0,0.28886102606800995,0.17083522426254655,0.48701978,0.54443526,0.39674562,0.3879404,Q4
tx_000154,0,0.02781116062112493,0.13246126757085158,0.48701978,0.3460411,0.18671623,0.25741547,Q3
tx_000155,0,0.4675265248795851,0.19759602069804094,0.5041051,0.62828505,0.49050826,0.48581582,Q4
tx_000156,0,0.26782218900672444,0.15048768850211452,0.49236208,0.44667754,0.36811912,0.38009214,Q3
tx_000157,0,0.1952874038719057,0.11895186488429442,0.48701978,0.27313703,0.27497032,0.3411536,Q2
tx_000158,0,0.10567543794627217,0.08931425852313991,0.48701978,0.15213144,0.1636899,0.29634762,Q1
tx_000159,0,0.22374232712326908,0.1483204249711029,0.48701978,0.43492895,0.33824933,0.35538104,Q3
tx_000160,1,0.687113974280627,0.17604311823572577,0.4925736,0.56485516,0.5772269,0.5898438,Q4
tx_000161,0,0.007999885232330445,0.08525743204852444,0.48701978,0.14056085,0.07533132,0.24750984,Q1
tx_000162,0,0.08885302263351366,0.15291047039142552,0.48701978,0.45958066,0.27184278,0.2879364,Q3
tx_000163,0,0.11849747075600821,0.13977244482338816,0.48701978,0.3872913,0.26122296,0.30275863,Q3
tx_000164,0,0.0,0.09643467372575881,0.49236208,0.17530622,0.086314134,0.24618104,Q1
tx_000165,0,0.29948782299450794,0.1350943686497419,0.48701978,0.3608591,0.36716044,0.3932538,Q3
tx_000166,0,0.12917043373492526,0.1370354141260075,0.48701978,0.37182373,0.2622273,0.3080951,Q3
tx_000167,0,0.16056791717914204,0.16967415483249013,0.48701978,0.5396052,0.33672303,0.32379386,Q4
tx_000168,0,0.49306196803140034,0.21286232965468155,0.48701978,0.6558272,0.48909932,0.49004087,Q4
tx_000169,0,0.3066220445726118,0.11638426478052726,0.48778576,0.2602365,0.35376745,0.39720392,Q2
tx_000170,0,0.010549187827011142,0.10039915237954788,0.48701978,0.18985054,0.10100739,0.24878448,Q1
tx_000171,1,0.8094884560487133,0.13433623117564264,0.50425047,0.3565838,0.7006455,0.6568695,Q3
tx_000172,0,0.4391549027739655,0.2118413866700592,0.4924586,0.65434223,0.47403377,0.46580675,Q4
tx_000173,0,0.4238562316737847,0.10952995001017449,0.48701978,0.22783566,0.43824714,0.45543802,Q2
tx_000174,0,0.14783209665767602,0.16481237225313572,0.4861888,0.51830864,0.3232053,0.31701046,Q4
tx_000175,0,0.0,0.13468629336149948,0.484617,0.35855713,0.17376289,0.2423085,Q3
tx_000176,0,0.15149896669957091,0.16848949508300523,0.49287155,0.5345741,0.33398792,0.32218528,Q4
tx_000177,0,0.4302982418053969,0.1628414141789104,0.48701978,0.5091984,0.45918077,0.458659,Q4
tx_000178,0,0.478481707130735,0.11560622725313474,0.48701978,0.2564049,0.48067093,0.48275074,Q2
tx_000179,0,0.11648472069399529,0.10824766434932682,0.48519173,0.22213136,0.1983861,0.30083823,Q2
tx_000180,0,0.08698414147146036,0.1365841366846629,0.50844806,0.36927292,0.24261937,0.2977161,Q3
tx_000181,0,0.4901755644888648,0.22382848031371627,0.48701978,0.6691732,0.4880638,0.4885977,Q4
tx_000182,0,0.0,0.11826320058165118,0.48494267,0.2696395,0.1307597,0.24247134,Q2
tx_000183,0,0.3196710757619049,0.1962420004925033,0.48701978,0.62522393,0.42430148,0.4033454,Q4
tx_000184,0,0.4177992922601579,0.13994305934156126,0.49277005,0.38825437,0.446907,0.45528466,Q3
tx_000185,0,0.11036110495914672,0.16870041303955977,0.48701978,0.53547734,0.3120533,0.29869044,Q4
tx_000186,1,0.6995975859497786,0.1582961335902598,0.48701978,0.48721138,0.5960273,0.5933087,Q4
tx_000187,0,0.09142366502422254,0.11759703987918993,0.48701978,0.266282,0.19676378,0.28922173,Q2
tx_000188,1,0.7810969451695658,0.08146463071499319,0.4859777,0.13075686,0.7425081,0.6335373,Q1
tx_000189,0,0.40039257703656783,0.08942903660508875,0.48778576,0.15247564,0.4137179,0.44408917,Q1
tx_000190,0,0.175357290104873,0.10494882707138703,0.49302852,0.20800456,0.24143437,0.3341929,Q1
tx_000191,0,0.2501087070052822,0.17950722517468493,0.48701978,0.5773028,0.38687813,0.36856425,Q4
tx_000192,0,0.10283482439250367,0.14543029973397892,0.49287155,0.4190113,0.26626462,0.29785317,Q3
tx_000193,0,0.0,0.10386086192336132,0.48701978,0.20352194,0.09911921,0.24350989,Q1
tx_000194,1,0.6288713619944581,0.19358200933294742,0.48573732,0.61887854,0.5402888,0.5573044,Q4
tx_000195,0,0.39042141157872423,0.18092101579399616,0.48701978,0.58212376,0.4466536,0.43872058,Q4
tx_000196,1,0.7719818543162722,0.18083783286369268,0.49540338,0.5818443,0.6110562,0.6336926,Q4
tx_000197,0,0.2221048832675349,0.11296438696471184,0.48519173,0.24368061,0.28621405,0.3536483,Q2
tx_000198,0,0.27336338625412254,0.08477382023250274,0.48701978,0.13925742,0.30311662,0.38019156,Q1
tx_000199,0,0.16027914409145805,0.12819111091724758,0.48701978,0.32229272,0.26558527,0.32364947,Q2
tx_000200,0,0.16515589960740376,0.10978097463364286,0.48701978,0.22896604,0.2388518,0.32608783,Q2
tx_000201,0,0.2210384970828954,0.12877529995318474,0.48701978,0.3255137,0.30761904,0.35402912,Q2
tx_000202,0,0.20020939967649254,0.15511547689175265,0.48701978,0.47108167,0.3353205,0.34361458,Q3
tx_000203,0,0.23170893495560085,0.10562574627124516,0.48925707,0.21083812,0.28600988,0.360483,Q2
tx_000204,0,0.4774944293198766,0.1821830141508819,0.48701978,0.5863015,0.48307914,0.4822571,Q4
tx_000205,0,0.4219301928829444,0.12342149583069843,0.48701978,0.29644445,0.44122565,0.454475,Q2
tx_000206,0,0.28299070174844543,0.171617635529139,0.4853883,0.54763347,0.3938304,0.3841895,Q4
tx_000207,0,0.2461230583923463,0.08844097824285185,0.48701978,0.14954323,0.28214753,0.36657143,Q1
tx_000208,0,0.1855088517142117,0.09578539286914245,0.48701978,0.17303723,0.23768148,0.3362643,Q1
tx_000209,0,0.43130119314487664,0.15368631252976633,0.48701978,0.46365517,0.45713544,0.4591605,Q3
tx_000210,0,0.0,0.14657051534679605,0.48701978,0.42532146,0.20713997,0.24350989,Q3
tx_000211,0,0.2951766518951524,0.15907777382566057,0.49700245,0.4910851,0.3942903,0.39608955,Q4
tx_000212,0,0.0,0.09416261505366225,0.49260697,0.16750433,0.082513794,0.24630348,Q1
tx_000213,0,0.18665947697089505,0.17625327350219522,0.5039814,0.5656361,0.36614823,0.34532043,Q4
tx_000214,0,0.19273451932052846,0.08210691209431235,0.49231115,0.13235049,0.23238364,0.34252283,Q1
tx_000215,0,0.0,0.09887714630308568,0.48701978,0.18412629,0.08967315,0.24350989,Q1
tx_000216,0,0.21984595688717384,0.15433247527344746,0.48573732,0.4670259,0.34402412,0.35279164,Q3
tx_000217,0,0.0538418953295125,0.16266156571376836,0.48701978,0.50835395,0.27404958,0.27043083,Q4
tx_000218,0,0.2704483623521936,0.11303020127906208,0.4855475,0.24399208,0.32293084,0.37799793,Q2
tx_000219,0,0.11012603361193343,0.1322343064994124,0.48701978,0.34476864,0.24006718,0.2985729,Q3
tx_000220,0,0.4205403110863888,0.19021109665400904,0.49268475,0.61017954,0.46456137,0.45661253,Q4
tx_000221,0,0.03688960784121728,0.15303718840387137,0.48701978,0.46024817,0.24406119,0.2619547,Q3
tx_000222,0,0.04150819441852588,0.133006952558004,0.48701978,0.34910405,0.1970381,0.264264,Q3
tx_000223,0,0.19799164055366697,0.1652975820605876,0.48701978,0.52051014,0.34843373,0.3425057,Q4
tx_000224,0,0.10196307674454104,0.10334736322748167,0.50806487,0.20143694,0.18376699,0.30501398,Q1
tx_000225,0,0.33278540809299634,0.18591281940980747,0.48393625,0.597966,0.42316848,0.40836084,Q4
tx_000226,0,0.32187462497317776,0.0870764078234614,0.49270388,0.14560682,0.34674853,0.40728927,Q1
tx_000227,0,0.0,0.09105218109881877,0.48519173,0.15744483,0.07639093,0.24259587,Q1
tx_000228,0,0.3620498272503508,0.15554462966492394,0.50786495,0.47329092,0.43106282,0.43495739,Q3
tx_000229,0,0.14648015821551105,0.1672309691815071,0.48701978,0.5291165,0.32666528,0.31674996,Q4
tx_000230,0,0.07974324394402697,0.1148388541059062,0.48701978,0.25266275,0.18264684,0.28338152,Q2
tx_000231,0,0.5038168536326281,0.2066561993621765,0.48701978,0.6460652,0.49296483,0.4954183,Q4
tx_000232,0,0.0,0.08882590930666236,0.48309076,0.1506774,0.07279086,0.24154538,Q1
tx_000233,0,0.14501789645842617,0.10971498745032723,0.48701978,0.22866847,0.22322294,0.31601882,Q2
tx_000234,0,0.13264317744511506,0.11285669727106769,0.48701978,0.24317156,0.21881747,0.30983147,Q2
tx_000235,1,0.7427987640755791,0.09910854227199031,0.48701978,0.18498525,0.6954834,0.6149093,Q1
tx_000236,0,0.0,0.15365748197286191,0.48494267,0.4635043,0.22477302,0.24247134,Q3
tx_000237,1,0.6112333879003174,0.19366447714164664,0.48701978,0.61908203,0.534335,0.5491266,Q4
tx_000238,0,0.2372050978996017,0.15823489442930722,0.48409566,0.48690635,0.35741767,0.3606504,Q3
tx_000239,0,0.15665159377010765,0.12695534783936088,0.48358625,0.31551486,0.25980434,0.32011893,Q2
tx_000240,0,0.19098154941183257,0.10126472938955394,0.492766,0.1931842,0.24928153,0.34187376,Q1
tx_000241,0,0.14879900007295738,0.1671313711416173,0.48701978,0.52867967,0.32760945,0.3179094,Q4
tx_000242,0,0.16321195036804487,0.1378343943668556,0.48701978,0.37634063,0.285074,0.32511586,Q3
tx_000243,0,0.4661561745733252,0.08011512053406694,0.48701978,0.12749454,0.46881616,0.47658798,Q1
tx_000244,0,0.26342357382249354,0.19128590956451363,0.5037905,0.61303514,0.41077694,0.38360703,Q4
tx_000245,0,0.590424614653116,0.09845730201728202,0.50834286,0.18257809,0.57543826,0.54938376,Q1
tx_000246,0,0.42001521314627976,0.2074857325565279,0.48701978,0.6474755,0.46339902,0.4535175,Q4
tx_000247,0,0.4132280512644867,0.2015286864865054,0.48701978,0.63656026,0.46020094,0.4501239,Q4
tx_000248,0,0.47828496408777066,0.12188950930179229,0.50358826,0.28834358,0.48558098,0.4909366,Q2
tx_000249,1,0.8846587470829951,0.1048197308422456,0.48368222,0.20746806,0.8014689,0.6841705,Q1
tx_000250,0,0.01348729042885713,0.11760530303917976,0.48701978,0.26632348,0.13960011,0.25025353,Q2
tx_000251,0,0.18942307609023332,0.10924036408841067,0.48701978,0.22653717,0.25683978,0.33822143,Q2
tx_000252,0,0.38028284503945775,0.15966324968984108,0.50390893,0.49396214,0.44134945,0.44209588,Q4
tx_000253,0,0.09957736165671166,0.0855288254501961,0.48701978,0.14129932,0.15432271,0.29329857,Q1
tx_000254,0,0.0,0.08541372485466321,0.4855475,0.1409855,0.06845516,0.24277376,Q1
tx_000255,0,0.056115614991243595,0.14512859794045413,0.4855475,0.41733575,0.23533289,0.27083156,Q3
tx_000256,0,0.3538652188855685,0.17564344717264974,0.48701978,0.56336063,0.42887926,0.4204425,Q4
tx_000257,0,0.016271714274244647,0.15147506470871683,0.48567894,0.4519675,0.22842854,0.25097534,Q3
tx_000258,1,0.7331942750410732,0.1601848887292524,0.50348437,0.49650759,0.6191416,0.6183393,Q4
tx_000259,0,0.20582228539271247,0.16913085271567227,0.48701978,0.5373106,0.3569127,0.34642103,Q4
tx_000260,0,0.40391715866696365,0.18072637839946537,0.48701978,0.58146894,0.45223877,0.4454685,Q4
tx_000261,0,0.4077112006182963,0.18538865245158453,0.48701978,0.5963876,0.45500988,0.4473655,Q4
tx_000262,0,0.18962243718489805,0.1403916428887301,0.5083379,0.39078534,0.31417176,0.3489802,Q3
tx_000263,0,0.26927700456985937,0.18296268455788217,0.48701978,0.5888237,0.3974891,0.37814838,Q4
tx_000264,0,0.3452885046906743,0.16071089178139622,0.48701978,0.49905676,0.41602045,0.41615415,Q4
tx_000265,0,0.27455674741091673,0.10503020102004772,0.49540338,0.20834342,0.3205687,0.38498008,Q1
tx_000266,0,0.047558747159839126,0.08936208542550458,0.48648122,0.15227474,0.11439556,0.26702,Q1
tx_000267,0,0.10161295269816902,0.10732000569533151,0.4853883,0.2180783,0.18530603,0.29350063,Q2
tx_000268,0,0.17093612666716188,0.10991232650044253,0.48701978,0.22955932,0.24349608,0.32897794,Q2
tx_000269,0,0.325014924406857,0.17630953392334475,0.48567894,0.56584466,0.4159258,0.40534693,Q4
tx_000270,0,0.2641919343212359,0.08075228844434514,0.49552864,0.12902041,0.29403907,0.37986028,Q1
tx_000271,1,0.6876751630024917,0.19135028989984998,0.484173,0.61320376,0.56288683,0.5859241,Q4
tx_000272,0,0.07706058613653617,0.1423014602106058,0.49264422,0.40153548,0.24393216,0.28485242,Q3
tx_000273,0,0.0,0.10519860020218891,0.48701978,0.20904617,0.10180962,0.24350989,Q1
tx_000274,0,0.38706033628686787,0.09153422267880962,0.48701978,0.15895732,0.40294963,0.43704006,Q1
tx_000275,0,0.1150249714713673,0.09462999043785245,0.48701978,0.16907768,0.177921,0.30102238,Q1
tx_000276,0,0.08246806576326386,0.1432847206330296,0.48701978,0.407049,0.24714044,0.2847439,Q3
tx_000277,0,0.15361280464020777,0.09257592539115123,0.48701978,0.16228384,0.20771936,0.32031628,Q1
tx_000278,0,0.06366678014002705,0.15751068331441614,0.48519173,0.48328197,0.2673822,0.27442926,Q3
tx_000279,0,0.3116895690962063,0.12943627813378006,0.4904515,0.3291701,0.37053263,0.40107054,Q2
tx_000280,0,0.23777933251947708,0.10108681601398843,0.4859777,0.19249436,0.28555614,0.3618785,Q1
tx_000281,0,0.19254947084884674,0.17760962263086127,0.48701978,0.5705963,0.3605731,0.33978462,Q4
tx_000282,0,0.529603179603515,0.1952526105957399,0.4926661,0.62291574,0.5065945,0.5111346,Q4
tx_000283,0,0.2515578308726659,0.1907420680713723,0.48701978,0.6116,0.39556634,0.3692888,Q4
tx_000284,1,0.6411480576242922,0.10552900703876293,0.48582464,0.2104311,0.60846317,0.56348634,Q2
tx_000285,0,0.03713556963722334,0.12304062875155022,0.50797063,0.29442033,0.17575897,0.2725531,Q2
tx_000286,0,0.13388591468445812,0.15111030034358575,0.49016795,0.45001808,0.2942193,0.31202692,Q3
tx_000287,0,0.0,0.0954432013365094,0.48701978,0.17185414,0.083696365,0.24350989,Q1
tx_000288,0,0.18751737239808589,0.16232763446802173,0.48701978,0.5067802,0.33929926,0.3372686,Q4
tx_000289,0,0.1858534532806519,0.08512866549620346,0.5041051,0.14021225,0.23047623,0.3449793,Q1
tx_000290,0,0.3056392197139881,0.17346108474205618,0.48701978,0.55498695,0.40630305,0.3963295,Q4
tx_000291,0,0.04997113642291015,0.10113850814586083,0.48701978,0.19269454,0.13418803,0.26849547,Q1
tx_000292,0,0.3996186598211561,0.1362229367659936,0.48567894,0.36723188,0.43122274,0.4426488,Q3
tx_000293,0,0.0,0.09422591742272507,0.49212497,0.16771649,0.08253747,0.24606249,Q1
tx_000294,0,0.22131731996850862,0.10524807836967354,0.48701978,0.20925304,0.27691635,0.35416853,Q1
tx_000295,0,0.4318196077793407,0.10926770978405462,0.48701978,0.22665954,0.44433126,0.4594197,Q2
tx_000296,0,0.4944847076922877,0.09512309356901924,0.48701978,0.17075531,0.49321,0.49075222,Q1
tx_000297,0,0.031423788539510084,0.1377984235416089,0.48701978,0.37613726,0.20279041,0.2592218,Q3
tx_000298,0,0.18772675808601808,0.0874558955984974,0.48566535,0.14668842,0.2314309,0.33669606,Q1
tx_000299,0,0.2591595633731495,0.08765671628391801,0.4855475,0.14726485,0.29249856,0.37235355,Q1
tx_000300,0,0.23571509503411836,0.11483923785664325,0.48701978,0.25266466,0.2992109,0.36136743,Q2
tx_000301,0,0.19545616882338396,0.11612456186893766,0.48701978,0.2589534,0.27095756,0.34123796,Q2
tx_000302,0,0.10659811063020491,0.08035420336613866,0.48701978,0.1280641,0.15531647,0.29680896,Q1
tx_000303,0,0.3104492722810928,0.13135083716413132,0.49272913,0.3398247,0.37239248,0.4015892,Q2
tx_000304,0,0.0,0.1388800856374588,0.48701978,0.3822511,0.18616386,0.24350989,Q3
tx_000305,0,0.0,0.08412748434647435,0.49268475,0.13754003,0.06776387,0.24634238,Q1
tx_000306,0,0.21090943862929526,0.17639326262754274,0.5080042,0.5661544,0.37911093,0.3594568,Q4
tx_000307,0,0.4697427577317405,0.20130639111177429,0.4857083,0.6361162,0.4798987,0.4777255,Q4
tx_000308,0,0.06909610097510172,0.11796598753935242,0.48701978,0.26813835,0.18115747,0.27805793,Q2
tx_000309,1,0.6184835980036918,0.20784062171396406,0.50809354,0.6480685,0.5469433,0.56328857,Q4
tx_000310,0,0.08872111309208484,0.1458811472608056,0.48701978,0.4215107,0.25660825,0.28787044,Q3
tx_000311,0,0.25374236747653406,0.11516884134547509,0.48701978,0.25426742,0.3130572,0.37038106,Q2
tx_000312,0,0.1900255625272947,0.1412196601332562,0.48701978,0.39545178,0.30747247,0.33852267,Q3
tx_000313,0,0.2496237827245254,0.1889224957284898,0.48567894,0.6066527,0.39282727,0.36765134,Q4
tx_000314,0,0.1687982182661426,0.12384729358872887,0.48701978,0.298715,0.26385576,0.327909,Q2
tx_000315,0,0.07719188731315207,0.1011683008034092,0.4855475,0.19280998,0.15592693,0.2813697,Q1
tx_000316,0,0.10302628656439093,0.08328101614315703,0.48701978,0.13533318,0.15499336,0.29502302,Q1
tx_000317,0,0.1849429788732531,0.14388304829578763,0.49262258,0.41039512,0.31121317,0.3387828,Q3
tx_000318,0,0.13106539277217027,0.0926232748627733,0.4878622,0.16243696,0.18902239,0.3094638,Q1
tx_000319,0,0.29105762844239136,0.15866578375469917,0.5080042,0.48904797,0.39715487,0.3995309,Q4
tx_000320,0,0.3147290107843972,0.08191724881008869,0.48701978,0.13187711,0.3374502,0.40087438,Q1
tx_000321,0,0.21386766662315332,0.11940623774372267,0.48558262,0.27545914,0.28871402,0.34972513,Q2
tx_000322,0,0.0,0.14477624751941998,0.49272913,0.41537613,0.20466791,0.24636456,Q3
tx_000323,1,1.0,0.10543061109683907,0.48701978,0.2100178,0.892265,0.7435099,Q2
tx_000324,0,0.3129617458530792,0.1574622208272576,0.48701978,0.4830383,0.39703846,0.39999077,Q3
tx_000325,0,0.13189686031707826,0.15182801735284496,0.48701978,0.4538482,0.29306877,0.30945832,Q3
tx_000326,0,0.3319578920387666,0.1685868784562604,0.4853883,0.53499144,0.41404188,0.4086731,Q4
tx_000327,0,0.15009237019913887,0.142788653648727,0.48519173,0.40426946,0.2855628,0.31764203,Q3
tx_000328,1,0.7256282853891816,0.13779849971692368,0.48519173,0.37613764,0.6351911,0.60541,Q3
tx_000329,0,0.030654392672643277,0.15741381841422308,0.48701978,0.48279485,0.25098523,0.25883707,Q3
tx_000330,0,0.19304320315119677,0.15353427359021843,0.49183202,0.462859,0.3313403,0.34243762,Q3
tx_000331,0,0.17470235209655768,0.09848476137352101,0.4838844,0.18267894,0.23118338,0.32929337,Q1
tx_000332,0,0.39478054479153357,0.16780077945452593,0.48614416,0.5316017,0.4433496,0.44046235,Q4
tx_000333,1,0.8003857515199052,0.08258999821304594,0.4853883,0.13356678,0.7583125,0.64288706,Q1
tx_000334,0,0.2148708403205906,0.11621557783936357,0.48701978,0.2594026,0.28546697,0.3509453,Q2
tx_000335,0,0.3237517639406192,0.10509635257511216,0.48701978,0.20861922,0.3578126,0.4053858,Q1
tx_000336,0,0.11650906734357093,0.17037763338507522,0.4923267,0.54254365,0.32040656,0.30441788,Q4
tx_000337,0,0.18068741840731256,0.09228175128219408,0.48701978,0.16133638,0.23010996,0.3338536,Q1
tx_000338,0,0.22198977210603343,0.09876134440025913,0.48701978,0.18369792,0.2706752,0.35450476,Q1
tx_000339,0,0.18786547696194217,0.1540852748942154,0.4838844,0.4657389,0.325733,0.33587494,Q3
tx_000340,0,0.4262517093862268,0.16989225403472497,0.48701978,0.54052013,0.4590981,0.45663574,Q4
tx_000341,0,0.20428879952915158,0.12680453373735537,0.49268475,0.31469122,0.29504448,0.34848678,Q2
tx_000342,0,0.2825732582858253,0.16578179038854698,0.48701978,0.5226906,0.38943553,0.3847965,Q4
tx_000343,0,0.11322541337843671,0.15125165893670836,0.50306773,0.45077422,0.28895628,0.30814657,Q3
tx_000344,0,0.28255849131359845,0.1456381957333413,0.48701978,0.42016447,0.36846587,0.38478914,Q3
tx_000345,0,0.3159946854931394,0.16015717742304386,0.48701978,0.49637276,0.4008869,0.40150723,Q4
tx_000346,0,0.21935985751689027,0.13273515153697713,0.48701978,0.34757784,0.31239253,0.35318983,Q3
tx_000347,0,0.0,0.12353304697749093,0.4853883,0.29703853,0.14417903,0.24269415,Q2
tx_000348,1,0.720907005760364,0.19503133985038384,0.48701978,0.6223912,0.57533765,0.6039634,Q4
tx_000349,0,0.10388658114368465,0.10401358284930551,0.48701978,0.20414585,0.18210164,0.2954532,Q1
tx_000350,0,0.24927421668894845,0.19219713383175568,0.4925046,0.6153956,0.39895713,0.37088943,Q4
tx_000351,0,0.4533976555059668,0.10670648059037673,0.48701978,0.21543214,0.46064094,0.4702087,Q2
tx_000352,0,0.2621218925097971,0.14805579593981238,0.48701978,0.43348247,0.35961118,0.37457085,Q3
tx_000353,0,0.24188043076025678,0.1251582201197734,0.49679798,0.30575436,0.31982258,0.3693392,Q2
tx_000354,0,0.1197113692447218,0.09316177437425648,0.49302793,0.16418971,0.1810061,0.30636966,Q1
tx_000355,0,0.026599791846613624,0.09482092137461391,0.48701978,0.16972513,0.104744636,0.25680977,Q1
tx_000356,0,0.0,0.13717392709763104,0.48701978,0.3726067,0.18146683,0.24350989,Q3
tx_000357,0,0.0,0.09026558002312932,0.48701978,0.15501297,0.07549438,0.24350989,Q1
tx_000358,0,0.2746536759688507,0.17207834432873986,0.4857083,0.5494952,0.3906272,0.38018098,Q4
tx_000359,0,0.11926292497619191,0.1511185756853507,0.484617,0.45006236,0.28369504,0.30193996,Q3
tx_000360,1,0.5295358563742196,0.19422324590491807,0.49039277,0.6204492,0.50524956,0.5099643,Q4
tx_000361,0,0.15129455014823132,0.08741344629650205,0.5037041,0.14656693,0.20294613,0.3274993,Q1
tx_000362,0,0.10253866261343328,0.16235559897278853,0.49290752,0.5069123,0.30042145,0.29772308,Q4
tx_000363,0,0.5073591323123419,0.14250204385201742,0.48701978,0.4026616,0.4991693,0.49718946,Q3
tx_000364,0,0.0,0.12634045757634604,0.48701978,0.31216183,0.152029,0.24350989,Q2
tx_000365,0,0.011235136311946586,0.09948780573056573,0.48701978,0.1864019,0.0999223,0.24912746,Q1
tx_000366,0,0.30385390762444753,0.1928950032964142,0.48646554,0.6171664,0.41655564,0.39515972,Q4
tx_000367,0,0.16445989388267143,0.14866489540446104,0.48567894,0.436808,0.30477095,0.32506943,Q3
tx_000368,0,0.273458380470096,0.14521640441622619,0.48701978,0.41782367,0.36268938,0.38023907,Q3
tx_000369,0,0.12306836746253284,0.1690161082097011,0.48701978,0.5368233,0.31844595,0.30504408,Q4
tx_000370,0,0.2595949432046215,0.18916180044850878,0.48701978,0.60731626,0.39771375,0.37330735,Q4
tx_000371,0,0.41177969643995843,0.20884701242967674,0.48701978,0.64971703,0.46066445,0.44939974,Q4
tx_000372,0,0.35185639282099,0.19919187420938822,0.50806487,0.6317515,0.45054132,0.4299606,Q4
tx_000373,0,0.2934718627875124,0.158605272603387,0.4859777,0.48874786,0.3875587,0.3897248,Q4
tx_000374,0,0.1339744724801344,0.13187066822558782,0.4845145,0.3427319,0.25411573,0.30924448,Q3
tx_000375,0,0.2240123383325029,0.12082230498894378,0.48381165,0.28276742,0.29747513,0.353912,Q2
tx_000376,1,0.8349899182668526,0.10951818009211237,0.5081495,0.22778276,0.7605413,0.6715697,Q2
tx_000377,0,0.28234039395564636,0.1703373731804637,0.48701978,0.54237646,0.39335367,0.3846801,Q4
tx_000378,0,0.16287577502933337,0.12183984349815871,0.48701978,0.2880828,0.2562561,0.32494777,Q2
tx_000379,1,0.5369765393809328,0.12498221708989607,0.48701978,0.30480513,0.52174944,0.5119982,Q2
tx_000380,0,0.3048025869101483,0.16814802289601471,0.48519173,0.5331047,0.40096888,0.39499718,Q4
tx_000381,0,0.38152426964387676,0.10752355714108433,0.484617,0.21896233,0.4040977,0.43307063,Q2
tx_000382,0,0.36036641406965597,0.19577354202488617,0.48701978,0.62413865,0.43941566,0.4236931,Q4
tx_000383,0,0.2344966229823342,0.09447435291314903,0.48494267,0.16855195,0.2767098,0.35971963,Q1
tx_000384,0,0.17184594693638938,0.11069725375150266,0.5077456,0.23312975,0.25015417,0.33979577,Q2
tx_000385,0,0.3496742098292311,0.19406409843855132,0.4853883,0.6200618,0.43382534,0.41753125,Q4
tx_000386,0,0.31954886644935765,0.18373902230050698,0.48701978,0.5912908,0.41857287,0.4032843,Q4
tx_000387,0,0.1988095119906355,0.17428783466560116,0.48701978,0.5582016,0.35968897,0.34291464,Q4
tx_000388,0,0.1638262753724533,0.1330393982618527,0.48519173,0.34928635,0.27607483,0.324509,Q3
tx_000389,0,0.14366991523586886,0.10886316642403297,0.48701978,0.22485477,0.22087377,0.31534484,Q2
tx_000390,0,0.1779670823699909,0.1435542407961047,0.48701978,0.40855715,0.30423278,0.33249342,Q3
tx_000391,0,0.27502098499749394,0.13417465997025785,0.4853883,0.35567346,0.34984308,0.38020465,Q3
tx_000392,0,0.24817164944014883,0.13483550836611122,0.48701978,0.35939872,0.33401334,0.3675957,Q3
tx_000393,0,0.1466454420768343,0.0948888087179856,0.48701978,0.16995597,0.20449409,0.3168326,Q1
tx_000394,0,0.1801217174065277,0.0890123156380849,0.48701978,0.1512304,0.22653404,0.33357075,Q1
tx_000395,0,0.0,0.10111075189306654,0.48701978,0.19258702,0.09379369,0.24350989,Q1
tx_000396,0,0.3302030627229815,0.12031898653883123,0.49253246,0.28015766,0.37568086,0.41136777,Q2
tx_000397,0,0.0,0.1021633322462038,0.48701978,0.19670492,0.095799185,0.24350989,Q1
tx_000398,0,0.0654858653881274,0.08530380778334164,0.49231115,0.14068668,0.12553449,0.2788985,Q1
tx_000399,1,0.4626483687729245,0.21977970374029737,0.50805867,0.6647631,0.49283546,0.48535353,Q4
tx_000400,1,0.6874619642046268,0.12304072919029307,0.49183202,0.2944208,0.62986445,0.589647,Q2
tx_000401,0,0.3026811187998206,0.11435645447745135,0.48567894,0.25032943,0.34849086,0.39418003,Q2
tx_000402,0,0.23728348304075403,0.11785745505810527,0.4864766,0.26759145,0.30396542,0.36188003,Q2
tx_000403,0,0.1879236584611606,0.13365927023150173,0.48426902,0.35277173,0.29246593,0.33609635,Q3
tx_000404,0,0.2871772548577447,0.13306914927351762,0.49236208,0.34945348,0.3588798,0.38976967,Q3
tx_000405,0,0.152733008372669,0.11716870146455591,0.48701978,0.26413676,0.24103044,0.3198764,Q2
tx_000406,0,0.17918289503649706,0.16295190443245725,0.48701978,0.50971615,0.33609232,0.33310133,Q4
tx_000407,0,0.3644733606513049,0.08120819756414512,0.48701978,0.13012803,0.3804201,0.42574656,Q1
tx_000408,0,0.0,0.08085766449289716,0.4862633,0.12927523,0.0628618,0.24313165,Q1
tx_000409,0,0.2840546404903651,0.09113425463261612,0.48701978,0.15770116,0.31606248,0.3855372,Q1
tx_000410,0,0.15700932422160363,0.14437158911052167,0.48701978,0.4131217,0.2933438,0.32201454,Q3
tx_000411,0,0.07738852804981225,0.15375403581770006,0.48701978,0.4640095,0.2674613,0.28220415,Q3
tx_000412,0,0.08348542286319842,0.14076077793783412,0.48701978,0.3928666,0.2420206,0.2852526,Q3
tx_000413,0,0.3936633615416727,0.2066872611335322,0.48701978,0.6461186,0.45398265,0.44034156,Q4
tx_000414,0,0.35542578831791305,0.10198226437193966,0.48701978,0.1959906,0.38121694,0.42122278,Q1
tx_000415,0,0.08748140310980415,0.11128026635118425,0.48567894,0.23580948,0.18138015,0.28658018,Q2
tx_000416,0,0.45724210437527646,0.09008394980312749,0.48701978,0.15445778,0.46184146,0.47213095,Q1
tx_000417,0,0.13823977372934182,0.15832905725887098,0.5079431,0.4873753,0.31842405,0.32309145,Q4
tx_000418,0,0.08655625576918755,0.14502239472933892,0.48701978,0.41674536,0.25344756,0.28678802,Q3
tx_000419,0,0.0,0.097947765498435,0.48701978,0.1807171,0.0880128,0.24350989,Q1
tx_000420,0,0.08645590546848325,0.1348954472290498,0.48701978,0.3597367,0.23055345,0.28673783,Q3
tx_000421,0,0.041532043102883165,0.1607208483548555,0.48701978,0.49910492,0.26387715,0.2642759,Q4
tx_000422,0,0.0624061219020251,0.1242909104989039,0.5035372,0.30108908,0.19522586,0.28297165,Q2
tx_000423,0,0.23588449644998277,0.17423638745958003,0.48567894,0.558003,0.37527055,0.36078173,Q4
tx_000424,0,0.23651685300661945,0.13175425256669457,0.48701978,0.34208032,0.32220897,0.3617683,Q3
tx_000425,0,0.08104913854676088,0.1261246150901671,0.48701978,0.31098804,0.20730114,0.28403446,Q2
tx_000426,0,0.2904890454073467,0.12899324714997834,0.48701978,0.32671797,0.35469916,0.38875443,Q2
tx_000427,0,0.26375575543045715,0.08010978702819792,0.4839927,0.1274819,0.291832,0.37387425,Q1
tx_000428,0,0.0,0.1316566081615661,0.49268588,0.34153405,0.16826901,0.24634294,Q2
tx_000429,1,0.8865363666676652,0.15963963188104008,0.5046596,0.49384645,0.6979479,0.695598,Q4
tx_000430,0,0.07339398642312853,0.1425754466971177,0.48332846,0.40307355,0.23862773,0.27836123,Q3
tx_000431,0,0.0,0.1449960305139842,0.48701978,0.4165988,0.20289186,0.24350989,Q3
tx_000432,0,0.17152684047944927,0.15460276776091322,0.48701978,0.46842957,0.31931305,0.3292733,Q3
tx_000433,0,0.250916671816384,0.16839170951740734,0.48701978,0.53415406,0.3770321,0.36896822,Q4
tx_000434,0,0.0,0.08408757908903332,0.48701978,0.13743493,0.06693353,0.24350989,Q1
tx_000435,0,0.2907894283403624,0.09178304729433076,0.48701978,0.1597447,0.3221362,0.3889046,Q1
tx_000436,0,0.2361271839191344,0.13233183590610126,0.49007082,0.34531534,0.32381782,0.363099,Q3
tx_000437,0,0.19380952867075527,0.11226232441364775,0.48701978,0.24037604,0.26429024,0.34041464,Q2
tx_000438,1,1.0,0.14969751235091455,0.49050426,0.44241497,0.77459145,0.74525213,Q3
tx_000439,0,0.0,0.11349023950430201,0.48701978,0.24617726,0.11989319,0.24350989,Q2
tx_000440,0,0.5247606440369719,0.0981020519931943,0.48701978,0.18127853,0.51791906,0.50589025,Q1
tx_000441,0,0.0,0.15131766863516466,0.48701978,0.45112705,0.2197078,0.24350989,Q3
tx_000442,1,0.5491176073457626,0.09525916785490907,0.49235848,0.17122148,0.5393992,0.52073807,Q1
tx_000443,0,0.4054421306284455,0.13077578241378446,0.48701978,0.33661535,0.4329024,0.44623095,Q2
tx_000444,0,0.37773335437461353,0.08364212159149736,0.48701978,0.13626881,0.3926257,0.43237656,Q1
tx_000445,0,0.029989214010205573,0.14087017913147107,0.48701978,0.39348316,0.20982306,0.2585045,Q3
tx_000446,0,0.2595953278801222,0.14140197875256397,0.48701978,0.39647824,0.34976417,0.37330756,Q3
tx_000447,0,0.1631427709388486,0.139168944543563,0.49032697,0.38388315,0.2887433,0.32673487,Q3
tx_000448,1,0.42692696655276285,0.08369027294541896,0.48701978,0.1363942,0.43512326,0.45697337,Q1
tx_000449,1,0.5981430408700668,0.1432915545421854,0.48393625,0.4070872,0.5516509,0.54103965,Q3
tx_000450,0,0.017637284096634537,0.11039785753274028,0.48582464,0.23176281,0.1261457,0.25173098,Q2
tx_000451,0,0.1507720818008656,0.1651415009436672,0.5047812,0.5198038,0.33478737,0.32777664,Q4
tx_000452,0,0.34120350861589077,0.18366077424816407,0.48701978,0.5910441,0.42738736,0.41411164,Q4
tx_000453,0,0.14235257945250218,0.10226650761034778,0.4853883,0.19711308,0.2099694,0.31387043,Q1
tx_000454,0,0.11199854412809226,0.097923441036674,0.48701978,0.18062873,0.17973816,0.29950917,Q1
tx_000455,0,0.32920136672887335,0.16461516005281512,0.48519173,0.51740915,0.4099122,0.40719655,Q4
tx_000456,0,0.3168860663839815,0.15427668263100736,0.49261138,0.46673572,0.39890337,0.40474874,Q3
tx_000457,0,0.34251620475960576,0.1036820776503597,0.48701978,0.20279378,0.37182063,0.41476798,Q1
tx_000458,0,0.08597956847342533,0.1405595234934921,0.50834286,0.39173198,0.25143278,0.29716122,Q3
tx_000459,0,0.1677310140368499,0.1588765603076196,0.50834286,0.49009144,0.33466196,0.33803695,Q4
tx_000460,1,0.8705748744010396,0.16503452430997545,0.5037606,0.51931864,0.68008137,0.68716776,Q4
tx_000461,0,0.09619971392296964,0.1557638270005367,0.4859777,0.47441542,0.28111643,0.2910887,Q3
tx_000462,0,0.1126242230792661,0.08284501162460159,0.48701978,0.134215,0.16287372,0.299822,Q1
tx_000463,0,0.2222142892246084,0.1860378669666795,0.48701978,0.5983396,0.3806579,0.35461703,Q4
tx_000464,0,0.29287892737761545,0.12866876262127358,0.49287155,0.3249255,0.35786164,0.39287525,Q2
tx_000465,1,0.694642885451308,0.18538278238161865,0.48701978,0.5963698,0.5708227,0.59083134,Q4
tx_000466,0,0.0,0.12509358531941306,0.49207273,0.30540562,0.15028177,0.24603637,Q2
tx_000467,0,0.0,0.1498680097756887,0.48701978,0.44333676,0.21591377,0.24350989,Q3
tx_000468,0,0.07214231959828948,0.13874139352651133,0.48701978,0.38146734,0.23040451,0.27958104,Q3
tx_000469,0,0.16771867332712923,0.12876178088821216,0.48701978,0.32543907,0.27163172,0.3273692,Q2
tx_000470,0,0.39038862441670485,0.09694696367843852,0.50646555,0.17711885,0.41094807,0.44842708,Q1
tx_000471,0,0.12401723814630723,0.11378055205090257,0.48701978,0.24756339,0.21388339,0.3055185,Q2
tx_000472,0,0.08080467577572015,0.13543489383823826,0.48494267,0.36278102,0.22741827,0.2828737,Q3
tx_000473,0,0.07590500793829395,0.13217647239760436,0.49700245,0.34444457,0.22094974,0.28645372,Q3
tx_000474,1,0.9279866717192922,0.09079036945055732,0.48701978,0.15663043,0.85891783,0.7075032,Q1
tx_000475,0,0.25869213514494205,0.1151943975521666,0.48701978,0.25439197,0.31677687,0.37285596,Q2
tx_000476,0,0.20641939688560657,0.09707899092717874,0.50469893,0.17758922,0.25939062,0.35555917,Q1
tx_000477,1,0.7811158503193879,0.18050149244504893,0.48701978,0.5807088,0.61033165,0.6340678,Q4
tx_000478,0,0.23676683098996812,0.1688279980836743,0.49217927,0.5360221,0.37367356,0.36447304,Q4
tx_000479,0,0.25504304446241477,0.18426346124438003,0.48701978,0.5929325,0.3925896,0.3710314,Q4
tx_000480,1,0.3747001112129936,0.1671625739340063,0.49268475,0.52881664,0.43709233,0.43369243,Q4
tx_000481,0,0.27656403913730315,0.12686979132797682,0.49277005,0.31504753,0.3446792,0.38466704,Q2
tx_000482,0,0.1963876985414685,0.08776524472729665,0.5039066,0.14757758,0.2417706,0.35014716,Q1
tx_000483,0,0.3728169595120199,0.15059956232074856,0.48701978,0.44727898,0.42389748,0.42991835,Q3
tx_000484,0,0.0,0.11658518124346573,0.48701978,0.2612319,0.1272251,0.24350989,Q2
tx_000485,0,0.11823708996485635,0.12406781297552398,0.5042976,0.2998941,0.23401436,0.31126735,Q2
tx_000486,0,0.44868356358341466,0.18165872308852632,0.50844806,0.58458024,0.4836207,0.4785658,Q4
tx_000487,0,0.04861732884306366,0.1530473887843828,0.4853883,0.46030182,0.2496638,0.26700282,Q3
tx_000488,0,0.2963395211825451,0.08540821551029638,0.48701978,0.14097053,0.3232198,0.39167964,Q1
tx_000489,0,0.25709645042903795,0.1544948302952445,0.48701978,0.46786952,0.36467057,0.3720581,Q3
tx_000490,0,0.30875709718076005,0.09953938850955968,0.48701978,0.18659544,0.3420201,0.39788842,Q1
tx_000491,0,0.04060367597626416,0.09726313986028717,0.4912699,0.17824747,0.120933786,0.2659368,Q1
tx_000492,0,0.24306961116004827,0.16703712312472666,0.5044486,0.5282657,0.38114715,0.3737591,Q4
tx_000493,0,0.08524228056635542,0.15608007793740303,0.48701978,0.4760334,0.27650177,0.28613102,Q3
tx_000494,0,0.23998488074445823,0.11597515920904802,0.48701978,0.2582171,0.30377352,0.36350232,Q2
tx_000495,0,0.502976508888338,0.22335937176589277,0.48701978,0.6686904,0.4923064,0.49499816,Q4
tx_000496,0,0.13230451573659507,0.1393876392206932,0.48701978,0.38511842,0.2689119,0.30966216,Q3
tx_000497,0,0.19260722107495548,0.16994477413113573,0.49274772,0.54073995,0.3549052,0.34267747,Q4
tx_000498,1,0.5044917194377091,0.17643992159442154,0.49221486,0.5663269,0.49753904,0.4983533,Q4
tx_000499,0,0.09988997506772704,0.11733873300618791,0.4855475,0.264987,0.20208421,0.29271874,Q2
tx_000500,0,0.32558624152809534,0.13768751420267777,0.48567894,0.37551025,0.38570267,0.4056326,Q3
tx_000501,0,0.29047234263983635,0.09457410023325746,0.48701978,0.16888869,0.323667,0.38874605,Q1
tx_000502,0,0.1816698096893939,0.09078262336390255,0.48494267,0.1566064,0.22916427,0.33330625,Q1
tx_000503,0,0.25800041775216,0.14462387119551626,0.4927645,0.4145276,0.35531658,0.37538245,Q3
tx_000504,0,0.33892661095724397,0.12528771143414347,0.5027502,0.30645353,0.38913095,0.42083842,Q2
tx_000505,0,0.19772188510819863,0.10151659870292863,0.48701978,0.19416487,0.25389338,0.34237084,Q1
tx_000506,0,0.22477562444055277,0.11863077799454838,0.48455274,0.27150297,0.2953059,0.35466418,Q2
tx_000507,0,0.17029300203445397,0.10225423708606325,0.48701978,0.19706449,0.2327086,0.32865638,Q1
tx_000508,0,0.30553593308126314,0.09615912875174465,0.48408276,0.17433944,0.33666372,0.39480937,Q1
tx_000509,0,0.13232843937214253,0.09814031674934186,0.49278238,0.18141803,0.19772127,0.3125554,Q1
tx_000510,0,0.2755241429286438,0.11742519825486022,0.48701978,0.26542005,0.33165932,0.38127196,Q2
tx_000511,0,0.1988564155310107,0.13732212315483644,0.484617,0.37344456,0.30557215,0.3417367,Q3
tx_000512,0,0.2903306809173148,0.1521850684939128,0.48701978,0.455745,0.37997076,0.3886752,Q3
tx_000513,0,0.16023271485477408,0.14748042342650636,0.49016795,0.43032947,0.30221358,0.32520032,Q3
tx_000514,0,0.30588741028472033,0.08586896990478425,0.49272913,0.14223191,0.33246225,0.39930826,Q1
tx_000515,0,0.14956230822316716,0.10013485710375135,0.48701978,0.18884394,0.21328911,0.31829104,Q1
tx_000516,0,0.29090992238755176,0.16710624774744448,0.484485,0.5285694,0.39322776,0.38769746,Q4
tx_000517,0,0.39218920143365227,0.12151580079476708,0.4847075,0.2863845,0.41868502,0.43844837,Q2
tx_000518,0,0.16704432535162303,0.08089582235575168,0.50862277,0.12936768,0.21123353,0.33783355,Q1
tx_000519,0,0.005929582611029077,0.14488823250839006,0.48701978,0.41599926,0.20606275,0.24647468,Q3
tx_000520,0,0.2676367289978244,0.1276305903441542,0.48701978,0.3192122,0.33766645,0.37732825,Q2
tx_000521,0,0.16851346685845672,0.12853790853914152,0.48603955,0.32420358,0.27145654,0.3272765,Q2
tx_000522,0,0.1046265718089509,0.08645584556835396,0.5037041,0.14385968,0.16203773,0.30416533,Q1
tx_000523,0,0.2018520648975911,0.08524856015592923,0.48701978,0.1405368,0.24192864,0.34443593,Q1
tx_000524,0,0.3193185266436309,0.12481523977837791,0.4853883,0.30390576,0.3697881,0.4023534,Q2
tx_000525,0,0.051663046580766536,0.13319401279242166,0.48701978,0.35015517,0.20410545,0.2693414,Q3
tx_000526,0,0.3149854381435578,0.11649987870876244,0.48701978,0.260809,0.3598535,0.4010026,Q2
tx_000527,0,0.200341339555307,0.12469371902717591,0.4926661,0.30325195,0.28898937,0.34650373,Q2
tx_000528,0,0.4303635523936362,0.11310677770055641,0.48701978,0.24435484,0.4442078,0.45869166,Q2
tx_000529,1,0.6358469704545432,0.10264643147782362,0.49526298,0.19862293,0.60792375,0.565555,Q1
tx_000530,0,0.11529137462641037,0.15208606286949944,0.50779563,0.45521963,0.293967,0.3115435,Q3
tx_000531,0,0.42888573647179,0.1903105080838065,0.48701978,0.61044693,0.4643735,0.45795274,Q4
tx_000532,0,0.0,0.11021818520524587,0.48645902,0.23094547,0.1123455,0.24322951,Q2
tx_000533,0,0.28814548316929833,0.14071104855545474,0.48701978,0.39258632,0.3662208,0.38758263,Q3
tx_000534,0,0.3266514996542359,0.19052428470052324,0.48701978,0.6110197,0.42463967,0.40683565,Q4
tx_000535,0,0.3015923078852241,0.10241243526753387,0.48701978,0.1976917,0.3382498,0.39430606,Q1
tx_000536,0,0.4396362141006188,0.20922628683169742,0.49217927,0.6503258,0.47380632,0.46590775,Q4
tx_000537,0,0.09552825032158417,0.12566542350208174,0.4855475,0.30849674,0.21584792,0.2905379,Q2
tx_000538,1,0.6799810179284069,0.1141962732145211,0.48809946,0.24955793,0.6320954,0.5840402,Q2
tx_000539,0,0.08698445858664322,0.10233420581691488,0.49050426,0.19738135,0.16663173,0.28874436,Q1
tx_000540,0,0.3659707965862756,0.18979958101703093,0.48701978,0.6090656,0.43969756,0.42649528,Q4
tx_000541,0,0.32832374001907894,0.08579939584844501,0.48701978,0.1420405,0.350865,0.40767175,Q1
tx_000542,0,0.290963090265308,0.08464339461764098,0.48701978,0.13890858,0.31819707,0.38899142,Q1
tx_000543,0,0.0,0.1423795301603978,0.48701978,0.40197393,0.19576925,0.24350989,Q3
tx_000544,0,0.20450466072261692,0.17983850741002064,0.48701978,0.57844585,0.36792433,0.34576222,Q4
tx_000545,0,0.19716855279122122,0.1804593142386311,0.48827294,0.5805658,0.3661738,0.34272075,Q4
tx_000546,0,0.3341295856905995,0.1459941747412969,0.4926917,0.42213634,0.4010644,0.41341063,Q3
tx_000547,0,0.5839576819913199,0.137579164760616,0.4853883,0.3748976,0.5470042,0.534673,Q3
tx_000548,0,0.15811100099213404,0.14126631902801115,0.48701978,0.3957145,0.28826496,0.32256538,Q3
tx_000549,0,0.3532919608348102,0.11605808817205254,0.49272913,0.25862563,0.389354,0.42301053,Q2
tx_000550,0,0.44045551837611596,0.1692862186643569,0.4924586,0.537969,0.4684316,0.46645707,Q4
tx_000551,0,0.4311117636666369,0.140893255940661,0.48701978,0.39361316,0.45311788,0.45906577,Q3
tx_000552,0,0.05487414976796942,0.15573081001409844,0.48701978,0.47424623,0.2598176,0.27094695,Q3
tx_000553,0,0.12324556692412293,0.1337350943691005,0.48701978,0.35319835,0.25173002,0.3051327,Q3
tx_000554,1,0.6525768690500987,0.1697614192258256,0.50348437,0.53997165,0.57207114,0.5780306,Q4
tx_000555,1,0.685946990046779,0.13278252019794198,0.4847362,0.34784377,0.6159571,0.5853416,Q3
tx_000556,0,0.15476540101756034,0.11989292088775122,0.48519173,0.27795887,0.24661033,0.31997856,Q2
tx_000557,0,0.23579402025526539,0.10130408157089754,0.49273267,0.1933371,0.2854698,0.36426336,Q1
tx_000558,0,0.24871545377553506,0.1825858017881676,0.48701978,0.5876101,0.3887455,0.36786762,Q4
tx_000559,0,0.3114679373403033,0.1525333677352113,0.48701978,0.45758978,0.39179868,0.39924386,Q3
tx_000560,0,0.20402011932627853,0.15911309249031869,0.48433793,0.49125928,0.34172884,0.34417903,Q4
tx_000561,0,0.13388522800362024,0.15265912185837707,0.48701978,0.45825437,0.29571068,0.31045252,Q3
tx_000562,0,0.3845823380459915,0.11501795763089553,0.48519173,0.25353286,0.41009012,0.43488705,Q2
tx_000563,0,0.38494116077104956,0.11913879682081358,0.48701978,0.274091,0.41292,0.43598047,Q2
tx_000564,0,0.15802896953052054,0.09996766266117214,0.48578942,0.18820992,0.21971676,0.3219092,Q1
tx_000565,0,0.2537776554796988,0.19012812245993205,0.48701978,0.6099559,0.39604506,0.3703987,Q4
tx_000566,0,0.27874088463119334,0.08955682086402668,0.48701978,0.15285999,0.3105784,0.38288033,Q1
tx_000567,0,0.25940292088961336,0.1824327198246204,0.48701978,0.5871142,0.39304,0.37321135,Q4
tx_000568,0,0.06416543622458135,0.0811621686047415,0.48701978,0.13001558,0.11914308,0.2755926,Q1
tx_000569,0,0.19296157288430982,0.13706315927782226,0.48701978,0.37198058,0.3023455,0.33999068,Q3
tx_000570,0,0.38496909379377187,0.19934901891518164,0.48519173,0.63208467,0.4483183,0.4350804,Q4
tx_000571,0,0.2908296852979035,0.15700540307361466,0.48701978,0.4807351,0.38514516,0.38892472,Q3
tx_000572,0,0.0,0.10708536010910215,0.50779563,0.21706304,0.110223666,0.25389782,Q2
tx_000573,0,0.1182447461098287,0.08583081226613046,0.4844135,0.1421269,0.17028718,0.30132914,Q1
tx_000574,0,0.0,0.08952644204255218,0.48701978,0.15276852,0.07440129,0.24350989,Q1
tx_000575,0,0.29469129790486087,0.14704254877004574,0.48519173,0.4279226,0.37621075,0.3899415,Q3
tx_000576,0,0.2378025866430045,0.09189467971551205,0.48701978,0.16009939,0.2777021,0.36241117,Q1
tx_000577,0,0.0,0.11280688916525092,0.48701978,0.2429364,0.11831483,0.24350989,Q2
tx_000578,0,0.3295037196724493,0.0846010454214331,0.48701978,0.13879557,0.35136625,0.40826175,Q1
tx_000579,0,0.024434809316228406,0.12392381861200856,0.49679798,0.2991239,0.16572993,0.2606164,Q2
tx_000580,0,0.1800788112365716,0.13693919604516244,0.48701978,0.37127987,0.29403982,0.3335493,Q3
tx_000581,0,0.3867824506205403,0.18339927128907962,0.48701978,0.5902165,0.4459442,0.4369011,Q4
tx_000582,1,0.6569423106312062,0.19087949925814485,0.48701978,0.6119645,0.55295575,0.5719811,Q4
tx_000583,0,0.40501517046221525,0.1504193390650218,0.492766,0.4463098,0.44417924,0.44889057,Q3
tx_000584,0,0.5250650066793421,0.1212714742161417,0.49247122,0.2851074,0.5157723,0.5087681,Q2
tx_000585,0,0.23838099715558003,0.12763948381712925,0.48701978,0.319261,0.31776166,0.3627004,Q2
tx_000586,0,0.24100325520663557,0.1683845326081651,0.48701978,0.5341233,0.37240642,0.36401153,Q4
tx_000587,0,0.19410663846346007,0.18222732682202522,0.48409566,0.58644605,0.36416957,0.33910114,Q4
tx_000588,0,0.05939005618250692,0.13418960002370472,0.48701978,0.35575762,0.2115226,0.27320492,Q3
tx_000589,0,0.29513566609328273,0.17715431788514086,0.48578942,0.5689467,0.4036075,0.39046255,Q4
tx_000590,0,0.3427460872794422,0.18347026909282485,0.48701978,0.5904417,0.4279313,0.41488293,Q4
tx_000591,0,0.1838120617264687,0.1144429988575531,0.48701978,0.25074694,0.25984046,0.33541593,Q2
tx_000592,0,0.40435718832966916,0.090970401258052,0.48701978,0.15718994,0.4173509,0.4456885,Q1
tx_000593,0,0.12415359010022788,0.12635285624865225,0.48701978,0.31222928,0.23745105,0.3055867,Q2
tx_000594,0,0.4823170508622145,0.21316325608451925,0.48701978,0.6562563,0.48540324,0.48466843,Q4
tx_000595,1,0.5999403697777617,0.08088887782845222,0.4855475,0.12935084,0.58514357,0.5427439,Q1
tx_000596,0,0.22796965912856604,0.08485727858593518,0.48701978,0.13948122,0.26410228,0.3574947,Q1
tx_000597,0,0.06020039350550055,0.13590194708365508,0.48358625,0.3654184,0.21491338,0.27189332,Q3
tx_000598,0,0.19735957916464017,0.15357950143347426,0.48701978,0.46309596,0.33150005,0.34218967,Q3
tx_000599,0,0.32419772554821386,0.20065445512354987,0.4853883,0.6347977,0.42652115,0.40479302,Q4
tx_000600,0,0.005113450771314837,0.09500595592518962,0.48701978,0.17035517,0.08720868,0.24606661,Q1
tx_000601,0,0.3016347683804139,0.13117986305289597,0.48701978,0.3388698,0.36445615,0.39432728,Q2
tx_000602,0,0.49932354462113626,0.11330348595229917,0.48701978,0.24528848,0.49630558,0.49317166,Q2
tx_000603,0,0.24251601002524387,0.15962318043256737,0.48701978,0.49376592,0.36324364,0.3647679,Q4
tx_000604,0,0.0,0.12130184266919716,0.48701978,0.28526598,0.13893017,0.24350989,Q2
tx_000605,0,0.3755324401860315,0.16624603816223116,0.48513147,0.5247655,0.43304622,0.43033195,Q4
tx_000606,0,0.5637002283389784,0.10681779991018432,0.48701978,0.21591023,0.5471441,0.52536,Q2
tx_000607,0,0.21802965216007825,0.18262534984356055,0.4924626,0.587738,0.37932432,0.35524613,Q4
tx_000608,0,0.2560601581389262,0.09865730193887312,0.48701978,0.18331395,0.29839826,0.37153995,Q1
tx_000609,0,0.39040755930335613,0.10915250657841155,0.49247122,0.22614437,0.4134887,0.4414394,Q2
tx_000610,0,0.3959044765385863,0.20527668431612212,0.49268475,0.64364344,0.45819646,0.44429463,Q4
tx_000611,0,0.2765788792251652,0.12520993162499292,0.48701978,0.30603346,0.34098083,0.38179934,Q2
tx_000612,1,0.46962126188538067,0.11644885001733254,0.48358625,0.2605562,0.47325993,0.47660375,Q2
tx_000613,0,0.2194798371865783,0.10524726863672025,0.48282626,0.20924962,0.27458498,0.35115305,Q1
tx_000614,0,0.0,0.09359371157172677,0.48701978,0.16561109,0.08065587,0.24350989,Q1
tx_000615,0,0.2819791172901103,0.12157155529188032,0.4853883,0.2866763,0.3402917,0.3836837,Q2
tx_000616,0,0.3851317676499356,0.19168742874956113,0.4925736,0.61408204,0.4511099,0.43885267,Q4
tx_000617,0,0.3792464759749503,0.12141721827879182,0.50820684,0.28586882,0.41611224,0.44372666,Q2
tx_000618,0,0.1469047604692385,0.14191352946222674,0.4904515,0.3993559,0.2841022,0.31867814,Q3
tx_000619,0,0.31446361373922244,0.11109136590169554,0.48578942,0.23493865,0.3547147,0.40012652,Q2
tx_000620,0,0.0,0.09499331668032218,0.49270278,0.17031203,0.083913215,0.24635139,Q1
tx_000621,0,0.22584213933834313,0.10810607167665182,0.4924409,0.22150867,0.28489608,0.35914153,Q2
tx_000622,0,0.048378062826029605,0.11144839340346135,0.48578942,0.23658657,0.15186372,0.26708373,Q2
tx_000623,0,0.036161814753149585,0.10611897260139773,0.48701978,0.21292405,0.13216032,0.2615908,Q2
tx_000624,1,0.8039255986678387,0.15628893005382602,0.5083379,0.47709882,0.66290104,0.65613174,Q3
tx_000625,0,0.28798168573358834,0.1746718550362962,0.48701978,0.5596772,0.39937878,0.38750073,Q4
tx_000626,0,0.27006100448748344,0.10277103371344841,0.49268475,0.19912048,0.31438997,0.38137287,Q1
tx_000627,0,0.38902368717146785,0.12386208309721103,0.48590794,0.298794,0.4179721,0.43746582,Q2
tx_000628,0,0.36588726707508523,0.1480615496012432,0.50768,0.43351397,0.42735636,0.4367836,Q3
tx_000629,0,0.05526798296375607,0.14780445387005076,0.48701978,0.43210655,0.24183077,0.27114388,Q3
tx_000630,0,0.16443205837820274,0.11730809959492275,0.48701978,0.26483372,0.24986418,0.3257259,Q2
tx_000631,0,0.36570309634802456,0.1680772028442521,0.48701978,0.5327989,0.4303405,0.42636144,Q4
tx_000632,0,0.2710482196471476,0.15081839540177494,0.48609468,0.4484539,0.36748666,0.37857145,Q3
tx_000633,0,0.44811975968441264,0.175047432215623,0.48701978,0.56110954,0.46994692,0.46756977,Q4
tx_000634,1,1.0,0.1308643980480904,0.48701978,0.33710948,0.8270695,0.7435099,Q2
tx_000635,0,0.07412325648390639,0.11165913736280622,0.49217212,0.23756343,0.17343637,0.2831477,Q2
tx_000636,0,0.12849117956923145,0.12007526552802929,0.4844135,0.27889872,0.22775745,0.30645233,Q2
tx_000637,0,0.3432608352337628,0.14311609102403586,0.49236208,0.40610462,0.4038115,0.41781145,Q3
tx_000638,0,0.2868568266540159,0.08053254771953898,0.50797063,0.12849128,0.31526804,0.39741373,Q1
tx_000639,0,0.1402274214481076,0.08414524715311247,0.48701978,0.13758686,0.18794149,0.3136236,Q1
tx_000640,0,0.20965835752339773,0.12645996669928383,0.48701978,0.31281245,0.29642045,0.34833908,Q2
tx_000641,0,0.42052360206633677,0.19426977514100613,0.48701978,0.62056214,0.46178862,0.4537717,Q4
tx_000642,0,0.0,0.1145926771484366,0.48701978,0.25147018,0.12247095,0.24350989,Q2
tx_000643,0,0.3955150667000979,0.16629455011998617,0.48486966,0.5249814,0.44242454,0.44019234,Q4
tx_000644,0,0.31274327602041796,0.17168906881353446,0.48701978,0.54792315,0.4082334,0.39988154,Q4
tx_000645,0,0.48414561458643396,0.1260211214909007,0.48701978,0.31042582,0.48503783,0.4855827,Q2
tx_000646,0,0.11690398359044551,0.08629304846099149,0.48648122,0.14340578,0.16990349,0.3016926,Q1
tx_000647,0,0.017854557066415977,0.13439435830807275,0.48701978,0.3569114,0.18530497,0.25243717,Q3
tx_000648,0,0.5832456216333272,0.11640095690846755,0.48353165,0.26031908,0.55728817,0.5333886,Q2
tx_000649,0,0.10901657811910409,0.10399075592920948,0.48701978,0.20405248,0.18614906,0.2980182,Q1
tx_000650,0,0.06909253794541406,0.15908601254949226,0.48701978,0.49112576,0.27434736,0.27805614,Q4
tx_000651,0,0.25331561731423824,0.16600790707769436,0.48701978,0.5237031,0.3757072,0.3701677,Q4
tx_000652,0,0.5121054310037235,0.1272960453002555,0.5081075,0.31737846,0.51083654,0.51010644,Q2
tx_000653,0,0.11772349112353764,0.16005127434499022,0.49564105,0.49585718,0.30511662,0.3066823,Q4
tx_000654,0,0.19278636523430567,0.12080441947937863,0.48701978,0.28267446,0.27595866,0.33990306,Q2
tx_000655,0,0.36010361112582256,0.1053455866359546,0.48494267,0.20966126,0.38627753,0.42252314,Q2
tx_000656,0,0.5346932605185053,0.19353340710356676,0.48645902,0.61875844,0.5048479,0.5105761,Q4
tx_000657,0,0.43732442211842226,0.09567637332664994,0.48533985,0.17265935,0.44561476,0.46133214,Q1
tx_000658,0,0.06783436412728064,0.11473477346254393,0.484485,0.25215808,0.17289619,0.27615967,Q2
tx_000659,0,0.0,0.10675857867128064,0.48701978,0.21565579,0.10502864,0.24350989,Q2
tx_000660,0,0.04640433042055925,0.1334306439928145,0.48701978,0.35148555,0.20127429,0.26671207,Q3
tx_000661,0,0.0,0.12583525848447913,0.48701978,0.3094172,0.15069228,0.24350989,Q2
tx_000662,1,0.7014216308698328,0.1164675117424386,0.5036255,0.2606486,0.64986634,0.60252357,Q2
tx_000663,0,0.02483493042089374,0.12691091299667667,0.48582464,0.3152721,0.17017213,0.2553298,Q2
tx_000664,0,0.31516332722627005,0.09193332051895049,0.48701978,0.16022238,0.34269857,0.40109155,Q1
tx_000665,1,0.8041974636151197,0.15926086991376637,0.48701978,0.4919871,0.64815015,0.64560866,Q4
tx_000666,0,0.24649976300426021,0.10450418237851937,0.5040888,0.2061619,0.2996048,0.3752943,Q1
tx_000667,0,0.3773465714196983,0.12200869275229301,0.48701978,0.28896984,0.40903884,0.43218318,Q2
tx_000668,0,0.0,0.0891797821138133,0.48701978,0.15172935,0.07389519,0.24350989,Q1
tx_000669,0,0.28844203451011835,0.08507166730721066,0.48701978,0.14005831,0.3162545,0.3877309,Q1
tx_000670,0,0.21720893534933639,0.13643871140559932,0.48701978,0.36845112,0.31662107,0.35211435,Q3
tx_000671,0,0.42014328542819285,0.15942810714986114,0.48578942,0.49280924,0.45249432,0.45296633,Q4
tx_000672,0,0.1419275783812869,0.14060403334701993,0.50425047,0.39198303,0.283952,0.32308903,Q3
tx_000673,0,0.0,0.08909615833289389,0.48701978,0.15147996,0.073773734,0.24350989,Q1
tx_000674,0,0.46874032849949726,0.11124572651778428,0.48701978,0.23565005,0.47304788,0.47788006,Q2
tx_000675,1,0.7762855921702624,0.09962022549913566,0.5080482,0.1868991,0.7261523,0.64216685,Q1
tx_000676,1,0.6702474999980601,0.08168327789999656,0.48701978,0.13129637,0.64619035,0.57863367,Q1
tx_000677,0,0.35465000864210294,0.1215748065765343,0.48701978,0.28669333,0.39259952,0.4208349,Q2
tx_000678,1,0.7056752621704437,0.12211137277562314,0.48358625,0.2895099,0.6413783,0.5946307,Q2
tx_000679,0,0.3990551808094226,0.1444981193730936,0.48827294,0.41382706,0.4359759,0.44366407,Q3
tx_000680,0,0.16085119610873466,0.12814006126316435,0.48701978,0.32201177,0.2658813,0.32393548,Q2
tx_000681,0,0.0,0.13238610116947364,0.48701978,0.34561962,0.16832359,0.24350989,Q3
tx_000682,0,0.07504990752657248,0.16352766179290928,0.48701978,0.5124007,0.28614354,0.28103483,Q4
tx_000683,0,0.4057932658569677,0.1948056859017959,0.49270388,0.62185305,0.45983893,0.44924858,Q4
tx_000684,1,0.7053921100050151,0.14784499517764899,0.48701978,0.4323286,0.61098355,0.59620595,Q3
tx_000685,0,0.29404583443405485,0.14168963933701928,0.4853883,0.39809683,0.3702187,0.38971707,Q3
tx_000686,0,0.35993336308166113,0.1188322734396079,0.49278238,0.27252778,0.3961384,0.42635787,Q2
tx_000687,0,0.0,0.09978596337930855,0.48701978,0.18752323,0.091327526,0.24350989,Q1
tx_000688,0,0.09506171422284174,0.1089822338087187,0.4935441,0.22538476,0.18487357,0.2943029,Q2
tx_000689,1,0.8584389107001902,0.16758991746444887,0.48467806,0.53068477,0.66008973,0.6715585,Q4
tx_000690,0,0.21683741666733575,0.08138847465606207,0.48567894,0.13056967,0.25193995,0.3512582,Q1
tx_000691,0,0.23097233578625362,0.10001316156975526,0.49055183,0.18838222,0.2798725,0.3607621,Q1
tx_000692,0,0.22999691718097948,0.17139839196010492,0.48701978,0.5467419,0.37052208,0.35850835,Q4
tx_000693,0,0.28512292045643195,0.19285744080453476,0.5028681,0.61707187,0.41948736,0.39399552,Q4
tx_000694,0,0.26537119633739503,0.12043108147573746,0.50358826,0.28073776,0.33224773,0.38447973,Q2
tx_000695,0,0.14046602469598918,0.1652932455773234,0.4855475,0.5204905,0.32007766,0.31300676,Q4
tx_000696,1,0.8323392129832021,0.08694346518653036,0.4935441,0.14523026,0.78313595,0.6629417,Q1
tx_000697,0,0.11744935791150066,0.11390545146611544,0.48701978,0.24816146,0.2091625,0.30223456,Q2
tx_000698,1,0.6151900879123774,0.09443541815751515,0.4842579,0.16842069,0.5931384,0.549724,Q1
tx_000699,1,0.6387507645507668,0.16304097969502296,0.48486966,0.5101329,0.56025094,0.56181026,Q4
tx_000700,0,0.1341499163240245,0.1721544688964523,0.48701978,0.5498013,0.3281582,0.31058484,Q4
tx_000701,0,0.36741183208631417,0.15860825292276454,0.48701978,0.48876268,0.42587173,0.4272158,Q4
tx_000702,0,0.23610687439574135,0.11523569093272887,0.50348437,0.25459334,0.3041794,0.36979562,Q2
tx_000703,0,0.17128328110370222,0.13137592038168672,0.48701978,0.3399649,0.27862263,0.3291515,Q2
tx_000704,0,0.3245748881790853,0.16836193622884546,0.48701978,0.53402615,0.4113247,0.40579733,Q4
tx_000705,0,0.24059679996753344,0.15485455252889052,0.48701978,0.4697337,0.35634997,0.36380827,Q3
tx_000706,0,0.0,0.09383532352083265,0.50844806,0.16641222,0.08461197,0.25422403,Q1
tx_000707,0,0.0,0.1416542008961512,0.5083379,0.3978975,0.2022664,0.25416896,Q3
tx_000708,0,0.1057318651856889,0.1565103906274709,0.48701978,0.4782259,0.2880736,0.2963758,Q3
tx_000709,0,0.4239503239991287,0.08607756615743767,0.503367,0.14280775,0.43529165,0.46365866,Q1
tx_000710,0,0.0,0.08669821928466692,0.5037606,0.14453888,0.07281299,0.2518803,Q1
tx_000711,1,0.7150069717867621,0.09411003747266634,0.49025258,0.16732834,0.67739916,0.6026298,Q1
tx_000712,0,0.3482115081478782,0.10362466246928466,0.48701978,0.20256044,0.37632856,0.41761565,Q1
tx_000713,0,0.1504134654285921,0.08461425872008126,0.49277005,0.13883084,0.19794312,0.32159176,Q1
tx_000714,0,0.21406180946855558,0.08927984854737367,0.4927645,0.15202841,0.25643253,0.35341316,Q1
tx_000715,1,0.5900921303483977,0.14875148383905298,0.49032697,0.43727967,0.5464668,0.54020953,Q3
tx_000716,0,0.011158270618327665,0.10833626052219256,0.48701978,0.22252169,0.11704778,0.24908902,Q2
tx_000717,0,0.0,0.11231156606358807,0.48701978,0.24060674,0.11718024,0.24350989,Q2
tx_000718,0,0.1617053435133613,0.08924997966209376,0.48433793,0.15193906,0.21072584,0.32302165,Q1
tx_000719,0,0.1806723771315206,0.11340789910406339,0.48701978,0.24578515,0.25596803,0.3338461,Q2
tx_000720,0,0.21830815499332734,0.1182514902636589,0.484173,0.26958022,0.28998005,0.35124058,Q2
tx_000721,0,0.12024351024065434,0.09452616229752535,0.50377387,0.16872677,0.18495534,0.31200868,Q1
tx_000722,0,0.17349985660552658,0.08399013112135663,0.48701978,0.13717869,0.21650812,0.3302598,Q1
tx_000723,0,0.22521083399868203,0.18606535478834685,0.48701978,0.59842163,0.38188297,0.3561153,Q4
tx_000724,0,0.4286891526818608,0.11326915454691362,0.48418713,0.24512537,0.44229314,0.45643812,Q2
tx_000725,0,0.13851972383576652,0.12072490608237108,0.5047094,0.28226137,0.24188092,0.32161456,Q2
tx_000726,0,0.258695013882546,0.16960156264400503,0.48701978,0.53929985,0.3818305,0.3728574,Q4
tx_000727,0,0.37122262398711425,0.13551838835030308,0.48701978,0.3632524,0.4132862,0.4291212,Q3
tx_000728,0,0.0,0.15190522625907063,0.50384265,0.4542588,0.22887495,0.25192133,Q3
tx_000729,0,0.0,0.12120715145416872,0.50820684,0.28477165,0.14472291,0.25410342,Q2
tx_000730,0,0.1483481375854327,0.09283570419691671,0.49183202,0.16312581,0.20437923,0.3200901,Q1
tx_000731,0,0.2855275306972901,0.1156196927122042,0.48701978,0.2564709,0.33720443,0.38627365,Q2
tx_000732,0,0.3864764602230901,0.17784405516025933,0.48519173,0.5714395,0.44288623,0.4358341,Q4
tx_000733,0,0.30288868481591946,0.15053494757984853,0.4858285,0.4469316,0.3846503,0.39435858,Q3
tx_000734,0,0.4558746073235971,0.09729223520349056,0.49248585,0.17835169,0.4624043,0.47418022,Q1
tx_000735,0,0.3598474315270095,0.090894475455818,0.48701978,0.15695368,0.3798076,0.4234336,Q1
tx_000736,0,0.01739740500092718,0.1111188028599662,0.48519173,0.23506497,0.12735946,0.25129458,Q2
tx_000737,0,0.15685370397099446,0.15093730050693743,0.50820684,0.44909146,0.3146434,0.33253026,Q3
tx_000738,0,0.4827717210716857,0.13543698454658346,0.48494267,0.3627928,0.4835593,0.4838572,Q3
tx_000739,0,0.18467420431137016,0.10599406657074892,0.48701978,0.21239413,0.24889064,0.335847,Q2
tx_000740,0,0.12954545111448218,0.08583860463997361,0.5046485,0.14214832,0.18286571,0.31709698,Q1
tx_000741,0,0.15866752825746933,0.12718622476483477,0.4855692,0.3167773,0.26222256,0.32211837,Q2
tx_000742,0,0.12379549859182358,0.15124126032138396,0.48701978,0.45071858,0.2875074,0.30540764,Q3
tx_000743,0,0.1478437076528037,0.08191959702619979,0.48701978,0.13188297,0.19257525,0.31743175,Q1
tx_000744,0,0.14868031187930855,0.14490479820875474,0.48701978,0.41609135,0.28946045,0.31785005,Q3
tx_000745,0,0.30870511895782343,0.11570539176876585,0.48701978,0.2568912,0.35451257,0.39786243,Q2
tx_000746,0,0.3618022227972434,0.20912399419725242,0.48701978,0.6501623,0.44321394,0.424411,Q4
tx_000747,0,0.3754434368435744,0.16060966877927135,0.48701978,0.4985676,0.43107182,0.43123162,Q4
tx_000748,0,0.3107212800262292,0.15374753943470904,0.4858285,0.46397546,0.39196676,0.3982749,Q3
tx_000749,0,0.36413278587275844,0.09826347612108982,0.4855475,0.18186787,0.38621426,0.42484015,Q1
tx_000750,0,0.25519124203074484,0.18153670210589373,0.48701978,0.5841767,0.39062005,0.3711055,Q4
tx_000751,0,0.22823457047090048,0.17976532805962253,0.48701978,0.5781941,0.37786263,0.35762718,Q4
tx_000752,0,0.22656844164587397,0.17287143524847307,0.4853883,0.5526628,0.36960858,0.35597837,Q4
tx_000753,0,0.023927047860120315,0.09207902136514928,0.48701978,0.16068713,0.098340094,0.2554734,Q1
tx_000754,0,0.3554842793013577,0.1319462187494162,0.48701978,0.34315485,0.40062132,0.421252,Q3
tx_000755,0,0.21611087856602917,0.16001545176633183,0.49302852,0.4956827,0.35337415,0.3545697,Q4
tx_000756,0,0.31469264592168766,0.1401501903464732,0.48519173,0.38942322,0.3810889,0.3999422,Q3
tx_000757,0,0.422193348670737,0.14561651261835373,0.48790807,0.4200443,0.44979644,0.4550507,Q3
tx_000758,1,1.0,0.08794256541959082,0.48494267,0.14809026,0.92372507,0.74247134,Q1
tx_000759,0,0.5019627138542306,0.11381580145172086,0.48782173,0.24773207,0.49845958,0.49489224,Q2
tx_000760,0,0.40174910991248614,0.11044048091141792,0.48701978,0.231957,0.42152822,0.44438446,Q2
tx_000761,0,0.15725266284076744,0.12591486790997364,0.48701978,0.30984905,0.2594307,0.32213622,Q2
tx_000762,0,0.07881820816774585,0.1494165537912151,0.48701978,0.44089338,0.25879157,0.282919,Q3
tx_000763,0,0.0,0.09078660697159689,0.48701978,0.15661877,0.076276444,0.24350989,Q1
tx_000764,0,0.4712215242426931,0.20470191468522242,0.5080482,0.6426056,0.49488655,0.48963487,Q4
tx_000765,0,0.0,0.15138907880490565,0.48701978,0.45150843,0.21989353,0.24350989,Q3
tx_000766,0,0.14450730259884914,0.14060782812974582,0.48578942,0.39200443,0.2782914,0.31514835,Q3
tx_000767,0,0.14336396936871504,0.1371896328056306,0.5035372,0.37269548,0.2775989,0.32345057,Q3
tx_000768,0,0.25168666264026385,0.15757024072863796,0.48701978,0.48358122,0.36548933,0.36935323,Q3
tx_000769,0,0.3957530055069153,0.1974778271834644,0.48701978,0.62802225,0.45307058,0.4413864,Q4
tx_000770,0,0.4002914661257947,0.1678712612258481,0.48701978,0.53190756,0.44642293,0.4436556,Q4
tx_000771,0,0.20884859427489483,0.12672066441750443,0.48519173,0.31423354,0.29568487,0.34702015,Q2
tx_000772,0,0.12764755876554293,0.11411075324555826,0.48701978,0.2491467,0.21718398,0.30733368,Q2
tx_000773,0,0.21872492245939829,0.1417664118817905,0.48404577,0.39852864,0.3244629,0.35138535,Q3
tx_000774,0,0.019022521152746302,0.10149974901246665,0.48701978,0.1940991,0.10986037,0.25302115,Q1
tx_000775,0,0.1851604518798808,0.1450701993739588,0.48701978,0.4170111,0.31103915,0.33609012,Q3
tx_000776,0,0.21149742957936687,0.17894278031022462,0.48701978,0.5753362,0.3700154,0.3492586,Q4
tx_000777,0,0.19295525545909495,0.08705259477615288,0.48701978,0.14553927,0.2357532,0.33998752,Q1
tx_000778,0,0.3285019863596584,0.09534192972405899,0.484617,0.17150567,0.3552766,0.4065595,Q1
tx_000779,0,0.2241396567095122,0.18094648586184447,0.48701978,0.5822093,0.3771909,0.35557973,Q4
tx_000780,0,0.1784535384920751,0.15130785736233932,0.49361372,0.45107454,0.32061428,0.33603364,Q3
tx_000781,0,0.5039336510507356,0.08655531751444369,0.49235848,0.14413795,0.5022652,0.49814606,Q1
tx_000782,0,0.2649384820243543,0.18326124230263774,0.48701978,0.5897777,0.3959171,0.37597913,Q4
tx_000783,0,0.43318177529396723,0.08306996685317,0.48701978,0.13479036,0.4404386,0.46010077,Q1
tx_000784,0,0.23076930670311535,0.10557490762632814,0.48701978,0.21062411,0.28474185,0.35889453,Q2
tx_000785,0,0.03884084446508404,0.13363315730756065,0.48701978,0.3526247,0.19687982,0.2629303,Q3
tx_000786,0,0.13838733211596244,0.1574254293244671,0.48701978,0.48285326,0.30672565,0.31270355,Q3
tx_000787,0,0.32099382600380116,0.09406131362766706,0.48519173,0.16716546,0.34844205,0.4030928,Q1
tx_000788,0,0.08935509177973155,0.1115292098948483,0.48409566,0.23696083,0.18289314,0.28672537,Q2
tx_000789,0,0.2850300749293286,0.18939344632470262,0.49220002,0.60795486,0.41098005,0.38861504,Q4
tx_000790,0,0.16710525549575808,0.10060304286884236,0.48701978,0.19063072,0.2280908,0.32706252,Q1
tx_000791,0,0.36451288510349433,0.08238321774688945,0.48701978,0.13304429,0.38081172,0.42576635,Q1
tx_000792,0,0.15720842536136967,0.15859630752576048,0.50844806,0.4887034,0.32886046,0.33282825,Q4
tx_000793,1,0.4500592145718849,0.19074968300457512,0.5036255,0.6116202,0.48282146,0.47684234,Q4
tx_000794,0,0.14516907950235985,0.09889096121288374,0.48701978,0.18417744,0.20813027,0.31609443,Q1
tx_000795,0,0.0,0.13726641971746617,0.5037606,0.37312955,0.18796796,0.2518803,Q3
tx_000796,0,0.0,0.12273916296944248,0.48701978,0.29282287,0.14261054,0.24350989,Q2
tx_000797,0,0.34243757167727734,0.12190792491301378,0.48701978,0.28844032,0.3841409,0.41472867,Q2
tx_000798,0,0.1861020856554172,0.14791201225083064,0.48701978,0.43269563,0.31630784,0.33656093,Q3
tx_000799,0,0.3626158437751855,0.14339541978370263,0.49032697,0.40766865,0.41467968,0.4264714,Q3
tx_000800,0,0.0,0.10750265038496319,0.48701978,0.21887136,0.10659468,0.24350989,Q2
tx_000801,0,0.44358652651858904,0.15136785709330902,0.5048596,0.45139512,0.4712449,0.47422308,Q3
tx_000802,0,0.2221893317634475,0.17938064628826522,0.5083379,0.5768639,0.38725814,0.36526364,Q4
tx_000803,0,0.040492471653826995,0.08437903399065726,0.5083379,0.13820508,0.10515109,0.2744152,Q1
tx_000804,0,0.035144264045144785,0.0938849738367123,0.48701978,0.16657738,0.11041651,0.26108202,Q1
tx_000805,0,0.04905050190821081,0.15470970819433788,0.48701978,0.4689839,0.25445104,0.26803514,Q3
tx_000806,0,0.0,0.09595596145973784,0.48567894,0.17363024,0.08432855,0.24283947,Q1
tx_000807,0,0.37365041279126254,0.08974550653478966,0.5083379,0.15342963,0.39431548,0.44099414,Q1
tx_000808,0,0.19613934816844006,0.17249371844687714,0.49268475,0.55116004,0.35958332,0.34441206,Q4
tx_000809,0,0.12095925274262294,0.09907420209909126,0.4853883,0.18485752,0.18832672,0.30317378,Q1
tx_000810,0,0.17009851336366666,0.14915010773892942,0.48701978,0.4394476,0.3093688,0.32855916,Q3
tx_000811,0,0.45298411668434146,0.1403475150428259,0.4853883,0.39053643,0.46563914,0.46918622,Q3
tx_000812,1,0.6678362061625025,0.17478792772320986,0.4837173,0.56012094,0.56470734,0.57577676,Q4
tx_000813,0,0.3050219793832822,0.13685584268499607,0.50806487,0.3708087,0.38031203,0.40654343,Q3
tx_000814,0,0.14615988696519513,0.1475704535522021,0.48701978,0.43082353,0.29301035,0.31658983,Q3
tx_000815,0,0.19507716766773747,0.09862524105548194,0.504366,0.18319577,0.25173756,0.34972158,Q1
tx_000816,0,0.06853482802906216,0.08193245791625164,0.48701978,0.13191499,0.12373927,0.2777773,Q1
tx_000817,0,0.09685952219252082,0.14933772179252258,0.48701978,0.44046593,0.2687118,0.29193965,Q3
tx_000818,0,0.14973593504526617,0.1358980086200399,0.5085419,0.3653962,0.28084227,0.3291389,Q3
tx_000819,0,0.23505698082651014,0.12709034967566768,0.48701978,0.31625283,0.31474093,0.3610384,Q2
tx_000820,0,0.45169671512171417,0.12714413704525676,0.48701978,0.31654707,0.46287817,0.46935827,Q2
tx_000821,0,0.05203595156060581,0.10338024847394413,0.48827294,0.2015699,0.13996819,0.27015445,Q1
tx_000822,0,0.13753292991638547,0.09287652158521645,0.4853883,0.16325858,0.19432332,0.3114606,Q1
tx_000823,0,0.37348346916615216,0.20936757594032784,0.48701978,0.65055084,0.4473446,0.43025163,Q4
tx_000824,0,0.16252082885676858,0.1685218732395899,0.49243775,0.53471285,0.33893162,0.3274793,Q4
tx_000825,0,0.0,0.08775055549684953,0.49272913,0.1475352,0.07269489,0.24636456,Q1
tx_000826,0,0.27001067222932795,0.18949631810738787,0.48701978,0.6082372,0.4020037,0.37851524,Q4
tx_000827,0,0.1625291947346808,0.14441063675283516,0.48701978,0.41333944,0.29665396,0.3247745,Q3
tx_000828,0,0.12358510709190251,0.1636386521712197,0.4881508,0.5129155,0.3105765,0.30586797,Q4
tx_000829,1,0.9986637682904476,0.13793676352309575,0.5083379,0.37691933,0.8138505,0.7535008,Q3
tx_000830,0,0.0,0.08332049648646386,0.48701978,0.13543506,0.06595955,0.24350989,Q1
tx_000831,0,0.2517924668820208,0.15387329108149667,0.48701978,0.46463272,0.36108676,0.3694061,Q3
tx_000832,0,0.32308554769878844,0.11183265337624415,0.48701978,0.23837,0.36216256,0.40505266,Q2
tx_000833,0,0.31069208207976895,0.14404342383102337,0.50358826,0.41129076,0.39002848,0.40714017,Q3
tx_000834,0,0.3356173658635764,0.2024743700432614,0.48701978,0.63841903,0.43227553,0.41131857,Q4
tx_000835,0,0.0,0.135629078945344,0.49274772,0.36387736,0.17929974,0.24637386,Q3
tx_000836,1,0.6074160979218727,0.1440688165381199,0.50384265,0.41143253,0.56480265,0.5556294,Q3
tx_000837,0,0.08366803849281568,0.10566132507657275,0.48494267,0.21098799,0.16833216,0.28430536,Q2
tx_000838,1,0.839857833338193,0.117512026826911,0.48701978,0.26585534,0.74605393,0.6634388,Q2
tx_000839,0,0.14511751721464036,0.13273321237056224,0.48701978,0.34756693,0.26395145,0.31606865,Q3
tx_000840,0,0.27733831733641645,0.10633832038673637,0.48701978,0.21385753,0.3221803,0.38217905,Q2
tx_000841,0,0.17802150412585274,0.15730866199566915,0.48701978,0.4822655,0.3270407,0.33252063,Q3
tx_000842,0,0.0,0.11705926011592932,0.48567894,0.2635904,0.1280203,0.24283947,Q2
tx_000843,0,0.20262959378796713,0.10109545052933216,0.4924004,0.1925278,0.25841856,0.347515,Q1
tx_000844,0,0.0,0.10220823286744919,0.49275014,0.19688247,0.09701387,0.24637507,Q1
tx_000845,0,0.040389267235683174,0.10213623541222709,0.48701978,0.19659786,0.12819587,0.2637045,Q1
tx_000846,0,0.08130131443810967,0.14221082083357622,0.48701978,0.4010265,0.24400517,0.28416055,Q3
tx_000847,0,0.1454042247788481,0.17286248194474735,0.5045463,0.55262715,0.34387589,0.32497525,Q4
tx_000848,0,0.3964692273878682,0.1826196654846304,0.50315434,0.58771956,0.45917016,0.4498118,Q4
tx_000849,0,0.09175932256104923,0.13229639897737572,0.48701978,0.3451167,0.2281703,0.28938955,Q3
tx_000850,0,0.32331925013989365,0.09232488026336187,0.48701978,0.1614749,0.34975278,0.40516952,Q1
tx_000851,0,0.48501998092379234,0.16933868087484188,0.4853883,0.53819096,0.48521823,0.48520416,Q4
tx_000852,0,0.17610478103880375,0.15627759063753513,0.4855475,0.477041,0.32372165,0.33082616,Q3
tx_000853,0,0.4604199378570323,0.1801303108567857,0.48701978,0.57944596,0.47583312,0.47371984,Q4
tx_000854,0,0.2516525898154759,0.15503772572181368,0.4853883,0.47068042,0.36166742,0.36852044,Q3
tx_000855,0,0.3283623481346327,0.13041801919945545,0.48701978,0.3346225,0.38145268,0.40769106,Q2
tx_000856,0,0.08506763637786267,0.15226338654398108,0.48701978,0.45616034,0.26842225,0.2860437,Q3
tx_000857,0,0.49581969416506577,0.11667005430371966,0.48701978,0.26165316,0.49351716,0.49141973,Q2
tx_000858,1,0.7385822356127089,0.1168245895708707,0.48507497,0.26242125,0.67205656,0.6118286,Q2
tx_000859,1,0.6766167088889072,0.13388905049689007,0.48701978,0.35406497,0.6094871,0.5818182,Q3
tx_000860,0,0.14534456702605653,0.16074509120351024,0.4860448,0.49922192,0.3154296,0.3156947,Q4
tx_000861,0,0.0,0.11960592050547182,0.49217927,0.27648324,0.13607933,0.24608964,Q2
tx_000862,0,0.25412725188103946,0.11972388518427765,0.49121785,0.2770892,0.3198225,0.37267256,Q2
tx_000863,0,0.20549622969391731,0.10773363153404492,0.49337775,0.21987778,0.26879498,0.349437,Q2
tx_000864,0,0.24280054398897952,0.16382636305795253,0.48701978,0.51378447,0.3682766,0.36491016,Q4
tx_000865,0,0.07198304840463449,0.08271569206417262,0.4923267,0.13388574,0.12826106,0.2821549,Q1
tx_000866,0,0.22066006333869717,0.12222554159081708,0.4926675,0.29011098,0.2995724,0.35666376,Q2
tx_000867,0,0.30791126024009313,0.1344358339114589,0.48494267,0.35714513,0.37113714,0.39642698,Q3
tx_000868,1,0.6517454309321685,0.15256805391612155,0.48701978,0.45777318,0.5763384,0.5693826,Q3
tx_000869,0,0.442373108583619,0.20303298034571632,0.48701978,0.6394939,0.47092438,0.46469644,Q4
tx_000870,0,0.2830842829772976,0.14334985827410168,0.48372433,0.40741357,0.36482775,0.3834043,Q3
tx_000871,0,0.27928780315750684,0.1701840406631926,0.50646555,0.5417387,0.40235877,0.39287668,Q4
tx_000872,0,0.09607389222993687,0.10533135920901442,0.48701978,0.20960164,0.1780168,0.29154682,Q2
tx_000873,0,0.19342487213483484,0.13238919846395314,0.48368222,0.345637,0.29374856,0.33855355,Q3
tx_000874,0,0.0,0.15082729542844647,0.48782173,0.44850162,0.21878883,0.24391086,Q3
tx_000875,1,0.7997940727894448,0.08999908738269223,0.48467806,0.15419921,0.7512034,0.64223605,Q1
tx_000876,0,0.16625455784033696,0.08028794308468898,0.49039277,0.12790588,0.20771375,0.32832366,Q1
tx_000877,0,0.22307530664798236,0.09502334567201871,0.48701978,0.17041452,0.2680553,0.35504752,Q1
tx_000878,0,0.13124899807978294,0.08940464552289844,0.48701978,0.15240242,0.18546933,0.3091344,Q1
tx_000879,0,0.32332107755711526,0.18551248200592452,0.48567894,0.59676224,0.42021012,0.4045,Q4
tx_000880,0,0.05090694140712321,0.08798543485669966,0.48701978,0.14821456,0.11554521,0.26896337,Q1
tx_000881,1,0.672389170492434,0.15402904191819503,0.5035085,0.46544564,0.5937844,0.5879488,Q3
tx_000882,0,0.12839367759417303,0.1472933434512045,0.48701978,0.42930192,0.28235254,0.3077067,Q3
tx_000883,0,0.051668598776284186,0.14754318987491438,0.48701978,0.430674,0.23916303,0.26934418,Q3
tx_000884,1,0.6177442627784984,0.1226895119430589,0.48701978,0.2925602,0.5794995,0.552382,Q2
tx_000885,0,0.33022155448298074,0.1963912653084578,0.4853883,0.62556684,0.42728874,0.40780494,Q4
tx_000886,0,0.25102373823332136,0.0810215212265473,0.484173,0.12967287,0.28125685,0.36759835,Q1
tx_000887,0,0.36926795757298625,0.11583212298001008,0.48701978,0.25751352,0.39959067,0.42814386,Q2
tx_000888,0,0.12815725890487276,0.14753790625655133,0.50826925,0.43064496,0.29185057,0.31821325,Q3
tx_000889,0,0.3125182879424415,0.18800698359698093,0.48494267,0.60407746,0.41667598,0.3987305,Q4
tx_000890,0,0.08716574559447375,0.11869586568399014,0.5039654,0.27183378,0.20046596,0.29556555,Q2
tx_000891,0,0.03731515858812895,0.08979765302254651,0.49217927,0.1535875,0.1071766,0.2647472,Q1
tx_000892,0,0.23421397095700916,0.10703594261142013,0.48701978,0.21684973,0.28903484,0.36061686,Q2
tx_000893,0,0.1662127069648074,0.16167538404758688,0.5039654,0.50368494,0.33633363,0.33508903,Q4
tx_000894,0,0.31991442772100137,0.18257717876977902,0.4859777,0.58758223,0.41749027,0.40294605,Q4
tx_000895,0,0.21850409151124742,0.10549275946318426,0.4925903,0.21027873,0.2761386,0.3555472,Q2
tx_000896,0,0.020617679657662147,0.12015299156371873,0.48701978,0.2792999,0.15088375,0.25381872,Q2
tx_000897,0,0.3845222431523583,0.11531925356542896,0.4924586,0.25500113,0.41204613,0.43849042,Q2
tx_000898,0,0.0,0.08155524902941001,0.5037015,0.13098007,0.06597486,0.25185075,Q1
tx_000899,0,0.153893771654855,0.150793841493016,0.49526298,0.44832212,0.30693713,0.32457837,Q3
tx_000900,0,0.2586039018039488,0.1391892492548155,0.48519173,0.38399783,0.34561312,0.37189782,Q3
tx_000901,0,0.19117617432483303,0.13711048560614048,0.5081495,0.3722481,0.3091689,0.34966284,Q3
tx_000902,1,0.9696576250753908,0.1377125108093188,0.48701978,0.3756515,0.78835404,0.7283387,Q3
tx_000903,1,0.6991045485798063,0.1233232255331779,0.48701978,0.29592153,0.6363441,0.59306216,Q2
tx_000904,0,0.47474529223501133,0.1386526506053722,0.48701978,0.3809659,0.47942144,0.48088253,Q3
tx_000905,0,0.09519863381637392,0.10271478202945517,0.48701978,0.19889572,0.17313018,0.2911092,Q1
tx_000906,0,0.3167275086400668,0.09279915818145082,0.48701978,0.16300707,0.34448636,0.40187365,Q1
tx_000907,0,0.29550053943865534,0.16459138974007587,0.4853883,0.51730055,0.39372957,0.39044443,Q4
tx_000908,0,0.0,0.14066931419494622,0.48701978,0.39235106,0.19108273,0.24350989,Q3
tx_000909,0,0.34880141104637785,0.09092148184377533,0.48701978,0.15703766,0.37050688,0.41791058,Q1
tx_000910,0,0.3861332548570138,0.20700212618743152,0.48701978,0.64665735,0.45137227,0.43657652,Q4
tx_000911,1,0.584594519903006,0.13123244349350938,0.48701978,0.33916336,0.55150074,0.53580713,Q2
tx_000912,0,0.326392113705244,0.11843794700207635,0.49217927,0.27052444,0.3712416,0.4092857,Q2
tx_000913,0,0.009130898777090363,0.08657874525805413,0.4855475,0.14420357,0.07783188,0.2473392,Q1
tx_000914,0,0.21371294278473646,0.10791511582766491,0.4857083,0.22067124,0.2737345,0.3497106,Q2
tx_000915,0,0.21012457265279622,0.14694418388567648,0.48701978,0.42738113,0.32846433,0.34857216,Q3
tx_000916,0,0.14396327680545862,0.13091103144884073,0.49124524,0.3373696,0.26112565,0.31760424,Q2
tx_000917,0,0.2343136086411962,0.09309046898802592,0.49263722,0.16395637,0.27666742,0.3634754,Q1
tx_000918,0,0.3819146100860551,0.13992721073649864,0.48701978,0.38816488,0.42271274,0.4344672,Q3
tx_000919,0,0.19761860105166662,0.08356036778488564,0.48701978,0.13605623,0.23699343,0.3423192,Q1
tx_000920,0,0.5972168563169753,0.15389468963391023,0.48701978,0.4647445,0.54600334,0.5421183,Q3
tx_000921,0,0.19269416851161972,0.12363909525697206,0.48701978,0.29760376,0.28028658,0.33985698,Q2
tx_000922,0,0.25383507519478876,0.0922394181246293,0.4855475,0.16120055,0.29118726,0.3696913,Q1
tx_000923,0,0.33955761452139416,0.18165957802810298,0.48701978,0.58458304,0.4257615,0.4132887,Q4
tx_000924,0,0.3991575177541105,0.10410306648171412,0.48701978,0.20451222,0.41712645,0.44308865,Q1
tx_000925,0,0.14761103462354347,0.092030116276942,0.48567894,0.16053095,0.20188141,0.316645,Q1
tx_000926,0,0.19673995083347842,0.13023369211284752,0.48701978,0.33359692,0.29357642,0.34187987,Q2
tx_000927,1,0.5153503020104404,0.21784932332796064,0.48701978,0.66245675,0.49658257,0.50118506,Q4
tx_000928,1,0.748098150708042,0.16650154557675167,0.48607215,0.52590096,0.6102984,0.61708516,Q4
tx_000929,0,0.008692697149578404,0.08686337235295712,0.48701978,0.145004,0.078052044,0.24785623,Q1
tx_000930,0,0.20923757854917574,0.12934289469354648,0.48701978,0.3286528,0.30053145,0.34812868,Q2
tx_000931,0,0.06854344085817532,0.15472761993944534,0.48701978,0.4690767,0.26484093,0.2777816,Q3
tx_000932,0,0.33115281254381573,0.19028862940096308,0.49194714,0.6103882,0.4292998,0.41155,Q4
tx_000933,1,0.866035201280706,0.1598465699289072,0.48701978,0.49485868,0.67847615,0.6765275,Q4
tx_000934,0,0.06413021469569552,0.087637222494487,0.5080042,0.1472088,0.12947237,0.2860672,Q1
tx_000935,0,0.1917167944170969,0.13947384575907676,0.48519173,0.38560528,0.3048823,0.33845425,Q3
tx_000936,0,0.15195144807602876,0.12921567562882735,0.50425047,0.32794836,0.26748735,0.32810095,Q2
tx_000937,0,0.1866569173343254,0.1725933052610298,0.4855475,0.5515573,0.3515122,0.33610222,Q4
tx_000938,0,0.22978141599869087,0.1080297119892911,0.48701978,0.22117348,0.28667572,0.35840058,Q2
tx_000939,0,0.18150091723251568,0.14428061760734567,0.48701978,0.41261435,0.30756238,0.33426034,Q3
tx_000940,0,0.20254827211234422,0.1763042338285722,0.48701978,0.565825,0.36350936,0.34478402,Q4
tx_000941,0,0.09755003419603726,0.14918190602471743,0.48701978,0.4396203,0.26876885,0.2922849,Q3
tx_000942,0,0.31456275890750907,0.11733389001977339,0.4903269,0.26496282,0.36113375,0.40244484,Q2
tx_000943,1,0.5556169026930409,0.12881316708213725,0.48701978,0.3257228,0.5332733,0.5213183,Q2
tx_000944,0,0.14536900854099785,0.09888650192827092,0.48701978,0.18416095,0.20828775,0.3161944,Q1
tx_000945,0,0.0,0.11016674643145793,0.48494267,0.23071186,0.11188203,0.24247134,Q2
tx_000946,0,0.34126225194245935,0.17620393759134584,0.484617,0.56545305,0.42232263,0.4129396,Q4
tx_000947,0,0.39287968724692707,0.0814003435255735,0.50646555,0.1305988,0.4077139,0.44967264,Q1
tx_000948,0,0.38273082422876215,0.19033622843471204,0.5080482,0.610516,0.45923907,0.4453895,Q4
tx_000949,0,0.10876404775803297,0.16219879966017242,0.48374262,0.50617105,0.29856735,0.29625332,Q4
tx_000950,0,0.12216086719727881,0.10535909894226926,0.48701978,0.20971788,0.19867831,0.3045903,Q2
tx_000951,0,0.2597077952309231,0.1382854292535061,0.48701978,0.37889028,0.3458341,0.3733638,Q3
tx_000952,1,0.7301450924539896,0.18072002578678448,0.48775354,0.58144754,0.5892071,0.6089493,Q4
tx_000953,0,0.4301232304516014,0.12436345511261968,0.48701978,0.30147806,0.4472763,0.4585715,Q2
tx_000954,0,0.08308824501913534,0.1366735779976762,0.49268475,0.3697785,0.23454823,0.2878865,Q3
tx_000955,0,0.23857595452502284,0.14992828401960923,0.5048142,0.4436624,0.35669586,0.37169507,Q3
tx_000956,0,0.24697564897726937,0.08140107668963556,0.48567894,0.13060062,0.27815044,0.3663273,Q1
tx_000957,0,0.0019398384015159864,0.08519224423760761,0.48701978,0.14038424,0.07003742,0.2444798,Q1
tx_000958,0,0.3156700248992159,0.19848106041340524,0.4858285,0.63022614,0.42290834,0.40074927,Q4
tx_000959,0,0.1915781735814679,0.15247415053709673,0.48701978,0.45727652,0.3266767,0.33929896,Q3
tx_000960,0,0.29533842444604075,0.16776288493092983,0.48567894,0.5314372,0.39649248,0.39050868,Q4
tx_000961,0,0.40974691548873665,0.19992721103682834,0.48701978,0.63329846,0.45868373,0.44838333,Q4
tx_000962,0,0.26360285657099347,0.17631754145599748,0.5079431,0.5658743,0.4018687,0.38577297,Q4
tx_000963,0,0.037841743072426326,0.10666716786234937,0.48567894,0.21526355,0.13424477,0.26176035,Q2
tx_000964,1,0.555967143756169,0.16119051245342042,0.4853883,0.50136584,0.52058136,0.52067775,Q4
tx_000965,0,0.28393988186337515,0.12141331452238938,0.50398856,0.2858484,0.34684044,0.39396423,Q2
tx_000966,0,0.4583534533307458,0.14423185030529706,0.4853883,0.41234234,0.46950108,0.4718709,Q3
tx_000967,0,0.328739053248686,0.14418595473080126,0.50450015,0.41208628,0.4011678,0.4166196,Q3
tx_000968,0,0.06484758331307003,0.13324492922600573,0.48701978,0.3504414,0.2127942,0.27593368,Q3
tx_000969,0,0.0,0.12132299011448472,0.48701978,0.2853764,0.13898395,0.24350989,Q2
tx_000970,0,0.44716930020630463,0.17791921499199728,0.5045463,0.57170886,0.47997224,0.4758578,Q4
tx_000971,0,0.3344177806109379,0.16218126745598582,0.48701978,0.5060881,0.41164786,0.4107188,Q4
tx_000972,0,0.0,0.1466513806504048,0.50600255,0.42576754,0.21543945,0.25300127,Q3
tx_000973,0,0.07117804691022564,0.11720090245429904,0.48701978,0.26429766,0.18108404,0.27909893,Q2
tx_000974,1,0.8164941729272864,0.12111190448511938,0.49679798,0.28427497,0.7256126,0.6566461,Q2
tx_000975,1,0.7086265518742639,0.16705288203630464,0.48701978,0.528335,0.5915439,0.59782314,Q4
tx_000976,0,0.18454275022825894,0.11652707510384566,0.48701978,0.26094377,0.26347226,0.33578128,Q2
tx_000977,0,0.20305996286263484,0.17201366863080908,0.50785214,0.54923475,0.37046242,0.35545605,Q4
tx_000978,1,0.7824878347897924,0.1673753221683789,0.5065898,0.5297484,0.63633126,0.64453876,Q4
tx_000979,0,0.030800159507730934,0.10332978337248067,0.48701978,0.20136595,0.12266725,0.25890997,Q1
tx_000980,0,0.043134675660776556,0.11787407573993926,0.48701978,0.26767516,0.16195169,0.26507723,Q2
tx_000981,0,0.16775702900291403,0.13146796610525674,0.5043906,0.3404793,0.28237382,0.33607382,Q2
tx_000982,1,0.8355963678050755,0.09146524139908395,0.49032697,0.15873985,0.78078836,0.66296166,Q1
tx_000983,0,0.4266010632141121,0.15041575832200138,0.48701978,0.44629052,0.45356536,0.4568104,Q3
tx_000984,0,0.033104765051873486,0.10859476510145302,0.48404577,0.22366384,0.13396397,0.25857526,Q2
tx_000985,0,0.29060657743803614,0.08913869204679778,0.48701978,0.15160674,0.32038414,0.3888132,Q1
tx_000986,0,0.4312959451866845,0.1490519210615252,0.49540338,0.43891415,0.4594336,0.46334964,Q3
tx_000987,0,0.2052652365527835,0.13321072794140945,0.48701978,0.35024917,0.30394953,0.3461425,Q3
tx_000988,0,0.41902986649964324,0.12094979597643307,0.48701978,0.28343055,0.43830028,0.4530248,Q2
tx_000989,0,0.18901957198504837,0.11081855745623645,0.48701978,0.23368534,0.25865784,0.33801967,Q2
tx_000990,0,0.2887269677515342,0.17683409924118576,0.48701978,0.5677772,0.4013131,0.38787335,Q4
tx_000991,0,0.1666143067750108,0.09385620435615391,0.48701978,0.16648167,0.21995595,0.32681704,Q1
tx_000992,0,0.2686556955365867,0.19175558765715411,0.5035372,0.6142587,0.41293368,0.38609642,Q4
tx_000993,0,0.09264738340231359,0.08222986905913632,0.4853883,0.13265862,0.14474785,0.28901786,Q1
tx_000994,1,0.5920940904892353,0.09353535174553657,0.48648122,0.16541824,0.57462376,0.5392876,Q1
tx_000995,0,0.39289658614643386,0.08711025172317093,0.48701978,0.14570285,0.4066106,0.43995818,Q1
tx_000996,0,0.04583964344916905,0.11503803836807994,0.4853883,0.25363055,0.15732262,0.26561397,Q2
tx_000997,0,0.20748653773316256,0.11142051959552463,0.49025258,0.2364576,0.27434874,0.34886956,Q2
tx_000998,0,0.2106916531707919,0.1457183323623853,0.48567894,0.4206087,0.3263537,0.3481853,Q3
tx_000999,0,0.36156741504647805,0.10382064049203023,0.48701978,0.2033579,0.38707912,0.42429358,Q1
